Reg,Regulator,TargetGene,Weight,Module
YKL106C-A_YEL032C-A,YKL106C-A,YEL032C-A,0.0902273032887603,1
YKL106C-A_YBR252W,YKL106C-A,YBR252W,0.0121221528674176,1
YKL106C-A_YJL205C,YKL106C-A,YJL205C,0.0261935084842145,1
YKL106C-A_YPR183W,YKL106C-A,YPR183W,0.0117901323658429,1
YKL106C-A_YLR062C,YKL106C-A,YLR062C,0.0136169867778252,1
YKL106C-A_snR18,YKL106C-A,snR18,0.0813876563381492,1
YKL106C-A_YCR038W-A,YKL106C-A,YCR038W-A,0.0388687567419067,1
YKL106C-A_YDL061C,YKL106C-A,YDL061C,0.0414808252759023,1
YKL106C-A_YBR261C,YKL106C-A,YBR261C,0.010708079184902,1
YKL106C-A_YMR307C-A,YKL106C-A,YMR307C-A,0.0116237478161712,1
YKL106C-A_snR161,YKL106C-A,snR161,0.0120661413333827,1
YKL106C-A_snR128,YKL106C-A,snR128,0.0417242638529419,1
YKL106C-A_YAL019W-A,YKL106C-A,YAL019W-A,0.0130240313793589,1
YKL106C-A_snR40,YKL106C-A,snR40,0.0460291654045095,1
YKL106C-A_YMR123W,YKL106C-A,YMR123W,0.0100088138374629,1
YKL106C-A_YLR264W,YKL106C-A,YLR264W,0.0222289641454002,1
YKL106C-A_YOR302W,YKL106C-A,YOR302W,0.0556867835179548,1
YKL106C-A_YKR057W,YKL106C-A,YKR057W,0.029807343229781,1
YKL106C-A_YLR162W-A,YKL106C-A,YLR162W-A,0.0113463975930149,1
YKL106C-A_YBR056C-B,YKL106C-A,YBR056C-B,0.0243139221318957,1
YKL106C-A_YJL136C,YKL106C-A,YJL136C,0.0125155315234376,1
YKL106C-A_YNL070W,YKL106C-A,YNL070W,0.0102081378138534,1
YKL106C-A_YNL028W,YKL106C-A,YNL028W,0.0101953248840823,1
YKL106C-A_YCR047W-A,YKL106C-A,YCR047W-A,0.0387237735106769,1
YKL106C-A_YKR045C,YKL106C-A,YKR045C,0.0110899990363867,1
YKL106C-A_YDR500C,YKL106C-A,YDR500C,0.0126224145961434,1
YKL106C-A_YDL114W-A,YKL106C-A,YDL114W-A,0.0242425278742598,1
YPR182W_YDR354C-A,YPR182W,YDR354C-A,0.0255472087889372,1
YPR182W_YCL048W-A,YPR182W,YCL048W-A,0.0100567880566599,1
YPR182W_YOL039W,YPR182W,YOL039W,0.0105403114178809,1
YPR182W_YDL025W-A,YPR182W,YDL025W-A,0.0127891888844683,1
YPR182W_YPL135C-A,YPR182W,YPL135C-A,0.0367426381736651,1
YEL032C-A_YKL106C-A,YEL032C-A,YKL106C-A,0.0887114432772751,1
YEL032C-A_YBR252W,YEL032C-A,YBR252W,0.0196904702760082,1
YEL032C-A_YJL205C,YEL032C-A,YJL205C,0.0365620885402518,1
YEL032C-A_YLR062C,YEL032C-A,YLR062C,0.0212567608638102,1
YEL032C-A_YDR194W-A,YEL032C-A,YDR194W-A,0.0112067614093441,1
YEL032C-A_snR18,YEL032C-A,snR18,0.122393887507261,1
YEL032C-A_YCR038W-A,YEL032C-A,YCR038W-A,0.0555595943790779,1
YEL032C-A_YDL061C,YEL032C-A,YDL061C,0.0699669379000501,1
YEL032C-A_YPR113W,YEL032C-A,YPR113W,0.0100872166074539,1
YEL032C-A_YML129C,YEL032C-A,YML129C,0.0697964699156126,1
YEL032C-A_YMR307C-A,YEL032C-A,YMR307C-A,0.0177779731876354,1
YEL032C-A_snR161,YEL032C-A,snR161,0.0186687889431113,1
YEL032C-A_snR128,YEL032C-A,snR128,0.0647968532841586,1
YEL032C-A_tV(AAC)O,YEL032C-A,tV(AAC)O,0.152636017702119,1
YEL032C-A_YDR246W-A,YEL032C-A,YDR246W-A,0.0172913412057034,1
YEL032C-A_YMR272W-A,YEL032C-A,YMR272W-A,0.103543177363726,1
YEL032C-A_YHR073W-A,YEL032C-A,YHR073W-A,0.0398449202168646,1
YEL032C-A_YMR123W,YEL032C-A,YMR123W,0.0154699988046451,1
YEL032C-A_YLR264W,YEL032C-A,YLR264W,0.0325457940049982,1
YEL032C-A_YKR057W,YEL032C-A,YKR057W,0.0451171959539747,1
YEL032C-A_YJL047C-A,YEL032C-A,YJL047C-A,0.0149981897678072,1
YEL032C-A_YLR162W-A,YEL032C-A,YLR162W-A,0.0173958466909068,1
YEL032C-A_YBR056C-B,YEL032C-A,YBR056C-B,0.0360532548196116,1
YEL032C-A_YNL070W,YEL032C-A,YNL070W,0.0152390008262852,1
YEL032C-A_YLR185W,YEL032C-A,YLR185W,0.0299877607357707,1
YEL032C-A_YMR013C-A,YEL032C-A,YMR013C-A,0.0175639890458555,1
YEL032C-A_YLR390W,YEL032C-A,YLR390W,0.0123712260866693,1
YEL032C-A_YBR196C-B,YEL032C-A,YBR196C-B,0.0132507028846499,1
YEL032C-A_YDL240C-A,YEL032C-A,YDL240C-A,0.0144292292403166,1
YEL032C-A_snR85,YEL032C-A,snR85,0.0397694168923205,1
YEL032C-A_YOR394C-A,YEL032C-A,YOR394C-A,0.0154812001232022,1
YEL032C-A_YPL102C,YEL032C-A,YPL102C,0.013096154445471,1
YEL032C-A_YNL028W,YEL032C-A,YNL028W,0.0157661760128483,1
YEL032C-A_YNL144W-A,YEL032C-A,YNL144W-A,0.0164672158515143,1
YEL032C-A_snR62,YEL032C-A,snR62,0.0182603758616242,1
YEL032C-A_YCR047W-A,YEL032C-A,YCR047W-A,0.0526784396375635,1
YEL032C-A_snR39,YEL032C-A,snR39,0.129739214604677,1
YEL032C-A_YNL162W-A,YEL032C-A,YNL162W-A,0.0252488951959459,1
YEL032C-A_YPL252C,YEL032C-A,YPL252C,0.0133273907071466,1
YEL032C-A_YMR202W,YEL032C-A,YMR202W,0.0115280168596397,1
YEL032C-A_YDR500C,YEL032C-A,YDR500C,0.0191653892635416,1
snR73_YEL008C-A,snR73,YEL008C-A,0.0282417363704329,1
YBL071C-B_YDR382W,YBL071C-B,YDR382W,0.0110378235965121,1
YBL071C-B_YML058W,YBL071C-B,YML058W,0.0102001470288316,1
YBL071C-B_snR57,YBL071C-B,snR57,0.0244622428445572,1
YBL071C-B_YJL136W-A,YBL071C-B,YJL136W-A,0.0286655304744837,1
YBL071C-B_YLR110C,YBL071C-B,YLR110C,0.0107549317947775,1
YBL071C-B_YBL006W-A,YBL071C-B,YBL006W-A,0.0325579845706165,1
YBL071C-B_snR76,YBL071C-B,snR76,0.035516209693049,1
YBL071C-B_snR56,YBL071C-B,snR56,0.0103819405202352,1
YBL071C-B_YLR149C-A,YBL071C-B,YLR149C-A,0.0211436548281424,1
YBL071C-B_YDL081C,YBL071C-B,YDL081C,0.0121025005668381,1
YBL071C-B_YOL077W-A,YBL071C-B,YOL077W-A,0.0104737930350015,1
YBL071C-B_YOR314W-A,YBL071C-B,YOR314W-A,0.0210249928054292,1
YBL071C-B_snR71,YBL071C-B,snR71,0.0234217982516043,1
YBL071C-B_YPR036W-A,YBL071C-B,YPR036W-A,0.0162824779136443,1
YBL071C-B_YDR461W,YBL071C-B,YDR461W,0.0240829379257524,1
YBL071C-B_YPL037C,YBL071C-B,YPL037C,0.0129164363161781,1
YBL071C-B_YKL156W,YBL071C-B,YKL156W,0.0116844767236887,1
YBL071C-B_snR58,YBL071C-B,snR58,0.0195745703646321,1
YBL071C-B_YGR236C,YBL071C-B,YGR236C,0.0155306526893095,1
YBL071C-B_YML009C,YBL071C-B,YML009C,0.0151180003990856,1
YBL071C-B_YMR272W-B,YBL071C-B,YMR272W-B,0.0100353259273671,1
YBL071C-B_YPL189C-A,YBL071C-B,YPL189C-A,0.0409427418938609,1
YBL071C-B_YKL138C-A,YBL071C-B,YKL138C-A,0.0107564072488318,1
YBL071C-B_YDR210W,YBL071C-B,YDR210W,0.0136667181628555,1
YBL071C-B_YOL097W-A,YBL071C-B,YOL097W-A,0.0205698375582886,1
YBL071C-B_YMR194C-B,YBL071C-B,YMR194C-B,0.0130406972086746,1
YBL071C-B_YPR133W-A,YBL071C-B,YPR133W-A,0.0175862918016625,1
YBL071C-B_YDR119W-A,YBL071C-B,YDR119W-A,0.0141616824617805,1
YBL071C-B_YDR462W,YBL071C-B,YDR462W,0.0102101713247174,1
YBL071C-B_YEL059C-A,YBL071C-B,YEL059C-A,0.0110268546706814,1
YBL071C-B_YDR524C-B,YBL071C-B,YDR524C-B,0.0263800899616942,1
YBL071C-B_YMR174C,YBL071C-B,YMR174C,0.0142969887964193,1
YBL071C-B_YNL130C-A,YBL071C-B,YNL130C-A,0.0105248524978751,1
YBL071C-B_YLR099W-A,YBL071C-B,YLR099W-A,0.01779056872225,1
YBL071C-B_YMR251W-A,YBL071C-B,YMR251W-A,0.0210431041194792,1
YBL071C-B_snR4,YBL071C-B,snR4,0.010071388771494,1
YBL071C-B_YER138W-A,YBL071C-B,YER138W-A,0.0430920584458521,1
snR77_YEL032C-A,snR77,YEL032C-A,0.0746981281133922,1
snR77_YBR252W,snR77,YBR252W,0.0106984915985004,1
snR77_YLR062C,snR77,YLR062C,0.0110132278629528,1
snR77_YGR063C,snR77,YGR063C,0.0125315681119823,1
snR77_YLR402W,snR77,YLR402W,0.0407035641478918,1
snR77_YDL061C,snR77,YDL061C,0.0389705899376183,1
snR77_YML129C,snR77,YML129C,0.0457613336028126,1
snR77_YIL156W-B,snR77,YIL156W-B,0.0190419567922476,1
snR77_YDR034C-A,snR77,YDR034C-A,0.0256671383199531,1
snR77_YJL127W-A,snR77,YJL127W-A,0.0320751246844117,1
snR77_YDR276C,snR77,YDR276C,0.0357086596937868,1
snR77_YNL097W-A,snR77,YNL097W-A,0.0452690961544937,1
snR77_YPL136W,snR77,YPL136W,0.0133884308430004,1
snR77_YDR193W,snR77,YDR193W,0.010300738222603,1
snR77_YML081C-A,snR77,YML081C-A,0.0162469638753718,1
snR77_YDL184C,snR77,YDL184C,0.0552134838661273,1
snR77_YOR161C-C,snR77,YOR161C-C,0.0125728101254189,1
snR77_YGL030W,snR77,YGL030W,0.010696713594708,1
snR77_YMR272W-A,snR77,YMR272W-A,0.0727144412407822,1
snR77_YDL045W-A,snR77,YDL045W-A,0.0100487095087131,1
snR77_YOR381W-A,snR77,YOR381W-A,0.0108336941768266,1
snR77_YHR073W-A,snR77,YHR073W-A,0.0230658925758452,1
snR77_YJL052C-A,snR77,YJL052C-A,0.0226903830366619,1
snR77_tR(CCG)L,snR77,tR(CCG)L,0.0157194069373229,1
snR77_YOR146W,snR77,YOR146W,0.0110547115431669,1
snR77_YIL105W-A,snR77,YIL105W-A,0.0117591647605402,1
snR77_YNL086W,snR77,YNL086W,0.0121772046596254,1
snR77_tC(GCA)Q,snR77,tC(GCA)Q,-0.0111583365669366,1
snR77_YHR032C-A,snR77,YHR032C-A,-0.0162832815181004,1
snR77_snR13,snR77,snR13,0.017520194962844,1
snR77_YLR185W,snR77,YLR185W,0.0176588489588711,1
snR77_YMR013C-A,snR77,YMR013C-A,0.0107684704952702,1
snR77_YJR112W-A,snR77,YJR112W-A,0.0151687641098441,1
snR77_snR85,snR77,snR85,0.0227753055905377,1
snR77_YAL037C-A,snR77,YAL037C-A,0.0191110218003804,1
snR77_snR65,snR77,snR65,0.0310733025611164,1
snR77_YIL052C,snR77,YIL052C,0.0114993494423659,1
snR77_YGR105W,snR77,YGR105W,0.0148973835299808,1
snR77_YOR167C,snR77,YOR167C,0.0176689094478128,1
snR77_YJR085C,snR77,YJR085C,0.012694900008271,1
snR77_YNL162W-A,snR77,YNL162W-A,0.0137219661035517,1
snR77_YDR500C,snR77,YDR500C,0.010188441730073,1
snR77_YJR094W-A,snR77,YJR094W-A,0.01104636020215,1
snR77_YLR399W-A,snR77,YLR399W-A,0.0458191620330301,1
YGR068W-A_YDL232W,YGR068W-A,YDL232W,0.0558847795868659,1
YGR068W-A_YKL162C-A,YGR068W-A,YKL162C-A,0.016558148520521,1
YGR068W-A_YGL014C-A,YGR068W-A,YGL014C-A,0.0158823765861047,1
YDL232W_YKL106C-A,YDL232W,YKL106C-A,0.0522570169818648,1
YDL232W_YGR068W-A,YDL232W,YGR068W-A,0.0561212164854434,1
YDL232W_YKL162C-A,YDL232W,YKL162C-A,0.0264106754256684,1
YDL232W_YLR347W-A,YDL232W,YLR347W-A,0.0193887516578919,1
YDL232W_snR64,YDL232W,snR64,0.0606839464006097,1
YDL232W_YNR003W-A,YDL232W,YNR003W-A,0.0190638962922641,1
YDL232W_YEL017C-A,YDL232W,YEL017C-A,0.0406877844851465,1
YDL232W_YGR174W-A,YDL232W,YGR174W-A,0.022647930030498,1
YDL232W_YER090C-A,YDL232W,YER090C-A,0.0286132837829654,1
YDL232W_snR24,YDL232W,snR24,0.044280561624167,1
YDL232W_YGL014C-A,YDL232W,YGL014C-A,0.0273625807676432,1
YDL232W_YDR169C-A,YDL232W,YDR169C-A,0.0142768884805773,1
YDL232W_YHL015W-A,YDL232W,YHL015W-A,0.0507777536102989,1
YDL232W_YDL114W-A,YDL232W,YDL114W-A,0.0290221815255258,1
snR18_tV(AAC)O,snR18,tV(AAC)O,0.142668228203284,1
snR18_snR39,snR18,snR39,0.184635135738049,1
YLR402W_snR77,YLR402W,snR77,0.0381228855990584,1
YLR402W_YIL156W-B,YLR402W,YIL156W-B,0.0146558969929491,1
YLR402W_YJL062W-A,YLR402W,YJL062W-A,0.0126091467320297,1
YLR402W_YPL136W,YLR402W,YPL136W,0.0100115750818757,1
YLR402W_YLR388W,YLR402W,YLR388W,0.0118256518796734,1
YLR402W_snR85,YLR402W,snR85,0.0183000059818553,1
YLR402W_YGR105W,YLR402W,YGR105W,0.0112639111630399,1
YLR402W_YLR399W-A,YLR402W,YLR399W-A,0.0320853407423215,1
YJL136W-A_YGR236C,YJL136W-A,YGR236C,0.0118106408075775,1
YJL136W-A_snR50,YJL136W-A,snR50,0.0237719288774644,1
YJL136W-A_YMR256C,YJL136W-A,YMR256C,0.010044745136543,1
YJL136W-A_YLR099W-A,YJL136W-A,YLR099W-A,0.0137353148889597,1
YJL136W-A_YPL271W,YJL136W-A,YPL271W,0.0130472138111509,1
YJL136W-A_YPL135C-A,YJL136W-A,YPL135C-A,0.0253416679822947,1
YDL061C_YIL105W-A,YDL061C,YIL105W-A,0.0104359065797713,1
YBL006W-A_snR54,YBL006W-A,snR54,0.0107501120276388,1
YBL006W-A_YKL162C-A,YBL006W-A,YKL162C-A,0.0134486440342079,1
YBL006W-A_snR64,YBL006W-A,snR64,0.0318710035654706,1
YBL006W-A_YOR210W,YBL006W-A,YOR210W,0.011476223087439,1
YBL006W-A_YEL017C-A,YBL006W-A,YEL017C-A,0.0203549447054711,1
YBL006W-A_YGR174W-A,YBL006W-A,YGR174W-A,0.0108476813647494,1
YBL006W-A_YDR210W,YBL006W-A,YDR210W,0.0141066849778649,1
YBL006W-A_YNL130C-A,YBL006W-A,YNL130C-A,0.0120871649442398,1
snR76_snR54,snR76,snR54,0.014116846525044,1
snR76_YLR149C-A,snR76,YLR149C-A,0.0256183273040204,1
snR76_YOR335W-A,snR76,YOR335W-A,0.0228728586079717,1
snR76_YDL247W-A,snR76,YDL247W-A,0.0160450979915419,1
snR76_snR74,snR76,snR74,0.0314774329858052,1
snR76_YDL133C-A,snR76,YDL133C-A,0.0408404519858565,1
snR76_YMR272W-B,snR76,YMR272W-B,0.011699541964621,1
snR76_YMR194C-B,snR76,YMR194C-B,0.0152000227048759,1
snR76_YDR371C-A,snR76,YDR371C-A,0.0316029186747435,1
snR76_tE(UUC)M,snR76,tE(UUC)M,0.035994739463989,1
snR76_YMR251W-A,snR76,YMR251W-A,0.0247561197099786,1
YLR149C-A_tN(GUU)Q,YLR149C-A,tN(GUU)Q,-0.0134583115410742,1
snR87_YGL006W-A,snR87,YGL006W-A,0.0194618824020571,1
snR87_YNL145W,snR87,YNL145W,0.0117510938579385,1
snR87_snR38,snR87,snR38,0.0176524617151412,1
snR87_YER090C-A,snR87,YER090C-A,0.0283584544923571,1
snR87_YBR141W-A,snR87,YBR141W-A,0.136998116244712,1
YML129C_YLR062C,YML129C,YLR062C,0.0106744221093087,1
YML129C_YDL184C,YML129C,YDL184C,0.0472970184861454,1
YML129C_YHR073W-A,YML129C,YHR073W-A,0.0212718508867753,1
YML129C_YIL105W-A,YML129C,YIL105W-A,0.0110000016315322,1
YML129C_YLR185W,YML129C,YLR185W,0.0164518152162321,1
YML129C_YMR013C-A,YML129C,YMR013C-A,0.0101749916080903,1
YML129C_snR65,YML129C,snR65,0.0276266626453767,1
YML129C_YIL052C,YML129C,YIL052C,0.0104124582225929,1
YML129C_YNL162W-A,YML129C,YNL162W-A,0.0137781965616127,1
YEL008C-A_YGL006W-A,YEL008C-A,YGL006W-A,0.0200642110504885,1
YEL008C-A_snR87,YEL008C-A,snR87,0.0753840609719758,1
YEL008C-A_snR38,YEL008C-A,snR38,0.0187647383385245,1
YEL008C-A_YOR186C-A,YEL008C-A,YOR186C-A,0.0189666927941941,1
YEL008C-A_snR67,YEL008C-A,snR67,0.0880568735262458,1
YEL008C-A_YER090C-A,YEL008C-A,YER090C-A,0.0290087088938046,1
YEL008C-A_YJR151W-A,YEL008C-A,YJR151W-A,0.0886972846866964,1
YEL008C-A_YBR141W-A,YEL008C-A,YBR141W-A,0.141034651032608,1
YEL008C-A_snR72,YEL008C-A,snR72,0.0181091886358537,1
YEL008C-A_snR55,YEL008C-A,snR55,0.0514599036409749,1
YEL008C-A_snR39,YEL008C-A,snR39,0.136829520694494,1
YEL008C-A_snR39B,YEL008C-A,snR39B,0.0777703558769301,1
YJL127W-A_snR73,YJL127W-A,snR73,-0.0127622739240417,1
YJL127W-A_YHR032C-A,YJL127W-A,YHR032C-A,-0.0110908945765404,1
YDR276C_YLR402W,YDR276C,YLR402W,0.0246125312937861,1
YDR276C_YML081C-A,YDR276C,YML081C-A,0.0100110433705101,1
YDR276C_YJL052C-A,YDR276C,YJL052C-A,0.014064403551048,1
YDR276C_snR13,YDR276C,snR13,0.0107572524241399,1
YDR276C_YAL037C-A,YDR276C,YAL037C-A,0.0116076219599793,1
YDR276C_YOR167C,YDR276C,YOR167C,0.0109350225388578,1
snR64_YDL232W,snR64,YDL232W,0.0619074992803541,1
YPR160W-A_YLR163W-A,YPR160W-A,YLR163W-A,0.0143173278926659,1
YLR154W-E_tG(UCC)G,YLR154W-E,tG(UCC)G,0.0313668756692116,1
YLR154W-E_tK(UUU)Q,YLR154W-E,tK(UUU)Q,0.0279849412703389,1
YLR154W-E_YHR022C-A,YLR154W-E,YHR022C-A,0.0128412935522272,1
YLR154W-E_YLL019W-A,YLR154W-E,YLL019W-A,0.015296529236296,1
YNL097W-A_YPR182W,YNL097W-A,YPR182W,0.0388236925019762,1
YNL097W-A_YDR354C-A,YNL097W-A,YDR354C-A,0.023428184989098,1
YNL097W-A_YGR063C,YNL097W-A,YGR063C,0.011136114155205,1
YNL097W-A_snR77,YNL097W-A,snR77,0.0447132891794089,1
YNL097W-A_YPL098C,YNL097W-A,YPL098C,0.0113203540615702,1
YNL097W-A_YLR402W,YNL097W-A,YLR402W,0.0349599237298704,1
YNL097W-A_YJR018W,YNL097W-A,YJR018W,0.0119097244018515,1
YNL097W-A_YML129C,YNL097W-A,YML129C,0.0364696691443217,1
YNL097W-A_YIL156W-B,YNL097W-A,YIL156W-B,0.0171447998242738,1
YNL097W-A_YDR034C-A,YNL097W-A,YDR034C-A,0.0184500025909313,1
YNL097W-A_YDR276C,YNL097W-A,YDR276C,0.0292138048713898,1
YNL097W-A_YNR046W,YNL097W-A,YNR046W,0.0117662263594441,1
YNL097W-A_YJL062W-A,YNL097W-A,YJL062W-A,0.0157047984688373,1
YNL097W-A_YMR122W-A,YNL097W-A,YMR122W-A,0.013392824445739,1
YNL097W-A_YMR002W,YNL097W-A,YMR002W,0.0141723105044694,1
YNL097W-A_YPL136W,YNL097W-A,YPL136W,0.0114767730301071,1
YNL097W-A_YML081C-A,YNL097W-A,YML081C-A,0.0136765469791899,1
YNL097W-A_YOR161C-C,YNL097W-A,YOR161C-C,0.0112247896209749,1
YNL097W-A_YMR272W-A,YNL097W-A,YMR272W-A,0.0670875913631826,1
YNL097W-A_YHR073W-A,YNL097W-A,YHR073W-A,0.0199133974919703,1
YNL097W-A_YLR388W,YNL097W-A,YLR388W,0.0143149768609824,1
YNL097W-A_YJL052C-A,YNL097W-A,YJL052C-A,0.0195381782593645,1
YNL097W-A_YLR264W,YNL097W-A,YLR264W,0.0150008954227547,1
YNL097W-A_YOR302W,YNL097W-A,YOR302W,0.0348078891768356,1
YNL097W-A_snR81,YNL097W-A,snR81,0.0135277619576235,1
YNL097W-A_tR(CCG)L,YNL097W-A,tR(CCG)L,0.0137288113223372,1
YNL097W-A_YOR146W,YNL097W-A,YOR146W,0.0102204046593185,1
YNL097W-A_YNL086W,YNL097W-A,YNL086W,0.0115571446922967,1
YNL097W-A_YJR034W,YNL097W-A,YJR034W,0.0107999424026148,1
YNL097W-A_YLL018C-A,YNL097W-A,YLL018C-A,0.016132945858743,1
YNL097W-A_YBR056C-B,YNL097W-A,YBR056C-B,0.0178258055101923,1
YNL097W-A_YBR126W-B,YNL097W-A,YBR126W-B,0.0139036793892712,1
YNL097W-A_YGL106W,YNL097W-A,YGL106W,0.0104682447284346,1
YNL097W-A_YPR002C-A,YNL097W-A,YPR002C-A,0.0114418020108718,1
YNL097W-A_snR13,YNL097W-A,snR13,0.0144323767281354,1
YNL097W-A_YKL053C-A,YNL097W-A,YKL053C-A,0.0101240262531157,1
YNL097W-A_YFR036W,YNL097W-A,YFR036W,0.0108575937354051,1
YNL097W-A_YLR438C-A,YNL097W-A,YLR438C-A,0.0164486163435166,1
YNL097W-A_YJR112W-A,YNL097W-A,YJR112W-A,0.0136525679762466,1
YNL097W-A_snR85,YNL097W-A,snR85,0.0204460911825751,1
YNL097W-A_YAL037C-A,YNL097W-A,YAL037C-A,0.0147378695618447,1
YNL097W-A_YGR105W,YNL097W-A,YGR105W,0.0131372569175484,1
YNL097W-A_YOR167C,YNL097W-A,YOR167C,0.015235396927491,1
YNL097W-A_YJR085C,YNL097W-A,YJR085C,0.0119012891895802,1
YNL097W-A_YCR024C-A,YNL097W-A,YCR024C-A,0.0465159640281261,1
YNL097W-A_YJR094W-A,YNL097W-A,YJR094W-A,0.0100731652998347,1
YNL097W-A_YLR399W-A,YNL097W-A,YLR399W-A,0.0375325507457047,1
YNL097W-A_YPL135C-A,YNL097W-A,YPL135C-A,0.0334063322015396,1
YKL156C-A_YGR068W-A,YKL156C-A,YGR068W-A,0.0634579028322717,1
YKL156C-A_tV(AAC)O,YKL156C-A,tV(AAC)O,-0.129252694365706,1
YKL156C-A_snR74,YKL156C-A,snR74,0.0587893497025457,1
YKL156C-A_YDL133C-A,YKL156C-A,YDL133C-A,0.0769247255449694,1
YKL156C-A_snR59,YKL156C-A,snR59,0.0797147802632168,1
YKL156C-A_snR79,YKL156C-A,snR79,0.164771724461293,1
YKL156C-A_YLR154W-F,YKL156C-A,YLR154W-F,0.0937051107779391,1
snR128_YJL205C,snR128,YJL205C,0.0176204822399627,1
snR128_snR18,snR128,snR18,0.0624366180866404,1
snR128_YCR038W-A,snR128,YCR038W-A,0.026953788548239,1
tV(AAC)O_snR189,tV(AAC)O,snR189,0.0276971935532341,1
tV(AAC)O_YEL032C-A,tV(AAC)O,YEL032C-A,0.152543631460266,1
tV(AAC)O_YBR252W,tV(AAC)O,YBR252W,0.0214115153789479,1
tV(AAC)O_snR54,tV(AAC)O,snR54,-0.0302779751444055,1
tV(AAC)O_YDR194W-A,tV(AAC)O,YDR194W-A,0.0142076861924328,1
tV(AAC)O_snR18,tV(AAC)O,snR18,0.149680905388247,1
tV(AAC)O_YDL061C,tV(AAC)O,YDL061C,0.0798581798191602,1
tV(AAC)O_snR76,tV(AAC)O,snR76,-0.0844201752243906,1
tV(AAC)O_YPR113W,tV(AAC)O,YPR113W,0.0115585077296885,1
tV(AAC)O_YML129C,tV(AAC)O,YML129C,0.0781617981924773,1
tV(AAC)O_snR69,tV(AAC)O,snR69,0.0768056096844532,1
tV(AAC)O_tF(GAA)Q,tV(AAC)O,tF(GAA)Q,0.0712990339754932,1
tV(AAC)O_YMR307C-A,tV(AAC)O,YMR307C-A,0.0209802038806947,1
tV(AAC)O_YKL156C-A,tV(AAC)O,YKL156C-A,-0.129854725440117,1
tV(AAC)O_YOR335W-A,tV(AAC)O,YOR335W-A,-0.0477814865255454,1
tV(AAC)O_snR128,tV(AAC)O,snR128,0.0751222936691963,1
tV(AAC)O_YDR246W-A,tV(AAC)O,YDR246W-A,0.0230364540646232,1
tV(AAC)O_YDL247W-A,tV(AAC)O,YDL247W-A,-0.0337736747417896,1
tV(AAC)O_snR74,tV(AAC)O,snR74,-0.0681263936325118,1
tV(AAC)O_YDL184C,tV(AAC)O,YDL184C,0.0981956032965751,1
tV(AAC)O_YDL133C-A,tV(AAC)O,YDL133C-A,-0.0872500626909309,1
tV(AAC)O_YHR073C-B,tV(AAC)O,YHR073C-B,0.0352985360646293,1
tV(AAC)O_YOR381W-A,tV(AAC)O,YOR381W-A,0.0203221769978674,1
tV(AAC)O_YMR123W,tV(AAC)O,YMR123W,0.0173824210715587,1
tV(AAC)O_YKR057W,tV(AAC)O,YKR057W,0.0491814532529857,1
tV(AAC)O_YIL105W-A,tV(AAC)O,YIL105W-A,0.0252880177484479,1
tV(AAC)O_YJL047C-A,tV(AAC)O,YJL047C-A,0.0201208735029431,1
tV(AAC)O_YNL070W,tV(AAC)O,YNL070W,0.016083635399659,1
tV(AAC)O_tL(UAA)Q,tV(AAC)O,tL(UAA)Q,0.0335984303803772,1
tV(AAC)O_YLR185W,tV(AAC)O,YLR185W,0.0342107057807082,1
tV(AAC)O_YMR013C-A,tV(AAC)O,YMR013C-A,0.0227023869802187,1
tV(AAC)O_YMR230W-A,tV(AAC)O,YMR230W-A,0.0125963773445666,1
tV(AAC)O_YDR185C,tV(AAC)O,YDR185C,0.0106405613005425,1
tV(AAC)O_YBR196C-B,tV(AAC)O,YBR196C-B,0.0168099456200734,1
tV(AAC)O_YPL211W,tV(AAC)O,YPL211W,0.0100875539418583,1
tV(AAC)O_tN(GUU)Q,tV(AAC)O,tN(GUU)Q,0.0531715069944509,1
tV(AAC)O_YDL240C-A,tV(AAC)O,YDL240C-A,0.0189540143167404,1
tV(AAC)O_YOR394C-A,tV(AAC)O,YOR394C-A,0.0171500696179599,1
tV(AAC)O_YPL102C,tV(AAC)O,YPL102C,0.014931723277782,1
tV(AAC)O_YNL028W,tV(AAC)O,YNL028W,0.0181086255855811,1
tV(AAC)O_snR65,tV(AAC)O,snR65,0.0580854504551541,1
tV(AAC)O_YDR371C-A,tV(AAC)O,YDR371C-A,-0.0590548066551637,1
tV(AAC)O_YNL144W-A,tV(AAC)O,YNL144W-A,0.0219452727063898,1
tV(AAC)O_snR62,tV(AAC)O,snR62,0.0230173040982453,1
tV(AAC)O_tE(UUC)M,tV(AAC)O,tE(UUC)M,-0.0682941490004258,1
tV(AAC)O_snR39,tV(AAC)O,snR39,0.16580514563389,1
tV(AAC)O_tQ(CUG)M,tV(AAC)O,tQ(CUG)M,-0.0172887271700261,1
tV(AAC)O_YNL162W-A,tV(AAC)O,YNL162W-A,0.0326015221395774,1
tV(AAC)O_YML108W,tV(AAC)O,YML108W,0.0112798241066553,1
tV(AAC)O_YPL252C,tV(AAC)O,YPL252C,0.0143394814071232,1
tV(AAC)O_YLR350W,tV(AAC)O,YLR350W,0.0101210966411346,1
tV(AAC)O_snR79,tV(AAC)O,snR79,-0.174470772487582,1
tV(AAC)O_YOL083C-A,tV(AAC)O,YOL083C-A,0.0217768395056944,1
tV(AAC)O_YJR063W,tV(AAC)O,YJR063W,0.0103086939506246,1
YDL133C-A_YKL156C-A,YDL133C-A,YKL156C-A,0.0777867088798942,1
YDL133C-A_snR74,YDL133C-A,snR74,0.0360566701920516,1
snR58_snR64,snR58,snR64,0.0195550478045941,1
snR58_YEL017C-A,snR58,YEL017C-A,0.0125043352926988,1
snR40_snR87,snR40,snR87,0.0506167064594675,1
snR40_YOR186C-A,snR40,YOR186C-A,0.0125348796760916,1
snR40_YOR302W,snR40,YOR302W,0.0410070571826435,1
snR40_YDL067C,snR40,YDL067C,0.0256308044564759,1
snR40_YBR126W-A,snR40,YBR126W-A,0.0273125656870236,1
snR40_YDL114W-A,snR40,YDL114W-A,0.0216909453237236,1
YMR272W-A_YDL008W,YMR272W-A,YDL008W,0.0125887727989585,1
YMR272W-A_YKL106C-A,YMR272W-A,YKL106C-A,0.0668940959708187,1
YMR272W-A_YDR025W,YMR272W-A,YDR025W,0.0109535268171585,1
YMR272W-A_YEL032C-A,YMR272W-A,YEL032C-A,0.10692570977958,1
YMR272W-A_YBR252W,YMR272W-A,YBR252W,0.0148725859296464,1
YMR272W-A_YLR062C,YMR272W-A,YLR062C,0.0160179452403788,1
YMR272W-A_YGR063C,YMR272W-A,YGR063C,0.0165694363599749,1
YMR272W-A_snR77,YMR272W-A,snR77,0.0672348607414998,1
YMR272W-A_YNL300W,YMR272W-A,YNL300W,0.0126486190639449,1
YMR272W-A_YPL098C,YMR272W-A,YPL098C,0.0172338531214257,1
YMR272W-A_YLR402W,YMR272W-A,YLR402W,0.0536698278431665,1
YMR272W-A_YDL061C,YMR272W-A,YDL061C,0.0521899410976126,1
YMR272W-A_YBR261C,YMR272W-A,YBR261C,0.011654493739022,1
YMR272W-A_YLR178C,YMR272W-A,YLR178C,0.0100061801229173,1
YMR272W-A_YML129C,YMR272W-A,YML129C,0.0575200576715147,1
YMR272W-A_YIL156W-B,YMR272W-A,YIL156W-B,0.0261928684505428,1
YMR272W-A_YDR034C-A,YMR272W-A,YDR034C-A,0.0291050563130148,1
YMR272W-A_YDR276C,YMR272W-A,YDR276C,0.0435959514720946,1
YMR272W-A_snR31,YMR272W-A,snR31,0.0105557929621806,1
YMR272W-A_YNR046W,YMR272W-A,YNR046W,0.018003816812633,1
YMR272W-A_YJL062W-A,YMR272W-A,YJL062W-A,0.0236398847628444,1
YMR272W-A_snR161,YMR272W-A,snR161,0.0140303558004671,1
YMR272W-A_YNL097W-A,YMR272W-A,YNL097W-A,0.064346815182165,1
YMR272W-A_YPL136W,YMR272W-A,YPL136W,0.0175969335503598,1
YMR272W-A_YNL138W-A,YMR272W-A,YNL138W-A,0.011096647952818,1
YMR272W-A_snR128,YMR272W-A,snR128,0.0415407442742065,1
YMR272W-A_YDR193W,YMR272W-A,YDR193W,0.0136962564151721,1
YMR272W-A_YOR161C-C,YMR272W-A,YOR161C-C,0.0164187533987134,1
YMR272W-A_YGL030W,YMR272W-A,YGL030W,0.0141454687270135,1
YMR272W-A_YHL018W,YMR272W-A,YHL018W,0.013666414482379,1
YMR272W-A_YIR044C,YMR272W-A,YIR044C,0.01016746187174,1
YMR272W-A_YNL322C,YMR272W-A,YNL322C,0.0102655312013808,1
YMR272W-A_YBR230W-A,YMR272W-A,YBR230W-A,0.0131419569922112,1
YMR272W-A_YDR182W-A,YMR272W-A,YDR182W-A,0.0102060966183963,1
YMR272W-A_YDL045W-A,YMR272W-A,YDL045W-A,0.0122911475939461,1
YMR272W-A_YOR381W-A,YMR272W-A,YOR381W-A,0.012588312577347,1
YMR272W-A_YHR073W-A,YMR272W-A,YHR073W-A,0.03147510923791,1
YMR272W-A_YMR123W,YMR272W-A,YMR123W,0.0103363585485062,1
YMR272W-A_YLR388W,YMR272W-A,YLR388W,0.021747029400357,1
YMR272W-A_YLR264W,YMR272W-A,YLR264W,0.0238633941695049,1
YMR272W-A_YLL009C,YMR272W-A,YLL009C,0.011672384625397,1
YMR272W-A_YNL135C,YMR272W-A,YNL135C,0.0113432898520839,1
YMR272W-A_YOR302W,YMR272W-A,YOR302W,0.0543943665306757,1
YMR272W-A_snR81,YMR272W-A,snR81,0.0197335999825609,1
YMR272W-A_YOR146W,YMR272W-A,YOR146W,0.0146570901630359,1
YMR272W-A_YKR057W,YMR272W-A,YKR057W,0.0304455428191346,1
YMR272W-A_YNL086W,YMR272W-A,YNL086W,0.0177776085841513,1
YMR272W-A_YJR034W,YMR272W-A,YJR034W,0.0157498168244593,1
YMR272W-A_YLL018C-A,YMR272W-A,YLL018C-A,0.0228113153207013,1
YMR272W-A_YLR162W-A,YMR272W-A,YLR162W-A,0.0137754459861222,1
YMR272W-A_YBR056C-B,YMR272W-A,YBR056C-B,0.0279213523609603,1
YMR272W-A_YGR064W,YMR272W-A,YGR064W,0.0121617809618456,1
YMR272W-A_YKL023C-A,YMR272W-A,YKL023C-A,0.0141821752562543,1
YMR272W-A_YNL070W,YMR272W-A,YNL070W,0.0105186094915123,1
YMR272W-A_YBR126W-B,YMR272W-A,YBR126W-B,0.0202102482248049,1
YMR272W-A_YER058W,YMR272W-A,YER058W,0.0111271034086436,1
YMR272W-A_YLR185W,YMR272W-A,YLR185W,0.0230581107762819,1
YMR272W-A_YMR013C-A,YMR272W-A,YMR013C-A,0.012863458747366,1
YMR272W-A_YFR036W,YMR272W-A,YFR036W,0.0164981123470228,1
YMR272W-A_YJR112W-A,YMR272W-A,YJR112W-A,0.0199857134552961,1
YMR272W-A_YIL059C,YMR272W-A,YIL059C,0.0112462066750104,1
YMR272W-A_YEL027W,YMR272W-A,YEL027W,0.010016322487429,1
YMR272W-A_snR85,YMR272W-A,snR85,0.031988609597384,1
YMR272W-A_YOR394C-A,YMR272W-A,YOR394C-A,0.0113407883461299,1
YMR272W-A_YPL102C,YMR272W-A,YPL102C,0.0100221353425428,1
YMR272W-A_YNL028W,YMR272W-A,YNL028W,0.0101867372221738,1
YMR272W-A_YER146W,YMR272W-A,YER146W,0.0130921597965233,1
YMR272W-A_snR65,YMR272W-A,snR65,0.0348271520447343,1
YMR272W-A_YIL052C,YMR272W-A,YIL052C,0.0146595752718503,1
YMR272W-A_YGR105W,YMR272W-A,YGR105W,0.0200427914742005,1
YMR272W-A_YJR085C,YMR272W-A,YJR085C,0.0169643078174653,1
YMR272W-A_YLR379W,YMR272W-A,YLR379W,0.010255116067147,1
YMR272W-A_YIL021C-A,YMR272W-A,YIL021C-A,0.0121273589021158,1
YMR272W-A_YNL162W-A,YMR272W-A,YNL162W-A,0.0172465201675813,1
YMR272W-A_YMR175W-A,YMR272W-A,YMR175W-A,0.0121989457768065,1
YMR272W-A_YKR045C,YMR272W-A,YKR045C,0.0118593121484766,1
YMR272W-A_snR78,YMR272W-A,snR78,0.0115998940322774,1
YMR272W-A_YDR500C,YMR272W-A,YDR500C,0.0151320782443689,1
YMR272W-A_YJR094W-A,YMR272W-A,YJR094W-A,0.0150071197251321,1
YMR272W-A_YLR399W-A,YMR272W-A,YLR399W-A,0.0565453010218413,1
YMR272W-A_YNL190W,YMR272W-A,YNL190W,0.0119459974404605,1
snR75_tG(UCC)G,snR75,tG(UCC)G,0.0295180507633128,1
snR75_tK(UUU)Q,snR75,tK(UUU)Q,0.0263354555258052,1
snR75_YHR022C-A,snR75,YHR022C-A,0.0120844031350064,1
snR75_YLL019W-A,snR75,YLL019W-A,0.0142287416918749,1
snR67_tY(GUA)Q,snR67,tY(GUA)Q,0.0130445491481074,1
snR67_YGL006W-A,snR67,YGL006W-A,0.0226477461361877,1
snR67_YEL008C-A,snR67,YEL008C-A,0.0915328907353989,1
snR67_YLR347W-A,snR67,YLR347W-A,0.0232348129122625,1
snR67_YNR003W-A,snR67,YNR003W-A,0.0223060020625655,1
snR67_tS(UGA)Q2,snR67,tS(UGA)Q2,0.0193957831680642,1
snR67_snR38,snR67,snR38,0.020515613149378,1
snR67_YJR151W-A,snR67,YJR151W-A,0.104588263983225,1
snR67_YBR141W-A,snR67,YBR141W-A,0.158590382797123,1
snR67_snR55,snR67,snR55,0.0578311763257477,1
snR67_snR39B,snR67,snR39B,0.0833717246672516,1
snR67_snR79,snR67,snR79,0.142046096788779,1
YPL189C-A_YPR182W,YPL189C-A,YPR182W,0.0390263196074411,1
YPL189C-A_YLR262C-A,YPL189C-A,YLR262C-A,0.0109881809601779,1
YPL189C-A_YDR382W,YPL189C-A,YDR382W,0.0127790774060016,1
YPL189C-A_YML058W,YPL189C-A,YML058W,0.0114214838400058,1
YPL189C-A_snR57,YPL189C-A,snR57,0.0254249804400802,1
YPL189C-A_YBL071C-B,YPL189C-A,YBL071C-B,0.0372684017594256,1
YPL189C-A_YJL136W-A,YPL189C-A,YJL136W-A,0.0322934068347014,1
YPL189C-A_YLR110C,YPL189C-A,YLR110C,0.0120782717108828,1
YPL189C-A_YBL006W-A,YPL189C-A,YBL006W-A,0.0367766652414168,1
YPL189C-A_snR76,YPL189C-A,snR76,0.0376138239562302,1
YPL189C-A_snR56,YPL189C-A,snR56,0.010933214439056,1
YPL189C-A_YLR149C-A,YPL189C-A,YLR149C-A,0.0220344148231894,1
YPL189C-A_YOR161W-B,YPL189C-A,YOR161W-B,0.010790404907306,1
YPL189C-A_YDL081C,YPL189C-A,YDL081C,0.0132353172699468,1
YPL189C-A_YOL077W-A,YPL189C-A,YOL077W-A,0.0115638956744153,1
YPL189C-A_YER019C-A,YPL189C-A,YER019C-A,0.0110383223274244,1
YPL189C-A_YLR154W-E,YPL189C-A,YLR154W-E,0.0341801156430009,1
YPL189C-A_YOR314W-A,YPL189C-A,YOR314W-A,0.0217280569872231,1
YPL189C-A_YOR210W,YPL189C-A,YOR210W,0.0120901386494714,1
YPL189C-A_snR71,YPL189C-A,snR71,0.0247189973203096,1
YPL189C-A_YPR036W-A,YPL189C-A,YPR036W-A,0.0181462549285045,1
YPL189C-A_YDR461W,YPL189C-A,YDR461W,0.0255908050770895,1
YPL189C-A_tE(UUC)Q,YPL189C-A,tE(UUC)Q,0.0306879534232608,1
YPL189C-A_YPL037C,YPL189C-A,YPL037C,0.0144409761011426,1
YPL189C-A_YKL156W,YPL189C-A,YKL156W,0.0133524446596128,1
YPL189C-A_snR58,YPL189C-A,snR58,0.0224483295173342,1
YPL189C-A_YMR107W,YPL189C-A,YMR107W,0.0103386981974042,1
YPL189C-A_YGR236C,YPL189C-A,YGR236C,0.0171671640413117,1
YPL189C-A_tA(UGC)Q,YPL189C-A,tA(UGC)Q,0.0222368558288314,1
YPL189C-A_YKL096W-A,YPL189C-A,YKL096W-A,0.0109229298360013,1
YPL189C-A_YML009C,YPL189C-A,YML009C,0.0171235997018537,1
YPL189C-A_YMR272W-B,YPL189C-A,YMR272W-B,0.0103741730407895,1
YPL189C-A_YKL138C-A,YPL189C-A,YKL138C-A,0.0122690419794133,1
YPL189C-A_snR50,YPL189C-A,snR50,0.0312529335509293,1
YPL189C-A_YDR210W,YPL189C-A,YDR210W,0.0155889625393232,1
YPL189C-A_YOL097W-A,YPL189C-A,YOL097W-A,0.02365208111127,1
YPL189C-A_YBL092W,YPL189C-A,YBL092W,0.0102216642469681,1
YPL189C-A_YMR194C-B,YPL189C-A,YMR194C-B,0.0137668078942362,1
YPL189C-A_YDR070C,YPL189C-A,YDR070C,0.0100970817619132,1
YPL189C-A_snR48,YPL189C-A,snR48,0.0101586556872632,1
YPL189C-A_YMR141W-A,YPL189C-A,YMR141W-A,0.0108897639260776,1
YPL189C-A_YGR209C,YPL189C-A,YGR209C,0.010125854977466,1
YPL189C-A_YPR133W-A,YPL189C-A,YPR133W-A,0.0200723466248191,1
YPL189C-A_YDR119W-A,YPL189C-A,YDR119W-A,0.0155669885025089,1
YPL189C-A_YDR462W,YPL189C-A,YDR462W,0.0114958748530524,1
YPL189C-A_YEL059C-A,YPL189C-A,YEL059C-A,0.0127165088068778,1
YPL189C-A_YDR524C-B,YPL189C-A,YDR524C-B,0.0294882997453393,1
YPL189C-A_YLR438C-A,YPL189C-A,YLR438C-A,0.0160812744950077,1
YPL189C-A_YOR031W,YPL189C-A,YOR031W,0.0109607495801565,1
YPL189C-A_YMR174C,YPL189C-A,YMR174C,0.0154790003336218,1
YPL189C-A_YNL130C-A,YPL189C-A,YNL130C-A,0.0123016895743675,1
YPL189C-A_snR8,YPL189C-A,snR8,0.0142514238626757,1
YPL189C-A_YOL155W-A,YPL189C-A,YOL155W-A,0.0104462244508794,1
YPL189C-A_YDL025W-A,YPL189C-A,YDL025W-A,0.0115927836680803,1
YPL189C-A_YDR371C-A,YPL189C-A,YDR371C-A,0.0276187600472529,1
YPL189C-A_YLR099W-A,YPL189C-A,YLR099W-A,0.0203517959574889,1
YPL189C-A_YMR251W-A,YPL189C-A,YMR251W-A,0.0226671941345966,1
YPL189C-A_YGR161W-C,YPL189C-A,YGR161W-C,0.0144173326772344,1
YPL189C-A_snR4,YPL189C-A,snR4,0.0105337770683277,1
YPL189C-A_YLR154W-F,YPL189C-A,YLR154W-F,0.0635546941308252,1
YPL189C-A_YER138W-A,YPL189C-A,YER138W-A,0.0468771786931537,1
YPL189C-A_YPL135C-A,YPL189C-A,YPL135C-A,0.0360509599256339,1
YOR302W_YKL106C-A,YOR302W,YKL106C-A,0.0554096881835268,1
YOR302W_YEL032C-A,YOR302W,YEL032C-A,0.0736036599413109,1
YOR302W_YJL205C,YOR302W,YJL205C,0.0226521033780866,1
YOR302W_YPR183W,YOR302W,YPR183W,0.0100872131384019,1
YOR302W_YCR038W-A,YOR302W,YCR038W-A,0.0334585057930026,1
YOR302W_snR40,YOR302W,snR40,0.0414548369898109,1
YOR302W_YLR264W,YOR302W,YLR264W,0.0187147781154772,1
YOR302W_YBR056C-B,YOR302W,YBR056C-B,0.0202435756943158,1
YOR302W_YJL136C,YOR302W,YJL136C,0.0111571571024098,1
YOR302W_YCR047W-A,YOR302W,YCR047W-A,0.0337220883062158,1
YOR302W_YDL114W-A,YOR302W,YDL114W-A,0.0221486189259052,1
snR24_YHL015W-A,snR24,YHL015W-A,0.0233587549430295,1
YOL097W-A_snR64,YOL097W-A,snR64,0.0215190628543446,1
YOL097W-A_YEL017C-A,YOL097W-A,YEL017C-A,0.0137774153128641,1
YKR057W_YCR047W-A,YKR057W,YCR047W-A,0.0179972299547466,1
YJR151W-A_tY(GUA)Q,YJR151W-A,tY(GUA)Q,0.0116270754512652,1
YJR151W-A_YLR347W-A,YJR151W-A,YLR347W-A,0.0201365661267747,1
YJR151W-A_tS(UGA)Q2,YJR151W-A,tS(UGA)Q2,0.0173780600734575,1
YJR151W-A_snR67,YJR151W-A,snR67,0.0912099885128904,1
YJR151W-A_YHR032C-A,YJR151W-A,YHR032C-A,0.0271661999060904,1
YJR151W-A_YER053C-A,YJR151W-A,YER053C-A,-0.0979345136324054,1
YJR151W-A_snR72,YJR151W-A,snR72,0.0167750819769726,1
YJR151W-A_YLR163W-A,YJR151W-A,YLR163W-A,0.0360303231087803,1
YJR151W-A_snR79,YJR151W-A,snR79,0.133186143768076,1
YBR141W-A_YBR082C,YBR141W-A,YBR082C,0.0142301109978569,1
YBR141W-A_tY(GUA)Q,YBR141W-A,tY(GUA)Q,0.0208429413561057,1
YBR141W-A_RNA170,YBR141W-A,RNA170,0.0243526773604352,1
YBR141W-A_YLR333C,YBR141W-A,YLR333C,0.0117800090166826,1
YBR141W-A_snR61,YBR141W-A,snR61,0.0131635161451934,1
YBR141W-A_YDL232W,YBR141W-A,YDL232W,0.138391754413908,1
YBR141W-A_YGL006W-A,YBR141W-A,YGL006W-A,0.0379577599689168,1
YBR141W-A_snR87,YBR141W-A,snR87,0.133469797220712,1
YBR141W-A_YLR347W-A,YBR141W-A,YLR347W-A,0.03824397740448,1
YBR141W-A_YNL145W,YBR141W-A,YNL145W,0.0228670037925169,1
YBR141W-A_YNR003W-A,YBR141W-A,YNR003W-A,0.0375983590670337,1
YBR141W-A_YDR016C,YBR141W-A,YDR016C,0.0147204381660914,1
YBR141W-A_tS(UGA)Q2,YBR141W-A,tS(UGA)Q2,0.0310418360151963,1
YBR141W-A_YGL063C-A,YBR141W-A,YGL063C-A,0.0158571743973839,1
YBR141W-A_snR38,YBR141W-A,snR38,0.0338620842715832,1
YBR141W-A_YOR186C-A,YBR141W-A,YOR186C-A,0.0325870235220667,1
YBR141W-A_snR67,YBR141W-A,snR67,0.161466021650322,1
YBR141W-A_YER090C-A,YBR141W-A,YER090C-A,0.0535837965776556,1
YBR141W-A_snR24,YBR141W-A,snR24,0.069319165377894,1
YBR141W-A_YJR151W-A,YBR141W-A,YJR151W-A,0.154667508904127,1
YBR141W-A_snR72,YBR141W-A,snR72,0.0310054625231164,1
YBR141W-A_YGL014C-A,YBR141W-A,YGL014C-A,0.0415791727882512,1
YBR141W-A_YBL107W-A,YBR141W-A,YBL107W-A,0.0148306106945109,1
YBR141W-A_YLR163W-A,YBR141W-A,YLR163W-A,0.0597675345997603,1
YBR141W-A_YDR169C-A,YBR141W-A,YDR169C-A,0.0249481724056072,1
YBR141W-A_snR55,YBR141W-A,snR55,0.0942793208990966,1
YBR141W-A_YKL100W-A,YBR141W-A,YKL100W-A,0.107336243603813,1
YBR141W-A_YHR050W-A,YBR141W-A,YHR050W-A,0.0153503912845015,1
YBR141W-A_snR36,YBR141W-A,snR36,0.0147292656239233,1
YBR141W-A_tQ(UUG)E2,YBR141W-A,tQ(UUG)E2,0.015734386921101,1
YBR141W-A_snR39,YBR141W-A,snR39,0.182206953171022,1
YBR141W-A_snR39B,YBR141W-A,snR39B,0.132577706161133,1
YBR141W-A_snR79,YBR141W-A,snR79,0.227505042119538,1
YDR524W-C_YEL008C-A,YDR524W-C,YEL008C-A,0.0179755400017539,1
YLL018C-A_YHL015W-A,YLL018C-A,YHL015W-A,0.0130159215857891,1
YLL018C-A_YCR024C-A,YLL018C-A,YCR024C-A,0.0148377495411939,1
YER053C-A_tY(GUA)Q,YER053C-A,tY(GUA)Q,-0.0107046612312229,1
YER053C-A_YPR182W,YER053C-A,YPR182W,0.0750002722882093,1
YER053C-A_YDL130W,YER053C-A,YDL130W,0.017285876950863,1
YER053C-A_snR73,YER053C-A,snR73,-0.0329040668166631,1
YER053C-A_YDR354C-A,YER053C-A,YDR354C-A,0.0415427224773286,1
YER053C-A_tQ(UUG)B,YER053C-A,tQ(UUG)B,-0.0220104829703924,1
YER053C-A_YOR008C-A,YER053C-A,YOR008C-A,0.0112725672702248,1
YER053C-A_YGR063C,YER053C-A,YGR063C,0.0170867588242644,1
YER053C-A_snR77,YER053C-A,snR77,0.0758389584888497,1
YER053C-A_YML007C-A,YER053C-A,YML007C-A,0.0275618578894597,1
YER053C-A_YJL136W-A,YER053C-A,YJL136W-A,0.0551489433701347,1
YER053C-A_YLR110C,YER053C-A,YLR110C,0.0197033103424545,1
YER053C-A_YHR087W,YER053C-A,YHR087W,0.0143730366257476,1
YER053C-A_YLR178C,YER053C-A,YLR178C,0.011536761418526,1
YER053C-A_tS(GCU)Q1,YER053C-A,tS(GCU)Q1,-0.0136950997560988,1
YER053C-A_YEL008C-A,YER053C-A,YEL008C-A,-0.0838170284710588,1
YER053C-A_YDR034C-A,YER053C-A,YDR034C-A,0.0315738686349201,1
YER053C-A_YCL048W-A,YER053C-A,YCL048W-A,0.0177126306575143,1
YER053C-A_YDR155C,YER053C-A,YDR155C,0.0155041855690735,1
YER053C-A_YJL127W-A,YER053C-A,YJL127W-A,0.0522688147061387,1
YER053C-A_YDR276C,YER053C-A,YDR276C,0.0511592868749627,1
YER053C-A_YPR160W-A,YER053C-A,YPR160W-A,-0.045011882590608,1
YER053C-A_tT(UGU)H,YER053C-A,tT(UGU)H,0.0137421426379067,1
YER053C-A_YHR193C,YER053C-A,YHR193C,0.0139549292719574,1
YER053C-A_YBL039C-A,YER053C-A,YBL039C-A,0.020956687158249,1
YER053C-A_tL(GAG)G,YER053C-A,tL(GAG)G,-0.0223156842632851,1
YER053C-A_YLR154W-E,YER053C-A,YLR154W-E,0.0693569489762349,1
YER053C-A_YMR122W-A,YER053C-A,YMR122W-A,0.0233108334499929,1
YER053C-A_YNL097W-A,YER053C-A,YNL097W-A,0.0623504070325326,1
YER053C-A_YBR230C,YER053C-A,YBR230C,0.0122221513268987,1
YER053C-A_snR60,YER053C-A,snR60,-0.0103760604494763,1
YER053C-A_YFL010C,YER053C-A,YFL010C,0.0112841742435881,1
YER053C-A_tG(UCC)G,YER053C-A,tG(UCC)G,0.055936490059273,1
YER053C-A_YDR193W,YER053C-A,YDR193W,0.0158472923965691,1
YER053C-A_YML081C-A,YER053C-A,YML081C-A,0.0253242545253341,1
YER053C-A_YKL145W-A,YER053C-A,YKL145W-A,-0.0133724505668618,1
YER053C-A_YDL184C,YER053C-A,YDL184C,0.0657380854789348,1
YER053C-A_YOR161C-C,YER053C-A,YOR161C-C,0.0185987625650787,1
YER053C-A_YMR107W,YER053C-A,YMR107W,0.0176749685732681,1
YER053C-A_YGL030W,YER053C-A,YGL030W,0.0156755782858397,1
YER053C-A_tS(UGA)Q2,YER053C-A,tS(UGA)Q2,-0.0154093246416523,1
YER053C-A_YIR044C,YER053C-A,YIR044C,0.0107481335885804,1
YER053C-A_tK(UUU)Q,YER053C-A,tK(UUU)Q,0.0499055003737875,1
YER053C-A_YGR236C,YER053C-A,YGR236C,0.0270781809199455,1
YER053C-A_YMR272W-A,YER053C-A,YMR272W-A,0.0964531600192596,1
YER053C-A_YDL045W-A,YER053C-A,YDL045W-A,0.0134167084827563,1
YER053C-A_snR49,YER053C-A,snR49,0.0107703363864242,1
YER053C-A_YJL052C-A,YER053C-A,YJL052C-A,0.036800924068661,1
YER053C-A_YLL009C,YER053C-A,YLL009C,0.0131870864909398,1
YER053C-A_snR75,YER053C-A,snR75,0.0717752831771463,1
YER053C-A_snR67,YER053C-A,snR67,-0.0867471444075826,1
YER053C-A_snR50,YER053C-A,snR50,0.0640706015047426,1
YER053C-A_YJR010C-A,YER053C-A,YJR010C-A,0.0126115946011019,1
YER053C-A_tR(CCG)L,YER053C-A,tR(CCG)L,0.0249924020841018,1
YER053C-A_YOR146W,YER053C-A,YOR146W,0.017534241360351,1
YER053C-A_YFR049W,YER053C-A,YFR049W,0.0183572669909774,1
YER053C-A_YJL144W,YER053C-A,YJL144W,0.0144649759664967,1
YER053C-A_tV(UAC)Q,YER053C-A,tV(UAC)Q,0.0112797826687288,1
YER053C-A_YJR151W-A,YER053C-A,YJR151W-A,-0.114455084980053,1
YER053C-A_YMR013W-A,YER053C-A,YMR013W-A,-0.0119525922088188,1
YER053C-A_tR(ACG)Q2,YER053C-A,tR(ACG)Q2,-0.019637326674823,1
YER053C-A_YDR077W,YER053C-A,YDR077W,0.0118253790254641,1
YER053C-A_YDR524W-C,YER053C-A,YDR524W-C,-0.0204918832974652,1
YER053C-A_YOL039W,YER053C-A,YOL039W,0.0187244871009394,1
YER053C-A_YDR086C,YER053C-A,YDR086C,0.0133922511674346,1
YER053C-A_YHR022C-A,YER053C-A,YHR022C-A,0.0228998573174967,1
YER053C-A_tC(GCA)Q,YER053C-A,tC(GCA)Q,-0.017890719637897,1
YER053C-A_YHR032C-A,YER053C-A,YHR032C-A,-0.0255943899812285,1
YER053C-A_YBR126W-B,YER053C-A,YBR126W-B,0.0203569082914151,1
YER053C-A_YER058W,YER053C-A,YER058W,0.0123851883744647,1
YER053C-A_YPR002C-A,YER053C-A,YPR002C-A,0.0211345418896342,1
YER053C-A_snR13,YER053C-A,snR13,0.0269085002482326,1
YER053C-A_snR72,YER053C-A,snR72,-0.0165699034087369,1
YER053C-A_YEL059C-A,YER053C-A,YEL059C-A,0.0197775136301173,1
YER053C-A_YOR329W-A,YER053C-A,YOR329W-A,0.0103490232721581,1
YER053C-A_YMR256C,YER053C-A,YMR256C,0.0271286546668817,1
YER053C-A_YGL041C-B,YER053C-A,YGL041C-B,0.0109286530257362,1
YER053C-A_YJR112W-A,YER053C-A,YJR112W-A,0.0222304831207694,1
YER053C-A_YLR163W-A,YER053C-A,YLR163W-A,-0.0341670311505026,1
YER053C-A_tX(XXX)D,YER053C-A,tX(XXX)D,-0.0213712576095849,1
YER053C-A_YLR264C-A,YER053C-A,YLR264C-A,0.0105724825835066,1
YER053C-A_YHR180C-B,YER053C-A,YHR180C-B,-0.0159125445718811,1
YER053C-A_YLR194C,YER053C-A,YLR194C,0.0108742349590825,1
YER053C-A_tS(CGA)C,YER053C-A,tS(CGA)C,-0.0165171637287471,1
YER053C-A_YDR118W-A,YER053C-A,YDR118W-A,0.0212694696419825,1
YER053C-A_YAL037C-A,YER053C-A,YAL037C-A,0.0279472744848196,1
YER053C-A_YDL025W-A,YER053C-A,YDL025W-A,0.0226882526881502,1
YER053C-A_snR53,YER053C-A,snR53,-0.0207416529076625,1
YER053C-A_snR59,YER053C-A,snR59,0.0881972620913958,1
YER053C-A_YOR020W-A,YER053C-A,YOR020W-A,0.0164975266055991,1
YER053C-A_YOR167C,YER053C-A,YOR167C,0.0281137319695183,1
YER053C-A_YJR085C,YER053C-A,YJR085C,0.0205330230488695,1
YER053C-A_snR39B,YER053C-A,snR39B,-0.074254721861858,1
YER053C-A_tR(ACG)J,YER053C-A,tR(ACG)J,-0.0207779424440313,1
YER053C-A_YLL019W-A,YER053C-A,YLL019W-A,0.0263272470006707,1
YER053C-A_YCR024C-A,YER053C-A,YCR024C-A,0.0924411811544112,1
YER053C-A_YBL100W-C,YER053C-A,YBL100W-C,-0.0100218515013715,1
YER053C-A_YLR154W-F,YER053C-A,YLR154W-F,0.0795615348860244,1
YER053C-A_YER093C-A,YER053C-A,YER093C-A,0.0101483051604018,1
YER053C-A_YJR094W-A,YER053C-A,YJR094W-A,0.0146354582418548,1
YER053C-A_YPL271W,YER053C-A,YPL271W,0.0354823714370183,1
YER053C-A_YLR287C-A,YER053C-A,YLR287C-A,0.0223772930335488,1
YER053C-A_YLR399W-A,YER053C-A,YLR399W-A,0.0627033876781314,1
YDR524C-B_snR57,YDR524C-B,snR57,0.0166927732162235,1
YDR524C-B_YBL071C-B,YDR524C-B,YBL071C-B,0.0241892546732143,1
YDR524C-B_YBL006W-A,YDR524C-B,YBL006W-A,0.0234139146689991,1
YDR524C-B_YLR154W-E,YDR524C-B,YLR154W-E,0.0227066545541294,1
YDR524C-B_snR71,YDR524C-B,snR71,0.0162701391790459,1
YDR524C-B_YPR036W-A,YDR524C-B,YPR036W-A,0.0116828974562095,1
YDR524C-B_YDR461W,YDR524C-B,YDR461W,0.0166910329919418,1
YDR524C-B_snR58,YDR524C-B,snR58,0.0142943673682316,1
YDR524C-B_YML009C,YDR524C-B,YML009C,0.0109286456061901,1
YDR524C-B_YPL189C-A,YDR524C-B,YPL189C-A,0.0295956195334956,1
YDR524C-B_YOL097W-A,YDR524C-B,YOL097W-A,0.0150012551269142,1
YDR524C-B_YLR438C-A,YDR524C-B,YLR438C-A,0.0100434403152247,1
YDR524C-B_YMR174C,YDR524C-B,YMR174C,0.0100252638037507,1
YDR524C-B_YER138W-A,YDR524C-B,YER138W-A,0.0303328351404104,1
YDR524C-B_YPL271W,YDR524C-B,YPL271W,0.0109283348035019,1
YGL014C-A_snR24,YGL014C-A,snR24,0.01297741612952,1
YLR438C-A_YHL015W-A,YLR438C-A,YHL015W-A,0.0122494935357089,1
YLR438C-A_YCR024C-A,YLR438C-A,YCR024C-A,0.0172462246514693,1
snR55_YNR003W-A,snR55,YNR003W-A,0.0135021489550476,1
snR59_YOR314W-A,snR59,YOR314W-A,0.0332935684731982,1
snR59_YAR035C-A,snR59,YAR035C-A,0.0103974566442643,1
snR59_YKL156C-A,snR59,YKL156C-A,0.0762178124069282,1
snR59_tG(UCC)G,snR59,tG(UCC)G,0.0451951094941293,1
snR59_tE(UUC)Q,snR59,tE(UUC)Q,0.0471922321300409,1
snR59_tK(UUU)Q,snR59,tK(UUU)Q,0.0403222304945796,1
snR59_tA(UGC)Q,snR59,tA(UGC)Q,0.0349072417205939,1
snR59_YHR022C-A,snR59,YHR022C-A,0.0185024367447611,1
snR59_YER053C-A,snR59,YER053C-A,0.0917837696401707,1
snR59_YGL007C-A,snR59,YGL007C-A,0.0156978991384018,1
snR59_YLL019W-A,snR59,YLL019W-A,0.0223834204787153,1
snR59_YLR154W-F,snR59,YLR154W-F,0.0837466485438149,1
YCR047W-A_snR40,YCR047W-A,snR40,0.0290574140725327,1
tE(UUC)M_snR54,tE(UUC)M,snR54,0.0110281274274441,1
tE(UUC)M_YOR335W-A,tE(UUC)M,YOR335W-A,0.0180347067353923,1
tE(UUC)M_YDL247W-A,tE(UUC)M,YDL247W-A,0.0126075866926776,1
tE(UUC)M_tN(GUU)Q,tE(UUC)M,tN(GUU)Q,-0.0191443169669025,1
tE(UUC)M_YER138W-A,tE(UUC)M,YER138W-A,0.0354457193482219,1
YLR099W-A_YBL071C-B,YLR099W-A,YBL071C-B,0.0168301795552761,1
YLR099W-A_YLR154W-E,YLR099W-A,YLR154W-E,0.0162317062722147,1
YLR099W-A_YPL189C-A,YLR099W-A,YPL189C-A,0.0204593207876781,1
YLR099W-A_YDR524C-B,YLR099W-A,YDR524C-B,0.0130832868814875,1
snR39_YKL106C-A,snR39,YKL106C-A,0.0949716232851354,1
snR39_snR61,snR39,snR61,0.0127528192802985,1
snR39_YPR010C-A,snR39,YPR010C-A,0.0124698464138241,1
snR39_YJL205C,snR39,YJL205C,0.0472175640933675,1
snR39_YER023C-A,snR39,YER023C-A,0.0144630334225157,1
snR39_snR18,snR39,snR18,0.180879785450929,1
snR39_YCR038W-A,snR39,YCR038W-A,0.0724606405172636,1
snR39_tS(GCU)Q1,snR39,tS(GCU)Q1,0.0215662480811146,1
snR39_snR87,snR39,snR87,0.114000106299134,1
snR39_YEL008C-A,snR39,YEL008C-A,0.145103336227614,1
snR39_YDL159W-A,snR39,YDL159W-A,0.0182702620506747,1
snR39_YPR169W-A,snR39,YPR169W-A,0.0335577993123228,1
snR39_YMR307C-A,snR39,YMR307C-A,0.023111694074983,1
snR39_YNL145W,snR39,YNL145W,0.0165236143264176,1
snR39_YAR035C-A,snR39,YAR035C-A,-0.0178874655134948,1
snR39_snR60,snR39,snR60,0.0187373851619466,1
snR39_snR128,snR39,snR128,0.0766713962985261,1
snR39_tV(AAC)O,snR39,tV(AAC)O,0.157929672474916,1
snR39_YDR246W-A,snR39,YDR246W-A,0.0225992188623106,1
snR39_YPL047W,snR39,YPL047W,0.0138939379145268,1
snR39_YKL145W-A,snR39,YKL145W-A,0.0210581588680246,1
snR39_tE(UUC)Q,snR39,tE(UUC)Q,-0.0794409804958683,1
snR39_snR40,snR39,snR40,0.0878165387297872,1
snR39_tA(UGC)Q,snR39,tA(UGC)Q,-0.059510077536242,1
snR39_YPL152W-A,snR39,YPL152W-A,0.0382038484617659,1
snR39_snR38,snR39,snR38,0.026257734915843,1
snR39_tD(GUC)N,snR39,tD(GUC)N,0.022392911694089,1
snR39_YFR012W-A,snR39,YFR012W-A,-0.0135030305563066,1
snR39_YOR186C-A,snR39,YOR186C-A,0.029553543694937,1
snR39_YOR302W,snR39,YOR302W,0.0869469222584387,1
snR39_YER090C-A,snR39,YER090C-A,0.0455448145874788,1
snR39_YKR057W,snR39,YKR057W,0.0510274311968408,1
snR39_YDL067C,snR39,YDL067C,0.0606729878375622,1
snR39_YLR230W,snR39,YLR230W,0.0167103886567729,1
snR39_YBR141W-A,snR39,YBR141W-A,0.190171913258735,1
snR39_YJL047C-A,snR39,YJL047C-A,0.0208549104200995,1
snR39_snR80,snR39,snR80,0.010641930891219,1
snR39_YJL136C,snR39,YJL136C,0.02632230658757,1
snR39_YER053C-A,snR39,YER053C-A,-0.102013473813166,1
snR39_YJR146W,snR39,YJR146W,0.0117653031983988,1
snR39_snR72,snR39,snR72,0.0260013455649158,1
snR39_snR70,snR39,snR70,0.012240323204738,1
snR39_YDR185C,snR39,YDR185C,0.0109482039817485,1
snR39_YBL107W-A,snR39,YBL107W-A,0.0119974004946128,1
snR39_tN(GUU)Q,snR39,tN(GUU)Q,0.0624159549679915,1
snR39_YJL118W,snR39,YJL118W,0.0132939448741291,1
snR39_tR(CCU)J,snR39,tR(CCU)J,0.088896439238247,1
snR39_YDL240C-A,snR39,YDL240C-A,0.0209732414932217,1
snR39_tX(XXX)D,snR39,tX(XXX)D,0.0406704267993812,1
snR39_tS(CGA)C,snR39,tS(CGA)C,0.0260102706014911,1
snR39_YNL028W,snR39,YNL028W,0.0185410848582138,1
snR39_snR55,snR39,snR55,0.0681433361841691,1
snR39_snR59,snR39,snR59,-0.107466459885162,1
snR39_YNL144W-A,snR39,YNL144W-A,0.0218161135316831,1
snR39_YCR047W-A,snR39,YCR047W-A,0.0693165718182637,1
snR39_tE(UUC)M,snR39,tE(UUC)M,-0.0710246059392477,1
snR39_snR36,snR39,snR36,0.013953252849755,1
snR39_YOL038C-A,snR39,YOL038C-A,0.036755352315246,1
snR39_YGL007C-A,snR39,YGL007C-A,-0.0270061842121144,1
snR39_snR39B,snR39,snR39B,0.110162188339509,1
snR39_YOR293C-A,snR39,YOR293C-A,0.0218285468243101,1
snR39_YPL252C,snR39,YPL252C,0.0167289621520304,1
snR39_snR7-L,snR39,snR7-L,0.0131505822169961,1
snR39_YOR073W-A,snR39,YOR073W-A,0.0163843604114446,1
snR39_YDR510C-A,snR39,YDR510C-A,0.0185230752538593,1
snR39_YBR126W-A,snR39,YBR126W-A,0.0637734416998907,1
snR39_YMR242W-A,snR39,YMR242W-A,0.0244163004169271,1
snR39_YDL114W-A,snR39,YDL114W-A,0.0429963435397898,1
YHL015W-A_YGR068W-A,YHL015W-A,YGR068W-A,0.0319903914523729,1
YHL015W-A_YDL232W,YHL015W-A,YDL232W,0.057544962268648,1
YHL015W-A_YKL162C-A,YHL015W-A,YKL162C-A,0.0154164738886628,1
YHL015W-A_snR24,YHL015W-A,snR24,0.0264783388937919,1
YHL015W-A_YGL014C-A,YHL015W-A,YGL014C-A,0.0163247381178562,1
snR39B_snR87,snR39B,snR87,0.0643238939325378,1
YCR024C-A_YMR272W-A,YCR024C-A,YMR272W-A,0.0688917225792544,1
YCR024C-A_YER053C-A,YCR024C-A,YER053C-A,0.0939787738165906,1
snR79_tY(GUA)Q,snR79,tY(GUA)Q,0.0194263121344867,1
snR79_RNA170,snR79,RNA170,0.0222432787079943,1
snR79_YLR333C,snR79,YLR333C,0.0105388505522598,1
snR79_YOR161W-A,snR79,YOR161W-A,0.0985403543863548,1
snR79_YGR068W-A,snR79,YGR068W-A,0.0942919535533755,1
snR79_YDL232W,snR79,YDL232W,0.133760110897819,1
snR79_YGL006W-A,snR79,YGL006W-A,0.0322883724206796,1
snR79_YCR095W-A,snR79,YCR095W-A,0.0136488342621956,1
snR79_YKL162C-A,snR79,YKL162C-A,0.0459193932827842,1
snR79_YLR347W-A,snR79,YLR347W-A,0.0374389119379718,1
snR79_snR64,snR79,snR64,0.114715444075777,1
snR79_snR66,snR79,snR66,0.116881346926491,1
snR79_YNR003W-A,snR79,YNR003W-A,0.0321588424545779,1
snR79_YKL156C-A,snR79,YKL156C-A,0.170265216364629,1
snR79_YNL103W-A,snR79,YNL103W-A,0.0419692063937213,1
snR79_tV(AAC)O,snR79,tV(AAC)O,-0.174231379164368,1
snR79_snR74,snR79,snR74,0.0865477697307854,1
snR79_YDL184C,snR79,YDL184C,-0.12609358827767,1
snR79_YDR016C,snR79,YDR016C,0.0127629289255545,1
snR79_YDL133C-A,snR79,YDL133C-A,0.113737305877343,1
snR79_tS(UGA)Q2,snR79,tS(UGA)Q2,0.0307126098189036,1
snR79_YDR320W-B,snR79,YDR320W-B,0.0173192828599317,1
snR79_YGL063C-A,snR79,YGL063C-A,0.0175564322554785,1
snR79_YEL017C-A,snR79,YEL017C-A,0.0766966490119475,1
snR79_YBR131C-A,snR79,YBR131C-A,0.0204381843045058,1
snR79_YGR174W-A,snR79,YGR174W-A,0.0417398421945491,1
snR79_snR67,snR79,snR67,0.148025025395861,1
snR79_YMR182W-A,snR79,YMR182W-A,0.0708009121555635,1
snR79_YJR151W-A,snR79,YJR151W-A,0.153402904913179,1
snR79_YMR013W-A,snR79,YMR013W-A,0.0208341624312419,1
snR79_YBR141W-A,snR79,YBR141W-A,0.224815086636015,1
snR79_YNL097C-B,snR79,YNL097C-B,0.0421597677575841,1
snR79_snR6,snR79,snR6,0.0181339540228669,1
snR79_tC(GCA)Q,snR79,tC(GCA)Q,0.0310745513987087,1
snR79_YHR032C-A,snR79,YHR032C-A,0.0510795943223973,1
snR79_YGL014C-A,snR79,YGL014C-A,0.0434576300373301,1
snR79_YGL188C-A,snR79,YGL188C-A,0.041916140173846,1
snR79_YLR163W-A,snR79,YLR163W-A,0.0642551143580692,1
snR79_snR10,snR79,snR10,0.0162873175031462,1
snR79_YDR169C-A,snR79,YDR169C-A,0.021654709542737,1
snR79_snR55,snR79,snR55,0.0806829267906619,1
snR79_YKL100W-A,snR79,YKL100W-A,0.119215732690753,1
snR79_YHR050W-A,snR79,YHR050W-A,0.0147815526562562,1
snR79_YJL077W-A,snR79,YJL077W-A,0.0657199708964791,1
snR79_tQ(UUG)E2,snR79,tQ(UUG)E2,0.0150434768377404,1
snR79_YLR299C-A,snR79,YLR299C-A,0.0871669272219442,1
YLR154W-F_YDR032C,YLR154W-F,YDR032C,0.0101549997954377,1
YLR154W-F_YPR182W,YLR154W-F,YPR182W,0.059589797283293,1
YLR154W-F_YLR315W,YLR154W-F,YLR315W,0.0109778216017975,1
YLR154W-F_YLR262C-A,YLR154W-F,YLR262C-A,0.0157382556173101,1
YLR154W-F_YDR354C-A,YLR154W-F,YDR354C-A,0.0350160186508559,1
YLR154W-F_YDR382W,YLR154W-F,YDR382W,0.0185302456460709,1
YLR154W-F_YML058W,YLR154W-F,YML058W,0.01723339322146,1
YLR154W-F_snR57,YLR154W-F,snR57,0.0386679867094461,1
YLR154W-F_YBL071C-B,YLR154W-F,YBL071C-B,0.0562590754095227,1
YLR154W-F_YML007C-A,YLR154W-F,YML007C-A,0.0193749200422028,1
YLR154W-F_YGR068W-A,YLR154W-F,YGR068W-A,0.037719095998322,1
YLR154W-F_YJL136W-A,YLR154W-F,YJL136W-A,0.049279768277394,1
YLR154W-F_YLR295C,YLR154W-F,YLR295C,0.0111470839304633,1
YLR154W-F_YLR110C,YLR154W-F,YLR110C,0.0183659425039207,1
YLR154W-F_YBL006W-A,YLR154W-F,YBL006W-A,0.0531352241681086,1
YLR154W-F_snR76,YLR154W-F,snR76,0.0545339160688286,1
YLR154W-F_snR56,YLR154W-F,snR56,0.0167258101743702,1
YLR154W-F_YLR149C-A,YLR154W-F,YLR149C-A,0.0324565482420437,1
YLR154W-F_YOR161W-B,YLR154W-F,YOR161W-B,0.0161499108768416,1
YLR154W-F_YHR087W,YLR154W-F,YHR087W,0.0132941160863943,1
YLR154W-F_YDL081C,YLR154W-F,YDL081C,0.0199872216149521,1
YLR154W-F_YLR076C,YLR154W-F,YLR076C,0.0126235704653272,1
YLR154W-F_YOL109W,YLR154W-F,YOL109W,0.0108780397859815,1
YLR154W-F_YML054C-A,YLR154W-F,YML054C-A,0.0117888450323637,1
YLR154W-F_tT(CGU)K,YLR154W-F,tT(CGU)K,0.0147144507818565,1
YLR154W-F_YEL053W-A,YLR154W-F,YEL053W-A,0.0122129094578703,1
YLR154W-F_YCL048W-A,YLR154W-F,YCL048W-A,0.0133127316163216,1
YLR154W-F_YOL077W-A,YLR154W-F,YOL077W-A,0.0167575526931203,1
YLR154W-F_YER019C-A,YLR154W-F,YER019C-A,0.0164171713870978,1
YLR154W-F_YHR193C,YLR154W-F,YHR193C,0.0128417587494441,1
YLR154W-F_YDL053C,YLR154W-F,YDL053C,0.0109710898863292,1
YLR154W-F_YLR154W-E,YLR154W-F,YLR154W-E,0.0541114300265631,1
YLR154W-F_YOR314W-A,YLR154W-F,YOR314W-A,0.0335852454296656,1
YLR154W-F_snR71,YLR154W-F,snR71,0.038078275410228,1
YLR154W-F_YPR036W-A,YLR154W-F,YPR036W-A,0.0268945932827567,1
YLR154W-F_YAR035C-A,YLR154W-F,YAR035C-A,0.0102357566688902,1
YLR154W-F_YBR230C,YLR154W-F,YBR230C,0.0103296597392761,1
YLR154W-F_YKL156C-A,YLR154W-F,YKL156C-A,0.0911125905609655,1
YLR154W-F_YOR008W-B,YLR154W-F,YOR008W-B,0.0126832255591398,1
YLR154W-F_YOR335W-A,YLR154W-F,YOR335W-A,0.0245810286978255,1
YLR154W-F_YDR461W,YLR154W-F,YDR461W,0.0385679163138543,1
YLR154W-F_YDL247W-A,YLR154W-F,YDL247W-A,0.0169193286544603,1
YLR154W-F_tG(UCC)G,YLR154W-F,tG(UCC)G,0.044497528018785,1
YLR154W-F_tE(UUC)Q,YLR154W-F,tE(UUC)Q,0.0473105783788885,1
YLR154W-F_YLL044W,YLR154W-F,YLL044W,0.0120219728711093,1
YLR154W-F_YBR223W-A,YLR154W-F,YBR223W-A,0.0135061845960345,1
YLR154W-F_YPL037C,YLR154W-F,YPL037C,0.0218813919695709,1
YLR154W-F_YKL156W,YLR154W-F,YKL156W,0.0198742349731163,1
YLR154W-F_snR58,YLR154W-F,snR58,0.0326384522136263,1
YLR154W-F_YMR107W,YLR154W-F,YMR107W,0.015917795029037,1
YLR154W-F_tK(UUU)Q,YLR154W-F,tK(UUU)Q,0.0396998610721709,1
YLR154W-F_YGR236C,YLR154W-F,YGR236C,0.026150153013623,1
YLR154W-F_tA(UGC)Q,YLR154W-F,tA(UGC)Q,0.0346208917879636,1
YLR154W-F_YKL096W-A,YLR154W-F,YKL096W-A,0.0157071181144264,1
YLR154W-F_YHL015W,YLR154W-F,YHL015W,0.0111029613976957,1
YLR154W-F_YML009C,YLR154W-F,YML009C,0.0249347171826266,1
YLR154W-F_YMR272W-B,YLR154W-F,YMR272W-B,0.0154884035856778,1
YLR154W-F_YPL223C,YLR154W-F,YPL223C,0.0112154758933491,1
YLR154W-F_snR75,YLR154W-F,snR75,0.0509218736655694,1
YLR154W-F_YPL189C-A,YLR154W-F,YPL189C-A,0.068187462626947,1
YLR154W-F_YER180C-A,YLR154W-F,YER180C-A,0.0135381749712794,1
YLR154W-F_YKL138C-A,YLR154W-F,YKL138C-A,0.0179119026900479,1
YLR154W-F_snR50,YLR154W-F,snR50,0.0486743553743296,1
YLR154W-F_YDR210W,YLR154W-F,YDR210W,0.0222270459538456,1
YLR154W-F_YOL097W-A,YLR154W-F,YOL097W-A,0.0340496961760359,1
YLR154W-F_YJR010C-A,YLR154W-F,YJR010C-A,0.0101512180980994,1
YLR154W-F_YOR182C,YLR154W-F,YOR182C,0.0109733628071464,1
YLR154W-F_YBL092W,YLR154W-F,YBL092W,0.0152400958382209,1
YLR154W-F_YMR194C-B,YLR154W-F,YMR194C-B,0.0203108117364514,1
YLR154W-F_YLR043C,YLR154W-F,YLR043C,0.0116065434480454,1
YLR154W-F_YHR001W-A,YLR154W-F,YHR001W-A,0.0109853224236623,1
YLR154W-F_YFR049W,YLR154W-F,YFR049W,0.0152042370303737,1
YLR154W-F_YDR070C,YLR154W-F,YDR070C,0.0152142678679243,1
YLR154W-F_YFL014W,YLR154W-F,YFL014W,0.0131605189183499,1
YLR154W-F_YOL039W,YLR154W-F,YOL039W,0.0139114057750124,1
YLR154W-F_snR48,YLR154W-F,snR48,0.0154325865515499,1
YLR154W-F_YHR008C,YLR154W-F,YHR008C,0.01007012582877,1
YLR154W-F_YHR022C-A,YLR154W-F,YHR022C-A,0.018216853588168,1
YLR154W-F_YMR141W-A,YLR154W-F,YMR141W-A,0.0158607781088677,1
YLR154W-F_YGR209C,YLR154W-F,YGR209C,0.0148942374538106,1
YLR154W-F_YPR133W-A,YLR154W-F,YPR133W-A,0.0295579566101558,1
YLR154W-F_YDR119W-A,YLR154W-F,YDR119W-A,0.0225022304700684,1
YLR154W-F_YER053C-A,YLR154W-F,YER053C-A,0.0944981799373223,1
YLR154W-F_YDR462W,YLR154W-F,YDR462W,0.0169610227628333,1
YLR154W-F_YEL059C-A,YLR154W-F,YEL059C-A,0.0190917652246388,1
YLR154W-F_YDR524C-B,YLR154W-F,YDR524C-B,0.0437993306514027,1
YLR154W-F_YMR046W-A,YLR154W-F,YMR046W-A,0.0100477879022222,1
YLR154W-F_YIR009W,YLR154W-F,YIR009W,0.0143145017909235,1
YLR154W-F_YAR020C,YLR154W-F,YAR020C,0.0107654129087719,1
YLR154W-F_YLR438C-A,YLR154W-F,YLR438C-A,0.0230316563567111,1
YLR154W-F_YBL021C,YLR154W-F,YBL021C,0.0142084390304455,1
YLR154W-F_YMR256C,YLR154W-F,YMR256C,0.0199407258051234,1
YLR154W-F_YOR031W,YLR154W-F,YOR031W,0.0163369894200004,1
YLR154W-F_YOR020C,YLR154W-F,YOR020C,0.0127486166845516,1
YLR154W-F_YMR174C,YLR154W-F,YMR174C,0.0230570512896763,1
YLR154W-F_snR8,YLR154W-F,snR8,0.0204867016189659,1
YLR154W-F_YOL155W-A,YLR154W-F,YOL155W-A,0.0152740763011852,1
YLR154W-F_YDL025W-A,YLR154W-F,YDL025W-A,0.0178349265368309,1
YLR154W-F_snR59,YLR154W-F,snR59,0.0902428588704838,1
YLR154W-F_YDR371C-A,YLR154W-F,YDR371C-A,0.0404544180928865,1
YLR154W-F_YOR020W-A,YLR154W-F,YOR020W-A,0.0144250617799415,1
YLR154W-F_YGR037C,YLR154W-F,YGR037C,0.0108566461839918,1
YLR154W-F_tE(UUC)M,YLR154W-F,tE(UUC)M,0.0467914165148693,1
YLR154W-F_YLR099W-A,YLR154W-F,YLR099W-A,0.0303544054785551,1
YLR154W-F_YMR251W-A,YLR154W-F,YMR251W-A,0.0329957974680267,1
YLR154W-F_YOR369C,YLR154W-F,YOR369C,0.0114023253910898,1
YLR154W-F_YGR161W-C,YLR154W-F,YGR161W-C,0.0209080195398492,1
YLR154W-F_YGL007C-A,YLR154W-F,YGL007C-A,0.0154537673289649,1
YLR154W-F_YLL019W-A,YLR154W-F,YLL019W-A,0.0220372242104903,1
YLR154W-F_YMR158C-A,YLR154W-F,YMR158C-A,0.010605460790366,1
YLR154W-F_snR4,YLR154W-F,snR4,0.0159575977349797,1
YLR154W-F_YER138W-A,YLR154W-F,YER138W-A,0.0697809842365001,1
YLR154W-F_YPL271W,YLR154W-F,YPL271W,0.0260144964685207,1
YLR154W-F_YLR120W-A,YLR154W-F,YLR120W-A,0.0104171944243688,1
YLR154W-F_YLR287C-A,YLR154W-F,YLR287C-A,0.0157930011100089,1
YLR154W-F_YPL135C-A,YLR154W-F,YPL135C-A,0.0531215836748683,1
YER138W-A_YDR382W,YER138W-A,YDR382W,0.0129433533093817,1
YER138W-A_snR57,YER138W-A,snR57,0.0288664300009531,1
YER138W-A_snR54,YER138W-A,snR54,0.0130814171280159,1
YER138W-A_YBL071C-B,YER138W-A,YBL071C-B,0.0381954345099169,1
YER138W-A_YBL006W-A,YER138W-A,YBL006W-A,0.0392838600088182,1
YER138W-A_snR76,YER138W-A,snR76,0.0448701851661213,1
YER138W-A_snR56,YER138W-A,snR56,0.0119721060371549,1
YER138W-A_YLR149C-A,YER138W-A,YLR149C-A,0.0263395360603707,1
YER138W-A_YOR161W-B,YER138W-A,YOR161W-B,0.0113691338635321,1
YER138W-A_YDL081C,YER138W-A,YDL081C,0.0138109243484382,1
YER138W-A_tT(CGU)K,YER138W-A,tT(CGU)K,0.0115402022587312,1
YER138W-A_YOL077W-A,YER138W-A,YOL077W-A,0.0128116611687918,1
YER138W-A_YER019C-A,YER138W-A,YER019C-A,0.0111359536085414,1
YER138W-A_YOR314W-A,YER138W-A,YOR314W-A,0.0241951446383406,1
YER138W-A_YOR210W,YER138W-A,YOR210W,0.0127896385763979,1
YER138W-A_snR71,YER138W-A,snR71,0.0265935031148126,1
YER138W-A_YPR036W-A,YER138W-A,YPR036W-A,0.018940439099589,1
YER138W-A_YOR335W-A,YER138W-A,YOR335W-A,0.0217762121247834,1
YER138W-A_YDR461W,YER138W-A,YDR461W,0.0283349465646754,1
YER138W-A_YDL247W-A,YER138W-A,YDL247W-A,0.0151467050090268,1
YER138W-A_tE(UUC)Q,YER138W-A,tE(UUC)Q,0.0350360845416585,1
YER138W-A_YDL133C-A,YER138W-A,YDL133C-A,0.0368163010751399,1
YER138W-A_snR58,YER138W-A,snR58,0.023030164894535,1
YER138W-A_tA(UGC)Q,YER138W-A,tA(UGC)Q,0.0250577183754004,1
YER138W-A_YKL096W-A,YER138W-A,YKL096W-A,0.0115377651325887,1
YER138W-A_YML009C,YER138W-A,YML009C,0.0179316807939229,1
YER138W-A_YMR272W-B,YER138W-A,YMR272W-B,0.0122962745694761,1
YER138W-A_YPL189C-A,YER138W-A,YPL189C-A,0.0472954409732207,1
YER138W-A_YER180C-A,YER138W-A,YER180C-A,0.0102447923799318,1
YER138W-A_YKL138C-A,YER138W-A,YKL138C-A,0.0126156744194647,1
YER138W-A_YDR210W,YER138W-A,YDR210W,0.0167588906166281,1
YER138W-A_YOL097W-A,YER138W-A,YOL097W-A,0.0246091031391908,1
YER138W-A_YBL092W,YER138W-A,YBL092W,0.0103439708018524,1
YER138W-A_YMR194C-B,YER138W-A,YMR194C-B,0.0160333582582632,1
YER138W-A_YDR070C,YER138W-A,YDR070C,0.0107601394337588,1
YER138W-A_snR48,YER138W-A,snR48,0.0109881679713217,1
YER138W-A_YMR141W-A,YER138W-A,YMR141W-A,0.0120627584730277,1
YER138W-A_YGR209C,YER138W-A,YGR209C,0.0104688325955533,1
YER138W-A_YPR133W-A,YER138W-A,YPR133W-A,0.0202655291928243,1
YER138W-A_YDR119W-A,YER138W-A,YDR119W-A,0.01746285906311,1
YER138W-A_YDR462W,YER138W-A,YDR462W,0.0118703194123149,1
YER138W-A_YDR524C-B,YER138W-A,YDR524C-B,0.0304712840203642,1
YER138W-A_tN(GUU)Q,YER138W-A,tN(GUU)Q,-0.0212340024359567,1
YER138W-A_YMR174C,YER138W-A,YMR174C,0.0169085493382864,1
YER138W-A_YNL130C-A,YER138W-A,YNL130C-A,0.0133369046155392,1
YER138W-A_snR59,YER138W-A,snR59,0.0616742955623631,1
YER138W-A_YDR371C-A,YER138W-A,YDR371C-A,0.032638352665649,1
YER138W-A_tE(UUC)M,YER138W-A,tE(UUC)M,0.0374898438916988,1
YER138W-A_YMR251W-A,YER138W-A,YMR251W-A,0.0260546660917516,1
YER138W-A_YGL007C-A,YER138W-A,YGL007C-A,0.0110105378144077,1
YER138W-A_snR4,YER138W-A,snR4,0.0119040618669912,1
YER138W-A_YLR154W-F,YER138W-A,YLR154W-F,0.0648236538937876,1
YDL114W-A_snR40,YDL114W-A,snR40,0.0205525449150265,1
YDL114W-A_snR24,YDL114W-A,snR24,0.014043099958435,1
YDL114W-A_YDL067C,YDL114W-A,YDL067C,0.0127998165171094,1
YDL114W-A_YHL015W-A,YDL114W-A,YHL015W-A,0.0154736581677873,1
YDL114W-A_YBR126W-A,YDL114W-A,YBR126W-A,0.0136118644116507,1
YLR399W-A_snR77,YLR399W-A,snR77,0.040776126402269,1
YLR399W-A_YLR402W,YLR399W-A,YLR402W,0.0308433261434768,1
YLR399W-A_YIL156W-B,YLR399W-A,YIL156W-B,0.0145898092027195,1
YLR399W-A_YDR034C-A,YLR399W-A,YDR034C-A,0.0187461176292582,1
YLR399W-A_YJL127W-A,YLR399W-A,YJL127W-A,0.0232056793290839,1
YLR399W-A_YDR276C,YLR399W-A,YDR276C,0.0265538582177401,1
YLR399W-A_YJL062W-A,YLR399W-A,YJL062W-A,0.0121262855526129,1
YLR399W-A_YMR122W-A,YLR399W-A,YMR122W-A,0.0104711008656735,1
YLR399W-A_YNL097W-A,YLR399W-A,YNL097W-A,0.0350104595478884,1
YLR399W-A_YPL136W,YLR399W-A,YPL136W,0.0101369986954875,1
YLR399W-A_YML081C-A,YLR399W-A,YML081C-A,0.0121001949875044,1
YLR399W-A_YLR388W,YLR399W-A,YLR388W,0.0114033335703505,1
YLR399W-A_YJL052C-A,YLR399W-A,YJL052C-A,0.0169434551386673,1
YLR399W-A_snR81,YLR399W-A,snR81,0.0102495984040602,1
YLR399W-A_tR(CCG)L,YLR399W-A,tR(CCG)L,0.0117872089470454,1
YLR399W-A_YBR126W-B,YLR399W-A,YBR126W-B,0.0109966226662788,1
YLR399W-A_snR13,YLR399W-A,snR13,0.0129998737420261,1
YLR399W-A_YJR112W-A,YLR399W-A,YJR112W-A,0.0114989649623088,1
YLR399W-A_YAL037C-A,YLR399W-A,YAL037C-A,0.014029152446213,1
YLR399W-A_snR65,YLR399W-A,snR65,0.0226264131380395,1
YLR399W-A_YGR105W,YLR399W-A,YGR105W,0.0113483295823198,1
YLR399W-A_YOR167C,YLR399W-A,YOR167C,0.0132118701406848,1
YPL135C-A_YPR182W,YPL135C-A,YPR182W,0.0392524894932731,1
YPL135C-A_YDR354C-A,YPL135C-A,YDR354C-A,0.0236547237773795,1
YPL135C-A_YML007C-A,YPL135C-A,YML007C-A,0.0127817746823701,1
YPL135C-A_YJL136W-A,YPL135C-A,YJL136W-A,0.0287506799455037,1
YPL135C-A_YLR110C,YPL135C-A,YLR110C,0.0105160231342477,1
YPL135C-A_YMR122W-A,YPL135C-A,YMR122W-A,0.0124464628851403,1
YPL135C-A_YNL097W-A,YPL135C-A,YNL097W-A,0.035156011141817,1
YPL135C-A_YPL037C,YPL135C-A,YPL037C,0.0122340311323547,1
YPL135C-A_YKL156W,YPL135C-A,YKL156W,0.0114654108972297,1
YPL135C-A_snR50,YPL135C-A,snR50,0.0296264980084531,1
YPL135C-A_tR(CCG)L,YPL135C-A,tR(CCG)L,0.0113560234056083,1
YPL135C-A_YFR049W,YPL135C-A,YFR049W,0.0100726908436556,1
YPL135C-A_YLL018C-A,YPL135C-A,YLL018C-A,0.0152371292198153,1
YPL135C-A_YPR133W-A,YPL135C-A,YPR133W-A,0.0165476897329545,1
YPL135C-A_YPR002C-A,YPL135C-A,YPR002C-A,0.0102492540928529,1
YPL135C-A_YEL059C-A,YPL135C-A,YEL059C-A,0.0115696021384134,1
YPL135C-A_YLR438C-A,YPL135C-A,YLR438C-A,0.0167978775589713,1
YPL135C-A_YMR256C,YPL135C-A,YMR256C,0.0131960112132457,1
YPL135C-A_YDL025W-A,YPL135C-A,YDL025W-A,0.0113212921322912,1
YPL135C-A_YLR099W-A,YPL135C-A,YLR099W-A,0.0176581334547239,1
YPL135C-A_YJR085C,YPL135C-A,YJR085C,0.0104074817725653,1
YPL135C-A_YCR024C-A,YPL135C-A,YCR024C-A,0.0430109881590701,1
YPL135C-A_YPL271W,YPL135C-A,YPL271W,0.0169265123902593,1
YKL106C-A_YPR182W,YKL106C-A,YPR182W,0.036053117283851,2
YKL106C-A_YJL205C,YKL106C-A,YJL205C,0.0200749874952546,2
YKL106C-A_YGL123C-A,YKL106C-A,YGL123C-A,0.0111634483698187,2
YKL106C-A_YLR062C,YKL106C-A,YLR062C,0.0111713186377936,2
YKL106C-A_YGR063C,YKL106C-A,YGR063C,0.0103823756143134,2
YKL106C-A_YNL024C-A,YKL106C-A,YNL024C-A,0.0114877772389239,2
YKL106C-A_YPL098C,YKL106C-A,YPL098C,0.0127896720663595,2
YKL106C-A_YLR402W,YKL106C-A,YLR402W,0.0343415126815259,2
YKL106C-A_YJR018W,YKL106C-A,YJR018W,0.0146276470954628,2
YKL106C-A_YIL156W-B,YKL106C-A,YIL156W-B,0.0177583142850745,2
YKL106C-A_YKL056C,YKL106C-A,YKL056C,0.0103376763601187,2
YKL106C-A_YNR046W,YKL106C-A,YNR046W,0.0133512934371943,2
YKL106C-A_YER039C-A,YKL106C-A,YER039C-A,0.0102864924136725,2
YKL106C-A_YJL062W-A,YKL106C-A,YJL062W-A,0.0181446972819609,2
YKL106C-A_YNL097W-A,YKL106C-A,YNL097W-A,0.0459856864971887,2
YKL106C-A_YMR002W,YKL106C-A,YMR002W,0.0169527519083041,2
YKL106C-A_YPL136W,YKL106C-A,YPL136W,0.0108585126904771,2
YKL106C-A_YBR091C,YKL106C-A,YBR091C,0.0102258811818371,2
YKL106C-A_YBR262C,YKL106C-A,YBR262C,0.0116387604490886,2
YKL106C-A_YNL052W,YKL106C-A,YNL052W,0.0121405789437206,2
YKL106C-A_YCL033C,YKL106C-A,YCL033C,0.0113434148873126,2
YKL106C-A_YAL019W-A,YKL106C-A,YAL019W-A,0.010915478024687,2
YKL106C-A_YML081C-A,YKL106C-A,YML081C-A,0.0109295438326291,2
YKL106C-A_YJR104C,YKL106C-A,YJR104C,0.0112289668633264,2
YKL106C-A_YHR072W-A,YKL106C-A,YHR072W-A,0.0107971868385204,2
YKL106C-A_YCL057C-A,YKL106C-A,YCL057C-A,0.012413811390703,2
YKL106C-A_snR40,YKL106C-A,snR40,0.037556502870464,2
YKL106C-A_YHR073W-A,YKL106C-A,YHR073W-A,0.0201706263243457,2
YKL106C-A_YLR264W,YKL106C-A,YLR264W,0.0177398136055058,2
YKL106C-A_YOR302W,YKL106C-A,YOR302W,0.0488537516918533,2
YKL106C-A_YER090C-A,YKL106C-A,YER090C-A,0.0164991597124133,2
YKL106C-A_YOL097W-A,YKL106C-A,YOL097W-A,0.0144348339463294,2
YKL106C-A_snR81,YKL106C-A,snR81,0.0142136632940378,2
YKL106C-A_YFR049W,YKL106C-A,YFR049W,0.0100445432540493,2
YKL106C-A_YNL086W,YKL106C-A,YNL086W,0.0125987917609452,2
YKL106C-A_YDL067C,YKL106C-A,YDL067C,0.0184062028194372,2
YKL106C-A_YJR034W,YKL106C-A,YJR034W,0.0110308546343551,2
YKL106C-A_YLL018C-A,YKL106C-A,YLL018C-A,0.0218690386920627,2
YKL106C-A_YBR056C-B,YKL106C-A,YBR056C-B,0.0213502515943157,2
YKL106C-A_YLR286W-A,YKL106C-A,YLR286W-A,0.0164212140630043,2
YKL106C-A_YKL023C-A,YKL106C-A,YKL023C-A,0.0107867733801377,2
YKL106C-A_YGL106W,YKL106C-A,YGL106W,0.0113756621549801,2
YKL106C-A_YBR016W,YKL106C-A,YBR016W,0.0125818125878077,2
YKL106C-A_YER053C-A,YKL106C-A,YER053C-A,0.0453351492264628,2
YKL106C-A_snR13,YKL106C-A,snR13,0.0118840674795016,2
YKL106C-A_YLR185W,YKL106C-A,YLR185W,0.0139299769274641,2
YKL106C-A_YFR036W,YKL106C-A,YFR036W,0.0125909081864972,2
YKL106C-A_YLR438C-A,YKL106C-A,YLR438C-A,0.0205438565555807,2
YKL106C-A_YMR256C,YKL106C-A,YMR256C,0.0116854443447711,2
YKL106C-A_YDR482C,YKL106C-A,YDR482C,0.0121898515154142,2
YKL106C-A_YJR112W-A,YKL106C-A,YJR112W-A,0.0131411576307762,2
YKL106C-A_YJL184W,YKL106C-A,YJL184W,0.0107455713777404,2
YKL106C-A_snR8,YKL106C-A,snR8,0.0142013959688621,2
YKL106C-A_YJR114W,YKL106C-A,YJR114W,0.0121082097660359,2
YKL106C-A_YCR047W-A,YKL106C-A,YCR047W-A,0.0306452273798824,2
YKL106C-A_YOR167C,YKL106C-A,YOR167C,0.012375955434251,2
YKL106C-A_YJR085C,YKL106C-A,YJR085C,0.0114882853923051,2
YKL106C-A_YGR161W-C,YKL106C-A,YGR161W-C,0.0153985182105821,2
YKL106C-A_YKR049C,YKL106C-A,YKR049C,0.0111889803720117,2
YKL106C-A_YCR024C-A,YKL106C-A,YCR024C-A,0.0406548553036985,2
YKL106C-A_YJR020W,YKL106C-A,YJR020W,0.0113328895794659,2
YKL106C-A_YDR500C,YKL106C-A,YDR500C,0.0109391255846918,2
YKL106C-A_YLR154W-F,YKL106C-A,YLR154W-F,0.0350726791952787,2
YKL106C-A_YLR204W,YKL106C-A,YLR204W,0.013415416440567,2
YKL106C-A_YJR094W-A,YKL106C-A,YJR094W-A,0.0101131030339562,2
YKL106C-A_YAL046C,YKL106C-A,YAL046C,0.0117144034744689,2
YKL106C-A_YPL271W,YKL106C-A,YPL271W,0.014542257911363,2
YKL106C-A_YLR399W-A,YKL106C-A,YLR399W-A,0.0316152981375179,2
YKL106C-A_YPL135C-A,YKL106C-A,YPL135C-A,0.0372295689787288,2
YPR182W_YJL062W-A,YPR182W,YJL062W-A,0.0120987116722625,2
YPR182W_YMR002W,YPR182W,YMR002W,0.0118616104360241,2
YPR182W_YBR056C-B,YPR182W,YBR056C-B,0.0149396962463637,2
YEL032C-A_snR189,YEL032C-A,snR189,0.0217439684781116,2
YEL032C-A_YKL106C-A,YEL032C-A,YKL106C-A,0.0705656293664367,2
YEL032C-A_YDR025W,YEL032C-A,YDR025W,0.0126299813153214,2
YEL032C-A_YBR252W,YEL032C-A,YBR252W,0.0183324793429423,2
YEL032C-A_YLR062C,YEL032C-A,YLR062C,0.0190966501560611,2
YEL032C-A_YGR063C,YEL032C-A,YGR063C,0.0197029587393351,2
YEL032C-A_YNL300W,YEL032C-A,YNL300W,0.0143953336136405,2
YEL032C-A_YDR194W-A,YEL032C-A,YDR194W-A,0.0104910542353668,2
YEL032C-A_snR18,YEL032C-A,snR18,0.113510757457128,2
YEL032C-A_YDL061C,YEL032C-A,YDL061C,0.0589220690453626,2
YEL032C-A_YIL156W-B,YEL032C-A,YIL156W-B,0.02967339668425,2
YEL032C-A_YDR276C,YEL032C-A,YDR276C,0.045469523111933,2
YEL032C-A_snR31,YEL032C-A,snR31,0.0132164281042778,2
YEL032C-A_tF(GAA)Q,YEL032C-A,tF(GAA)Q,0.0487150096764369,2
YEL032C-A_YJR135W-A,YEL032C-A,YJR135W-A,0.0103959409947042,2
YEL032C-A_YFL031C-A,YEL032C-A,YFL031C-A,0.0128970259248103,2
YEL032C-A_YLR154W-E,YEL032C-A,YLR154W-E,0.0223094896713604,2
YEL032C-A_YPL136W,YEL032C-A,YPL136W,0.020993335686271,2
YEL032C-A_tV(AAC)O,YEL032C-A,tV(AAC)O,0.140660610993996,2
YEL032C-A_YDR246W-A,YEL032C-A,YDR246W-A,0.0166171862604762,2
YEL032C-A_YML081C-A,YEL032C-A,YML081C-A,0.0199113699039536,2
YEL032C-A_YDL184C,YEL032C-A,YDL184C,0.0613629871842468,2
YEL032C-A_YIR044C,YEL032C-A,YIR044C,0.0136129171913718,2
YEL032C-A_snR40,YEL032C-A,snR40,0.0622192737295164,2
YEL032C-A_YDR182W-A,YEL032C-A,YDR182W-A,0.0118326473591002,2
YEL032C-A_YMR272W-A,YEL032C-A,YMR272W-A,0.0948086288705255,2
YEL032C-A_YDL045W-A,YEL032C-A,YDL045W-A,0.0132771897829267,2
YEL032C-A_YOR381W-A,YEL032C-A,YOR381W-A,0.0174709414917055,2
YEL032C-A_YHR073W-A,YEL032C-A,YHR073W-A,0.0363602258013951,2
YEL032C-A_YMR123W,YEL032C-A,YMR123W,0.0145389096514057,2
YEL032C-A_YJL052C-A,YEL032C-A,YJL052C-A,0.0410126216676458,2
YEL032C-A_YLR264W,YEL032C-A,YLR264W,0.0327709441469504,2
YEL032C-A_YLL009C,YEL032C-A,YLL009C,0.0115637686681479,2
YEL032C-A_snR75,YEL032C-A,snR75,0.0287551732171445,2
YEL032C-A_YOR302W,YEL032C-A,YOR302W,0.0740643383569317,2
YEL032C-A_YIL105W-A,YEL032C-A,YIL105W-A,0.0172734985229238,2
YEL032C-A_YPR051W,YEL032C-A,YPR051W,0.0106561633224049,2
YEL032C-A_YGR064W,YEL032C-A,YGR064W,0.0151024542113897,2
YEL032C-A_YBR221W-A,YEL032C-A,YBR221W-A,0.0163833942502252,2
YEL032C-A_YPR002C-A,YEL032C-A,YPR002C-A,0.019164364756951,2
YEL032C-A_snR13,YEL032C-A,snR13,0.0242290738503956,2
YEL032C-A_YEL066W,YEL032C-A,YEL066W,0.0100356226031254,2
YEL032C-A_YLR185W,YEL032C-A,YLR185W,0.0276334345374034,2
YEL032C-A_YLR390W,YEL032C-A,YLR390W,0.0127056954267836,2
YEL032C-A_tN(GUU)Q,YEL032C-A,tN(GUU)Q,0.0368606192297421,2
YEL032C-A_YIL059C,YEL032C-A,YIL059C,0.0145746807981829,2
YEL032C-A_YPL102C,YEL032C-A,YPL102C,0.0134621225728476,2
YEL032C-A_YDR378C,YEL032C-A,YDR378C,0.011776124889474,2
YEL032C-A_YNL028W,YEL032C-A,YNL028W,0.0133829390154466,2
YEL032C-A_YLL014W,YEL032C-A,YLL014W,0.0105745129479517,2
YEL032C-A_snR65,YEL032C-A,snR65,0.0430507389250489,2
YEL032C-A_YIL052C,YEL032C-A,YIL052C,0.018614594323225,2
YEL032C-A_YOR167C,YEL032C-A,YOR167C,0.0220137013286445,2
YEL032C-A_snR39,YEL032C-A,snR39,0.103412701169169,2
YEL032C-A_YPL013C,YEL032C-A,YPL013C,0.0104047510567502,2
YEL032C-A_YIL021C-A,YEL032C-A,YIL021C-A,0.0148452455917246,2
YEL032C-A_YNL162W-A,YEL032C-A,YNL162W-A,0.0241051005447136,2
YEL032C-A_YDL083C,YEL032C-A,YDL083C,0.0103883274800451,2
YEL032C-A_YMR202W,YEL032C-A,YMR202W,0.010331764949799,2
YEL032C-A_YLR287C-A,YEL032C-A,YLR287C-A,0.0150709713839392,2
YEL032C-A_YLR399W-A,YEL032C-A,YLR399W-A,0.0653487036438651,2
YEL032C-A_YNL190W,YEL032C-A,YNL190W,0.0137219543184389,2
YDR354C-A_YML007C-A,YDR354C-A,YML007C-A,0.0171466871680893,2
YDR354C-A_YJL136W-A,YDR354C-A,YJL136W-A,0.0261383703390861,2
YDR354C-A_YML054C-A,YDR354C-A,YML054C-A,0.0110108263455677,2
YDR354C-A_YCL048W-A,YDR354C-A,YCL048W-A,0.0118306926184864,2
YDR354C-A_YNR003W-A,YDR354C-A,YNR003W-A,0.0116564153585551,2
YDR354C-A_YMR122W-A,YDR354C-A,YMR122W-A,0.0133450722471601,2
YDR354C-A_YBR223W-A,YDR354C-A,YBR223W-A,0.0150767642136747,2
YDR354C-A_YPL037C,YDR354C-A,YPL037C,0.0106796224225905,2
YDR354C-A_snR50,YDR354C-A,snR50,0.023599815391191,2
YDR354C-A_YPR133W-A,YDR354C-A,YPR133W-A,0.0143731362396537,2
YDR354C-A_YDR524C-B,YDR354C-A,YDR524C-B,0.0231526135936759,2
YDR354C-A_YPL096C-A,YDR354C-A,YPL096C-A,0.017489460293845,2
YDR354C-A_YJL064W,YDR354C-A,YJL064W,0.0140253209723035,2
YDR354C-A_YDL114W-A,YDR354C-A,YDL114W-A,0.023891834016916,2
YOR161W-A_tC(GCA)Q,YOR161W-A,tC(GCA)Q,0.0123883281216711,2
snR77_tT(UGU)H,snR77,tT(UGU)H,0.0334473942894141,2
snR77_YBL039C-A,snR77,YBL039C-A,0.0210788539015411,2
snR77_tG(UCC)G,snR77,tG(UCC)G,0.0325920394281613,2
snR77_tK(UUU)Q,snR77,tK(UUU)Q,0.0290780320811536,2
snR77_YMR272W-A,snR77,YMR272W-A,0.143634841731266,2
snR77_tV(UAC)Q,snR77,tV(UAC)Q,0.0223353399499046,2
snR77_YJR151W-A,snR77,YJR151W-A,-0.205902419030992,2
snR77_YLR162W-A,snR77,YLR162W-A,0.0565762057378735,2
snR77_YHR022C-A,snR77,YHR022C-A,0.0133428720905487,2
snR77_YLL019W-A,snR77,YLL019W-A,0.0117646863424068,2
YGR068W-A_YDR354C-A,YGR068W-A,YDR354C-A,0.0416188193386706,2
YGR068W-A_YBL006W-A,YGR068W-A,YBL006W-A,0.0606248032016269,2
YGR068W-A_YOL077W-A,YGR068W-A,YOL077W-A,0.0143885641903209,2
YGR068W-A_YBR223W-A,YGR068W-A,YBR223W-A,0.0241343636367073,2
YGR068W-A_YPL189C-A,YGR068W-A,YPL189C-A,0.0618618323931276,2
YGR068W-A_snR24,YGR068W-A,snR24,0.0376307071576603,2
YGR068W-A_YHR032C-A,YGR068W-A,YHR032C-A,0.0429062860447757,2
YGR068W-A_YDR524C-B,YGR068W-A,YDR524C-B,0.0376586915017948,2
YGR068W-A_tE(UUC)M,YGR068W-A,tE(UUC)M,0.0324235832025013,2
YGR068W-A_YPL135C-A,YGR068W-A,YPL135C-A,0.0435050632120015,2
YDL232W_YBL039W-B,YDL232W,YBL039W-B,0.0118288859313422,2
YDL232W_YBR082C,YDL232W,YBR082C,0.0161169809059471,2
YDL232W_tY(GUA)Q,YDL232W,tY(GUA)Q,0.0131667112084293,2
YDL232W_YLR333C,YDL232W,YLR333C,0.0113870923205387,2
YDL232W_YER009W,YDL232W,YER009W,0.017361892061645,2
YDL232W_YGL006W-A,YDL232W,YGL006W-A,0.0235344962399377,2
YDL232W_YCR095W-A,YDL232W,YCR095W-A,0.0170447425874962,2
YDL232W_snR87,YDL232W,snR87,0.102190293367814,2
YDL232W_YBL001C,YDL232W,YBL001C,0.0122295402383698,2
YDL232W_YEL008C-A,YDL232W,YEL008C-A,0.131071634929526,2
YDL232W_YKL162C-A,YDL232W,YKL162C-A,0.0502614021238821,2
YDL232W_YLR347W-A,YDL232W,YLR347W-A,0.034603556610597,2
YDL232W_snR64,YDL232W,snR64,0.0879628368241726,2
YDL232W_YNL145W,YDL232W,YNL145W,0.0309211048350792,2
YDL232W_YDR461W,YDL232W,YDR461W,0.0314388693400267,2
YDL232W_YDR016C,YDL232W,YDR016C,0.0136864439815482,2
YDL232W_YDR320W-B,YDL232W,YDR320W-B,0.0227364639757109,2
YDL232W_tD(GUC)N,YDL232W,tD(GUC)N,0.0215953253817681,2
YDL232W_YOR186C-A,YDL232W,YOR186C-A,0.037050755561931,2
YDL232W_YER090C-A,YDL232W,YER090C-A,0.041028621310802,2
YDL232W_YOL097W-A,YDL232W,YOL097W-A,0.0390524005061679,2
YDL232W_snR43,YDL232W,snR43,0.0118723121779281,2
YDL232W_YDL067C,YDL232W,YDL067C,0.0446146228256745,2
YDL232W_YJR151W-A,YDL232W,YJR151W-A,0.212581214950463,2
YDL232W_YBR141W-A,YDL232W,YBR141W-A,0.158745468074862,2
YDL232W_YGR122C-A,YDL232W,YGR122C-A,0.0170802210627958,2
YDL232W_YGL188C-A,YDL232W,YGL188C-A,0.0352160939691888,2
YDL232W_YDR169C-A,YDL232W,YDR169C-A,0.0342400252185683,2
YDL232W_tX(XXX)D,YDL232W,tX(XXX)D,0.0231375717663614,2
YDL232W_snR55,YDL232W,snR55,0.0629093141305242,2
YDL232W_YHR050W-A,YDL232W,YHR050W-A,0.0145198515444374,2
YDL232W_snR39,YDL232W,snR39,0.140071609102842,2
YDL232W_snR39B,YDL232W,snR39B,0.0957291288436946,2
YDL232W_YPL250W-A,YDL232W,YPL250W-A,0.0155589358715722,2
snR18_snR189,snR18,snR189,0.0200595392384404,2
snR18_YEL032C-A,snR18,YEL032C-A,0.110322963575669,2
snR18_YPL142C,snR18,YPL142C,0.0126126355949842,2
snR18_YBL071C-B,snR18,YBL071C-B,0.0397733351516226,2
snR18_YJL205C,snR18,YJL205C,0.0361463108899717,2
snR18_YPR183W,snR18,YPR183W,0.0156692288720819,2
snR18_YGR063C,snR18,YGR063C,0.015225164607537,2
snR18_YNL300W,snR18,YNL300W,0.0119870360109358,2
snR18_YCR038W-A,snR18,YCR038W-A,0.070815949196577,2
snR18_snR69,snR18,snR69,0.0504873735667527,2
snR18_snR31,snR18,snR31,0.0106555478178939,2
snR18_YDL159W-A,snR18,YDL159W-A,0.0215269058433636,2
snR18_tF(GAA)Q,snR18,tF(GAA)Q,0.0409858315513299,2
snR18_YPR169W-A,snR18,YPR169W-A,0.0120660805731756,2
snR18_YMR307C-A,snR18,YMR307C-A,0.0185113632410499,2
snR18_snR161,snR18,snR161,0.0199483576132782,2
snR18_snR71,snR18,snR71,0.0111923324742538,2
snR18_YPL136W,snR18,YPL136W,0.0161174993408605,2
snR18_snR128,snR18,snR128,0.0661126162066134,2
snR18_YDR246W-A,snR18,YDR246W-A,0.0153747075574879,2
snR18_YML081C-A,snR18,YML081C-A,0.0159257242392719,2
snR18_YDR476C,snR18,YDR476C,0.0155134297383005,2
snR18_YPL047W,snR18,YPL047W,0.0111941641204294,2
snR18_YOR161C-C,snR18,YOR161C-C,0.0156451599995876,2
snR18_snR58,snR18,snR58,0.0296422118803244,2
snR18_YHR073C-B,snR18,YHR073C-B,0.0272743230918389,2
snR18_YHL018W,snR18,YHL018W,0.015839340530727,2
snR18_YIR044C,snR18,YIR044C,0.0111419679688738,2
snR18_snR40,snR18,snR40,0.0530725692505399,2
snR18_YPL152W-A,snR18,YPL152W-A,0.0241477689892486,2
snR18_YOR381W-A,snR18,YOR381W-A,0.0133059431111389,2
snR18_YCR075W-A,snR18,YCR075W-A,0.01962193375896,2
snR18_YMR123W,snR18,YMR123W,0.013248815218935,2
snR18_YLR388W,snR18,YLR388W,0.0364692140332725,2
snR18_YJL052C-A,snR18,YJL052C-A,0.0375336196194068,2
snR18_YLR264W,snR18,YLR264W,0.0294980076104796,2
snR18_YLR146W-A,snR18,YLR146W-A,0.0103469837271597,2
snR18_tR(CCG)L,snR18,tR(CCG)L,0.0535119206837734,2
snR18_YNL015W,snR18,YNL015W,0.0119855530488142,2
snR18_YKR057W,snR18,YKR057W,0.0506502117151066,2
snR18_YIL105W-A,snR18,YIL105W-A,0.0140920568783882,2
snR18_YLR230W,snR18,YLR230W,0.0151394273212542,2
snR18_YJL047C-A,snR18,YJL047C-A,0.0204369215614604,2
snR18_snR46,snR18,snR46,0.0141811465929064,2
snR18_YPL251W,snR18,YPL251W,0.0144604598551133,2
snR18_YGR183C,snR18,YGR183C,0.0166406579930995,2
snR18_YOL005C,snR18,YOL005C,0.013664858406477,2
snR18_YGR064W,snR18,YGR064W,0.0114776527797675,2
snR18_YJL136C,snR18,YJL136C,0.0189812739951422,2
snR18_YBR126W-B,snR18,YBR126W-B,0.0290525144231831,2
snR18_YBR221W-A,snR18,YBR221W-A,0.0159010675732508,2
snR18_tL(UAA)Q,snR18,tL(UAA)Q,0.0258238933733033,2
snR18_YHR131W-A,snR18,YHR131W-A,0.0149516243722809,2
snR18_YJR048W,snR18,YJR048W,0.0104697440544515,2
snR18_YPR002C-A,snR18,YPR002C-A,0.0172222416160819,2
snR18_YLR185W,snR18,YLR185W,0.020555340959195,2
snR18_YDR115W,snR18,YDR115W,0.0110963495956703,2
snR18_YLR390W,snR18,YLR390W,0.0113616502312287,2
snR18_YBR196C-B,snR18,YBR196C-B,0.0211158766828433,2
snR18_YPL079W,snR18,YPL079W,0.0118219548291649,2
snR18_tN(GUU)Q,snR18,tN(GUU)Q,0.0313329554372297,2
snR18_YBL071W-A,snR18,YBL071W-A,0.016264130758785,2
snR18_YIL059C,snR18,YIL059C,0.0128960561848577,2
snR18_tR(CCU)J,snR18,tR(CCU)J,0.065037488878062,2
snR18_YDL240C-A,snR18,YDL240C-A,0.0175498572613352,2
snR18_snR85,snR18,snR85,0.0457622171392914,2
snR18_YPL102C,snR18,YPL102C,0.0107459314448452,2
snR18_YLR264C-A,snR18,YLR264C-A,0.0147897780914977,2
snR18_YDR118W-A,snR18,YDR118W-A,0.0217492482159405,2
snR18_YIL052C,snR18,YIL052C,0.0153361588217026,2
snR18_YDL025W-A,snR18,YDL025W-A,0.0261534661769201,2
snR18_snR62,snR18,snR62,0.0178755571489519,2
snR18_YOR167C,snR18,YOR167C,0.0173316046852985,2
snR18_YOL038C-A,snR18,YOL038C-A,0.0144492610591209,2
snR18_snR39,snR18,snR39,0.118016287863027,2
snR18_YHL015W-A,snR18,YHL015W-A,0.0712482219795633,2
snR18_YIL021C-A,snR18,YIL021C-A,0.0114076920091778,2
snR18_YNL162W-A,snR18,YNL162W-A,0.0182659754977053,2
snR18_YPL252C,snR18,YPL252C,0.0139960437551357,2
snR18_YCR046C,snR18,YCR046C,0.0119470043453807,2
snR18_YLR287C-A,snR18,YLR287C-A,0.013872700336783,2
snR18_YLR399W-A,snR18,YLR399W-A,0.049017998484914,2
YLR402W_YHR073W-A,YLR402W,YHR073W-A,0.0157800450748955,2
YLR402W_YBR056C-B,YLR402W,YBR056C-B,0.0156536008436304,2
YCR038W-A_YBL071C-B,YCR038W-A,YBL071C-B,0.028073101169479,2
YCR038W-A_snR18,YCR038W-A,snR18,0.0684207902745125,2
YCR038W-A_YOR376W-A,YCR038W-A,YOR376W-A,0.0131001382343913,2
YCR038W-A_snR69,YCR038W-A,snR69,0.0324762789764698,2
YCR038W-A_YDL159W-A,YCR038W-A,YDL159W-A,0.0163454542559209,2
YCR038W-A_YMR307C-A,YCR038W-A,YMR307C-A,0.0119075393453207,2
YCR038W-A_snR161,YCR038W-A,snR161,0.0129216444023326,2
YCR038W-A_snR128,YCR038W-A,snR128,0.0430057616951063,2
YCR038W-A_snR58,YCR038W-A,snR58,0.0229741094124651,2
YCR038W-A_YPL152W-A,YCR038W-A,YPL152W-A,0.0183359318070191,2
YCR038W-A_snR38,YCR038W-A,snR38,0.0248410870541573,2
YCR038W-A_YCR075W-A,YCR038W-A,YCR075W-A,0.0135353138857536,2
YCR038W-A_YLR388W,YCR038W-A,YLR388W,0.0247040372828523,2
YCR038W-A_tR(CCG)L,YCR038W-A,tR(CCG)L,0.0393896154187446,2
YCR038W-A_YKR057W,YCR038W-A,YKR057W,0.0338874001286342,2
YCR038W-A_YLR230W,YCR038W-A,YLR230W,0.0115904390645655,2
YCR038W-A_YJL047C-A,YCR038W-A,YJL047C-A,0.0147415283893737,2
YCR038W-A_snR46,YCR038W-A,snR46,0.010466229027078,2
YCR038W-A_YGR183C,YCR038W-A,YGR183C,0.011735273810788,2
YCR038W-A_YJL136C,YCR038W-A,YJL136C,0.0133750536445813,2
YCR038W-A_YBR126W-B,YCR038W-A,YBR126W-B,0.0194351473406099,2
YCR038W-A_snR72,YCR038W-A,snR72,0.0206503970816179,2
YCR038W-A_YBR196C-B,YCR038W-A,YBR196C-B,0.0150251214963219,2
YCR038W-A_YBL071W-A,YCR038W-A,YBL071W-A,0.011802715461717,2
YCR038W-A_tR(CCU)J,YCR038W-A,tR(CCU)J,0.0537804947366038,2
YCR038W-A_YDL240C-A,YCR038W-A,YDL240C-A,0.011361086327182,2
YCR038W-A_snR85,YCR038W-A,snR85,0.0306193944464764,2
YCR038W-A_YDR118W-A,YCR038W-A,YDR118W-A,0.0141291613830238,2
YCR038W-A_YDL025W-A,YCR038W-A,YDL025W-A,0.0186076454012683,2
YCR038W-A_YNL144W-A,YCR038W-A,YNL144W-A,0.0239218627827177,2
YCR038W-A_snR62,YCR038W-A,snR62,0.0117888955608259,2
YCR038W-A_YHL015W-A,YCR038W-A,YHL015W-A,0.051999641873177,2
YCR038W-A_snR78,YCR038W-A,snR78,0.0232741596364371,2
YCR038W-A_YBR126W-A,YCR038W-A,YBR126W-A,0.0320100458266128,2
YCR038W-A_YMR242W-A,YCR038W-A,YMR242W-A,0.0140959571645923,2
YJL136W-A_YML007C-A,YJL136W-A,YML007C-A,0.0162723720732751,2
YJL136W-A_YCL048W-A,YJL136W-A,YCL048W-A,0.0111642674672041,2
YJL136W-A_YNR003W-A,YJL136W-A,YNR003W-A,0.0107545896951727,2
YJL136W-A_YDL114W-A,YJL136W-A,YDL114W-A,0.0221900911244541,2
YDL061C_YML129C,YDL061C,YML129C,0.0395306486771839,2
YDL061C_YIL156W-B,YDL061C,YIL156W-B,0.0154868321431224,2
YDL061C_snR75,YDL061C,snR75,0.0152806459020171,2
YDL061C_snR13,YDL061C,snR13,0.0122061864292074,2
YDL061C_YLR399W-A,YDL061C,YLR399W-A,0.0308776105945675,2
YBL006W-A_YGR068W-A,YBL006W-A,YGR068W-A,0.0620732128886129,2
YBL006W-A_YPL189C-A,YBL006W-A,YPL189C-A,0.055163559285493,2
YBL006W-A_YHR032C-A,YBL006W-A,YHR032C-A,0.0391109923146878,2
YBL006W-A_YDR524C-B,YBL006W-A,YDR524C-B,0.03357626027284,2
YBL006W-A_tE(UUC)M,YBL006W-A,tE(UUC)M,0.0296707214884449,2
snR87_YDL232W,snR87,YDL232W,0.108750505178647,2
snR87_YGL006W-A,snR87,YGL006W-A,0.0117078659978124,2
snR87_YEL008C-A,snR87,YEL008C-A,0.064306908190101,2
snR87_YDR461W,snR87,YDR461W,0.0152963628998428,2
snR87_tD(GUC)N,snR87,tD(GUC)N,0.0105301338156055,2
snR87_YOL097W-A,snR87,YOL097W-A,0.0195641368281223,2
snR87_YBR141W-A,snR87,YBR141W-A,0.0787927569186283,2
snR87_YGL188C-A,snR87,YGL188C-A,0.0170484306767301,2
YML129C_snR77,YML129C,snR77,0.0898503944315969,2
YML129C_YDL061C,YML129C,YDL061C,0.0399145146910405,2
YML129C_YDR034C-A,YML129C,YDR034C-A,0.0268403302691891,2
YML129C_YJL127W-A,YML129C,YJL127W-A,0.0306547619146338,2
YML129C_YDR276C,YML129C,YDR276C,0.0311279899314703,2
YML129C_YBL039C-A,YML129C,YBL039C-A,0.0110508696991335,2
YML129C_YMR272W-A,YML129C,YMR272W-A,0.0846363776732142,2
YML129C_tV(UAC)Q,YML129C,tV(UAC)Q,0.011383568031533,2
YML129C_YER053C-A,YML129C,YER053C-A,0.0603369959700597,2
YML129C_YMR013C-A,YML129C,YMR013C-A,0.0126206971382258,2
YML129C_YAL037C-A,YML129C,YAL037C-A,0.0239038458259375,2
YML129C_YGR105W,YML129C,YGR105W,0.0164286637971753,2
YML129C_YOL083C-A,YML129C,YOL083C-A,0.0105211957860181,2
YEL008C-A_YDL232W,YEL008C-A,YDL232W,0.13628101831259,2
YEL008C-A_YKL162C-A,YEL008C-A,YKL162C-A,0.0315981224943346,2
YEL008C-A_tD(GUC)N,YEL008C-A,tD(GUC)N,0.0135312124644181,2
YEL008C-A_YOR186C-A,YEL008C-A,YOR186C-A,0.0239183281580687,2
YEL008C-A_YJR151W-A,YEL008C-A,YJR151W-A,0.148614302469537,2
YEL008C-A_YGR122C-A,YEL008C-A,YGR122C-A,0.0112111920596284,2
YEL008C-A_YDR169C-A,YEL008C-A,YDR169C-A,0.0219720565051265,2
snR69_snR189,snR69,snR189,0.0100906936824186,2
snR69_YLR149C-A,snR69,YLR149C-A,-0.0165015374295298,2
snR69_snR128,snR69,snR128,0.0312491005279557,2
snR69_YHR073C-B,snR69,YHR073C-B,0.0140599669387242,2
snR69_YJL052C-A,snR69,YJL052C-A,0.0182168258596509,2
snR69_tL(UAA)Q,snR69,tL(UAA)Q,0.0134416073344156,2
snR69_YBR196C-B,snR69,YBR196C-B,0.0106087596580079,2
snR69_YDR118W-A,snR69,YDR118W-A,0.0107593603052964,2
snR69_snR78,snR69,snR78,0.0157359656493846,2
snR64_YLR262C-A,snR64,YLR262C-A,0.0114912446732545,2
snR64_YGL006W-A,snR64,YGL006W-A,0.0108148795275993,2
snR64_YLR347W-A,snR64,YLR347W-A,0.017423798831922,2
snR64_YEL017C-A,snR64,YEL017C-A,0.026456019202346,2
snR64_YOL097W-A,snR64,YOL097W-A,0.0177425525527128,2
snR64_YBR141W-A,snR64,YBR141W-A,0.0774426086466502,2
snR64_snR55,snR64,snR55,0.0317131694065194,2
snR64_YJL077W-A,snR64,YJL077W-A,0.0272936339359382,2
snR64_snR39B,snR64,snR39B,0.0484296345004903,2
snR64_YLR154W-F,snR64,YLR154W-F,0.0301690718713103,2
YJL062W-A_YCR047W-A,YJL062W-A,YCR047W-A,0.0100068936717073,2
YNL097W-A_YKL106C-A,YNL097W-A,YKL106C-A,0.0459155864874348,2
YNL097W-A_YPR182W,YNL097W-A,YPR182W,0.0332346627877225,2
YNL097W-A_YPL098C,YNL097W-A,YPL098C,0.0122611331153547,2
YNL097W-A_YLR402W,YNL097W-A,YLR402W,0.0335945240712884,2
YNL097W-A_YJL136W-A,YNL097W-A,YJL136W-A,0.0283072864921376,2
YNL097W-A_YDL061C,YNL097W-A,YDL061C,0.035258449251279,2
YNL097W-A_YML129C,YNL097W-A,YML129C,0.0436211982994484,2
YNL097W-A_YIL156W-B,YNL097W-A,YIL156W-B,0.0171160058289803,2
YNL097W-A_YJL127W-A,YNL097W-A,YJL127W-A,0.0227235566664332,2
YNL097W-A_YDR276C,YNL097W-A,YDR276C,0.0268509388908938,2
YNL097W-A_YLR154W-E,YNL097W-A,YLR154W-E,0.0126778437001949,2
YNL097W-A_YMR122W-A,YNL097W-A,YMR122W-A,0.0150478159623057,2
YNL097W-A_YMR002W,YNL097W-A,YMR002W,0.0161344856724765,2
YNL097W-A_YCL033C,YNL097W-A,YCL033C,0.0108568138232191,2
YNL097W-A_YDR193W,YNL097W-A,YDR193W,0.0107619817613734,2
YNL097W-A_YBR230W-A,YNL097W-A,YBR230W-A,0.0105666691348789,2
YNL097W-A_snR75,YNL097W-A,snR75,0.014819417642931,2
YNL097W-A_YOR302W,YNL097W-A,YOR302W,0.0427873199232383,2
YNL097W-A_YJR034W,YNL097W-A,YJR034W,0.0103047539883294,2
YNL097W-A_YOL039W,YNL097W-A,YOL039W,0.0104693155639404,2
YNL097W-A_YBR056C-B,YNL097W-A,YBR056C-B,0.0195012679659274,2
YNL097W-A_YKL023C-A,YNL097W-A,YKL023C-A,0.0100899291515961,2
YNL097W-A_YGL106W,YNL097W-A,YGL106W,0.0106551126035971,2
YNL097W-A_YER053C-A,YNL097W-A,YER053C-A,0.051383244817405,2
YNL097W-A_YMR256C,YNL097W-A,YMR256C,0.0109431190638523,2
YNL097W-A_YDR482C,YNL097W-A,YDR482C,0.0113090061241793,2
YNL097W-A_YJR112W-A,YNL097W-A,YJR112W-A,0.0132951134647621,2
YNL097W-A_YGR105W,YNL097W-A,YGR105W,0.0146913744801473,2
YNL097W-A_YJR085C,YNL097W-A,YJR085C,0.0113022614892625,2
YNL097W-A_YJL064W,YNL097W-A,YJL064W,0.0159588667755356,2
YNL097W-A_YCR024C-A,YNL097W-A,YCR024C-A,0.0402901727404303,2
YNL097W-A_YLR204W,YNL097W-A,YLR204W,0.0135116554425521,2
YNL097W-A_YPL271W,YNL097W-A,YPL271W,0.0143230033619739,2
YKL156C-A_snR79,YKL156C-A,snR79,0.181074481602116,2
snR128_snR189,snR128,snR189,0.0120606628028232,2
snR128_YBL071C-B,snR128,YBL071C-B,0.0247175130591189,2
snR128_YJL205C,snR128,YJL205C,0.0217459793639554,2
snR128_snR18,snR128,snR18,0.0656629943208209,2
snR128_YCR038W-A,snR128,YCR038W-A,0.0439550849428014,2
snR128_YOR376W-A,snR128,YOR376W-A,0.0105353288217959,2
snR128_snR69,snR128,snR69,0.0308596126651526,2
snR128_YDL159W-A,snR128,YDL159W-A,0.0137263853821134,2
snR128_YMR307C-A,snR128,YMR307C-A,0.0112761341875133,2
snR128_snR161,snR128,snR161,0.0121213494795198,2
snR128_snR58,snR128,snR58,0.0187885649809555,2
snR128_YHR073C-B,snR128,YHR073C-B,0.0166098013387067,2
snR128_snR40,snR128,snR40,0.0312444783187255,2
snR128_YPL152W-A,snR128,YPL152W-A,0.0153353402011175,2
snR128_YCR075W-A,snR128,YCR075W-A,0.0120277570479029,2
snR128_YLR388W,snR128,YLR388W,0.0224791881073968,2
snR128_YJL052C-A,snR128,YJL052C-A,0.0225051273923764,2
snR128_YLR264W,snR128,YLR264W,0.0175815721384262,2
snR128_tR(CCG)L,snR128,tR(CCG)L,0.0340966267270291,2
snR128_YKR057W,snR128,YKR057W,0.0310953729472049,2
snR128_YJL047C-A,snR128,YJL047C-A,0.0129218348412925,2
snR128_YGR183C,snR128,YGR183C,0.0103074751458674,2
snR128_YJL136C,snR128,YJL136C,0.0117576694508419,2
snR128_YBR126W-B,snR128,YBR126W-B,0.0177875954986098,2
snR128_tL(UAA)Q,snR128,tL(UAA)Q,0.0158404903599592,2
snR128_YPR002C-A,snR128,YPR002C-A,0.0102674902985348,2
snR128_YBR196C-B,snR128,YBR196C-B,0.0133253646583377,2
snR128_tN(GUU)Q,snR128,tN(GUU)Q,0.018519325829654,2
snR128_YBL071W-A,snR128,YBL071W-A,0.0100612173932207,2
snR128_YDL240C-A,snR128,YDL240C-A,0.0107858434078183,2
snR128_snR85,snR128,snR85,0.0280668385515055,2
snR128_YDR118W-A,snR128,YDR118W-A,0.0133666210383133,2
snR128_YDL025W-A,snR128,YDL025W-A,0.0163853193145204,2
snR128_snR62,snR128,snR62,0.0109684147380519,2
snR128_YHL015W-A,snR128,YHL015W-A,0.0446419747770188,2
snR128_snR78,snR128,snR78,0.0199977603338229,2
snR128_YBR126W-A,snR128,YBR126W-A,0.025595940532455,2
tV(AAC)O_YEL032C-A,tV(AAC)O,YEL032C-A,0.143053259800506,2
tV(AAC)O_tF(GAA)Q,tV(AAC)O,tF(GAA)Q,0.0690557220420426,2
tV(AAC)O_YDL184C,tV(AAC)O,YDL184C,0.0982863741702374,2
tV(AAC)O_YOR381W-A,tV(AAC)O,YOR381W-A,0.0235705310206431,2
tV(AAC)O_YIL105W-A,tV(AAC)O,YIL105W-A,0.024088893906566,2
tV(AAC)O_YJR151W-A,tV(AAC)O,YJR151W-A,-0.120551531572277,2
tV(AAC)O_tN(GUU)Q,tV(AAC)O,tN(GUU)Q,0.0474017087960596,2
tV(AAC)O_snR65,tV(AAC)O,snR65,0.0613393664322772,2
tV(AAC)O_YNL162W-A,tV(AAC)O,YNL162W-A,0.0305823517531505,2
tV(AAC)O_snR79,tV(AAC)O,snR79,-0.202607596656096,2
YDL184C_YOR161W-A,YDL184C,YOR161W-A,-0.0319533526598656,2
YDL184C_YDR034C-A,YDL184C,YDR034C-A,0.0262923060394169,2
YDL184C_tV(AAC)O,YDL184C,tV(AAC)O,0.103701832588768,2
YDL184C_YOR381W-A,YDL184C,YOR381W-A,0.011764533251072,2
YDL184C_tC(GCA)Q,YDL184C,tC(GCA)Q,-0.0169679279560884,2
YDL184C_YMR013C-A,YDL184C,YMR013C-A,0.0131028863893261,2
YDL184C_snR65,YDL184C,snR65,0.0332193761785478,2
YDL184C_YJL077W-A,YDL184C,YJL077W-A,-0.0278600448255201,2
YDL184C_YNL162W-A,YDL184C,YNL162W-A,0.0151359178276115,2
YDL184C_YOL083C-A,YDL184C,YOL083C-A,0.011223575572531,2
YDL133C-A_snR79,YDL133C-A,snR79,0.136074369046222,2
snR40_YJL205C,snR40,YJL205C,0.0186373145365553,2
snR40_YCR075W-A,snR40,YCR075W-A,0.0103909755121855,2
snR40_YHR073W-A,snR40,YHR073W-A,0.0150894035406764,2
snR40_YER090C-A,snR40,YER090C-A,0.0134117007472139,2
snR40_snR81,snR40,snR81,0.0114842416950864,2
snR40_YDL067C,snR40,YDL067C,0.0155952156551018,2
snR40_YLR286W-A,snR40,YLR286W-A,0.0119967111015398,2
snR40_YCR047W-A,snR40,YCR047W-A,0.0234206909854226,2
YMR272W-A_YKL106C-A,YMR272W-A,YKL106C-A,0.070674633268789,2
YMR272W-A_YEL032C-A,YMR272W-A,YEL032C-A,0.0982947889323497,2
YMR272W-A_YDL130W,YMR272W-A,YDL130W,0.0153493671742614,2
YMR272W-A_YDR354C-A,YMR272W-A,YDR354C-A,0.0530163947440134,2
YMR272W-A_snR77,YMR272W-A,snR77,0.142938482240975,2
YMR272W-A_YML007C-A,YMR272W-A,YML007C-A,0.0349607656635784,2
YMR272W-A_YLR402W,YMR272W-A,YLR402W,0.0579347282393585,2
YMR272W-A_YJL136W-A,YMR272W-A,YJL136W-A,0.0548866050489437,2
YMR272W-A_YDL061C,YMR272W-A,YDL061C,0.0629585860308431,2
YMR272W-A_YLR178C,YMR272W-A,YLR178C,0.0120941610525249,2
YMR272W-A_YML129C,YMR272W-A,YML129C,0.0845608381398087,2
YMR272W-A_YDR034C-A,YMR272W-A,YDR034C-A,0.0396243493877746,2
YMR272W-A_YCL048W-A,YMR272W-A,YCL048W-A,0.0238658303971243,2
YMR272W-A_YDR155C,YMR272W-A,YDR155C,0.0157108133802892,2
YMR272W-A_YJL127W-A,YMR272W-A,YJL127W-A,0.0461112368079585,2
YMR272W-A_YDR276C,YMR272W-A,YDR276C,0.0483720799137045,2
YMR272W-A_tT(UGU)H,YMR272W-A,tT(UGU)H,0.0242732535674779,2
YMR272W-A_YBL039C-A,YMR272W-A,YBL039C-A,0.0169819950343861,2
YMR272W-A_YLR154W-E,YMR272W-A,YLR154W-E,0.0225779277295165,2
YMR272W-A_YLR349W,YMR272W-A,YLR349W,0.0146001231305688,2
YMR272W-A_YMR122W-A,YMR272W-A,YMR122W-A,0.0284090294194592,2
YMR272W-A_YNL097W-A,YMR272W-A,YNL097W-A,0.0756917542272914,2
YMR272W-A_YNL138W-A,YMR272W-A,YNL138W-A,0.0144669778577094,2
YMR272W-A_tV(AAC)O,YMR272W-A,tV(AAC)O,0.102478395550307,2
YMR272W-A_YFL010C,YMR272W-A,YFL010C,0.0113733292865046,2
YMR272W-A_tG(UCC)G,YMR272W-A,tG(UCC)G,0.0241739472894546,2
YMR272W-A_YDR193W,YMR272W-A,YDR193W,0.0204474094604273,2
YMR272W-A_YFL067W,YMR272W-A,YFL067W,0.0111488989519017,2
YMR272W-A_YDL184C,YMR272W-A,YDL184C,0.0641479204349704,2
YMR272W-A_tK(UUU)Q,YMR272W-A,tK(UUU)Q,0.021567562026804,2
YMR272W-A_YNL322C,YMR272W-A,YNL322C,0.0154818352455871,2
YMR272W-A_YBR230W-A,YMR272W-A,YBR230W-A,0.0195769125645839,2
YMR272W-A_YLL009C,YMR272W-A,YLL009C,0.0115773350312325,2
YMR272W-A_YPL189C-A,YMR272W-A,YPL189C-A,0.0603434452106022,2
YMR272W-A_YNL135C,YMR272W-A,YNL135C,0.0145957470729112,2
YMR272W-A_YOR302W,YMR272W-A,YOR302W,0.068655929409623,2
YMR272W-A_YCR087C-A,YMR272W-A,YCR087C-A,0.0106119739986752,2
YMR272W-A_YOR146W,YMR272W-A,YOR146W,0.0171383718844325,2
YMR272W-A_YJL144W,YMR272W-A,YJL144W,0.0150199202495565,2
YMR272W-A_tV(UAC)Q,YMR272W-A,tV(UAC)Q,0.0170224434031543,2
YMR272W-A_YJR151W-A,YMR272W-A,YJR151W-A,-0.133959795680459,2
YMR272W-A_YDR077W,YMR272W-A,YDR077W,0.0121019528216131,2
YMR272W-A_YOL039W,YMR272W-A,YOL039W,0.0200537319722811,2
YMR272W-A_YER058W,YMR272W-A,YER058W,0.0162988564592421,2
YMR272W-A_YER053C-A,YMR272W-A,YER053C-A,0.0968134056321875,2
YMR272W-A_YKL169C,YMR272W-A,YKL169C,0.0102593141004465,2
YMR272W-A_YMR013C-A,YMR272W-A,YMR013C-A,0.0182104734299077,2
YMR272W-A_YGL041C-B,YMR272W-A,YGL041C-B,0.0107373570570571,2
YMR272W-A_snR32,YMR272W-A,snR32,0.011876065899606,2
YMR272W-A_YJR112W-A,YMR272W-A,YJR112W-A,0.023488627039712,2
YMR272W-A_YEL027W,YMR272W-A,YEL027W,0.0126981325468802,2
YMR272W-A_YOR394C-A,YMR272W-A,YOR394C-A,0.016191173161845,2
YMR272W-A_YLR194C,YMR272W-A,YLR194C,0.0101493044126995,2
YMR272W-A_YAL037C-A,YMR272W-A,YAL037C-A,0.0376391826238719,2
YMR272W-A_YOR248W,YMR272W-A,YOR248W,0.0115300802429343,2
YMR272W-A_YPL096C-A,YMR272W-A,YPL096C-A,0.0342143218562151,2
YMR272W-A_YGR105W,YMR272W-A,YGR105W,0.0269630753268757,2
YMR272W-A_YPL234C,YMR272W-A,YPL234C,0.011731946867524,2
YMR272W-A_YJR085C,YMR272W-A,YJR085C,0.0197505919363269,2
YMR272W-A_YLR379W,YMR272W-A,YLR379W,0.0164029821735281,2
YMR272W-A_YJL064W,YMR272W-A,YJL064W,0.0298789132880971,2
YMR272W-A_YCR024C-A,YMR272W-A,YCR024C-A,0.0716601703156894,2
YMR272W-A_YOL083C-A,YMR272W-A,YOL083C-A,0.0149188565205573,2
YMR272W-A_YLR204W,YMR272W-A,YLR204W,0.0242878415578072,2
YMR272W-A_YJR094W-A,YMR272W-A,YJR094W-A,0.0170913350557403,2
YMR272W-A_YPL271W,YMR272W-A,YPL271W,0.0248950572670407,2
YMR272W-A_YAL044C,YMR272W-A,YAL044C,0.0156588195641256,2
YMR272W-A_YDL114W-A,YMR272W-A,YDL114W-A,0.0467469154525421,2
snR38_YDR524W-C,snR38,YDR524W-C,0.0107914205920766,2
YLR264W_YCR047W-A,YLR264W,YCR047W-A,0.0120507701927284,2
snR67_snR79,snR67,snR79,0.153481161110071,2
YPL189C-A_YDR354C-A,YPL189C-A,YDR354C-A,0.0393805918394193,2
YPL189C-A_YGR068W-A,YPL189C-A,YGR068W-A,0.0626903907458543,2
YPL189C-A_YLR110C,YPL189C-A,YLR110C,0.0130086805154724,2
YPL189C-A_YBL006W-A,YPL189C-A,YBL006W-A,0.0544484419257939,2
YPL189C-A_YML054C-A,YPL189C-A,YML054C-A,0.0171598048903689,2
YPL189C-A_YOL077W-A,YPL189C-A,YOL077W-A,0.0127552272650581,2
YPL189C-A_YOR314W-A,YPL189C-A,YOR314W-A,0.0136099855274481,2
YPL189C-A_YOR210W,YPL189C-A,YOR210W,0.0177050538749383,2
YPL189C-A_YNR003W-A,YPL189C-A,YNR003W-A,0.0162638691916111,2
YPL189C-A_YBR223W-A,YPL189C-A,YBR223W-A,0.0222355430315129,2
YPL189C-A_YPL037C,YPL189C-A,YPL037C,0.0147859435706317,2
YPL189C-A_tS(UGA)Q2,YPL189C-A,tS(UGA)Q2,0.0178882032659749,2
YPL189C-A_YKL096W-A,YPL189C-A,YKL096W-A,0.0155825235798569,2
YPL189C-A_YGR174W-A,YPL189C-A,YGR174W-A,0.018423452403338,2
YPL189C-A_snR24,YPL189C-A,snR24,0.0346877670382076,2
YPL189C-A_YLR043C,YPL189C-A,YLR043C,0.0103783214061178,2
YPL189C-A_YNL097C-B,YPL189C-A,YNL097C-B,0.0203122812826675,2
YPL189C-A_snR48,YPL189C-A,snR48,0.0127109672123552,2
YPL189C-A_YLR162W-A,YPL189C-A,YLR162W-A,0.0299034763600691,2
YPL189C-A_YHR032C-A,YPL189C-A,YHR032C-A,0.0381411690138529,2
YPL189C-A_YDR524C-B,YPL189C-A,YDR524C-B,0.0345339078052243,2
YPL189C-A_YMR174C,YPL189C-A,YMR174C,0.0153099625086109,2
YPL189C-A_YNL130C-A,YPL189C-A,YNL130C-A,0.0249885463304648,2
YPL189C-A_YPL096C-A,YPL189C-A,YPL096C-A,0.0231653718661923,2
YPL189C-A_tE(UUC)M,YPL189C-A,tE(UUC)M,0.0283633937134407,2
YPL189C-A_YER138W-A,YPL189C-A,YER138W-A,0.0320806708305747,2
YPL189C-A_snR14,YPL189C-A,snR14,0.0109778335755384,2
YPL189C-A_YPL135C-A,YPL189C-A,YPL135C-A,0.0406015896917945,2
YOR302W_YKL106C-A,YOR302W,YKL106C-A,0.0479526220739791,2
YOR302W_YPR182W,YOR302W,YPR182W,0.0326517832375277,2
YOR302W_YLR062C,YOR302W,YLR062C,0.010806711330393,2
YOR302W_YGR063C,YOR302W,YGR063C,0.0104492841363551,2
YOR302W_YPL098C,YOR302W,YPL098C,0.0116131311743071,2
YOR302W_YLR402W,YOR302W,YLR402W,0.0332945398629484,2
YOR302W_YJR018W,YOR302W,YJR018W,0.0128231916935211,2
YOR302W_YIL156W-B,YOR302W,YIL156W-B,0.017307957516198,2
YOR302W_YNR046W,YOR302W,YNR046W,0.0122604563592776,2
YOR302W_YLR154W-E,YOR302W,YLR154W-E,0.0124755351485896,2
YOR302W_YJL062W-A,YOR302W,YJL062W-A,0.0162861317436958,2
YOR302W_YNL097W-A,YOR302W,YNL097W-A,0.0409601794684102,2
YOR302W_YPL136W,YOR302W,YPL136W,0.0110431553806563,2
YOR302W_YML081C-A,YOR302W,YML081C-A,0.0107136405552795,2
YOR302W_snR40,YOR302W,snR40,0.0347894164736331,2
YOR302W_YHR073W-A,YOR302W,YHR073W-A,0.0198951420262072,2
YOR302W_YLR264W,YOR302W,YLR264W,0.0170854160972405,2
YOR302W_snR75,YOR302W,snR75,0.0151070355330204,2
YOR302W_snR81,YOR302W,snR81,0.0128154752196968,2
YOR302W_YNL086W,YOR302W,YNL086W,0.0115946441325182,2
YOR302W_YJR034W,YOR302W,YJR034W,0.0102645512728098,2
YOR302W_YBR056C-B,YOR302W,YBR056C-B,0.0197851147146046,2
YOR302W_YKL023C-A,YOR302W,YKL023C-A,0.0100451966313732,2
YOR302W_snR13,YOR302W,snR13,0.0126281510796583,2
YOR302W_YLR185W,YOR302W,YLR185W,0.0144355406341914,2
YOR302W_YFR036W,YOR302W,YFR036W,0.0111912849370068,2
YOR302W_YMR256C,YOR302W,YMR256C,0.0110793638943793,2
YOR302W_YJR112W-A,YOR302W,YJR112W-A,0.0126173069617241,2
YOR302W_YCR047W-A,YOR302W,YCR047W-A,0.0274152034459272,2
YOR302W_YOR167C,YOR302W,YOR167C,0.0120291753602875,2
YOR302W_YJR085C,YOR302W,YJR085C,0.0105921925031161,2
YOR302W_YDR500C,YOR302W,YDR500C,0.0102209422976841,2
YOR302W_YPL271W,YOR302W,YPL271W,0.0138616595358134,2
YOR302W_YLR399W-A,YOR302W,YLR399W-A,0.033409231193597,2
snR50_YNR003W-A,snR50,YNR003W-A,0.0100010381923539,2
snR50_YGR174W-A,snR50,YGR174W-A,0.0100147898790423,2
snR50_YPR133W-A,snR50,YPR133W-A,0.0124375293312411,2
snR50_YNL130C-A,snR50,YNL130C-A,0.0131394086904994,2
snR50_YER138W-A,snR50,YER138W-A,0.018097961554782,2
tR(CCG)L_YCR038W-A,tR(CCG)L,YCR038W-A,0.0380185665996198,2
tR(CCG)L_YLR149C-A,tR(CCG)L,YLR149C-A,-0.0193310051461817,2
tR(CCG)L_YML054C-A,tR(CCG)L,YML054C-A,-0.0112893191913584,2
tR(CCG)L_tT(CGU)K,tR(CCG)L,tT(CGU)K,-0.0122158166901836,2
tR(CCG)L_snR69,tR(CCG)L,snR69,0.0249131436122173,2
tR(CCG)L_YDL159W-A,tR(CCG)L,YDL159W-A,0.0134129054899798,2
tR(CCG)L_snR60,tR(CCG)L,snR60,0.0140410589079782,2
tR(CCG)L_snR128,tR(CCG)L,snR128,0.0319600551201702,2
tR(CCG)L_YBR223W-A,tR(CCG)L,YBR223W-A,-0.0145745237727366,2
tR(CCG)L_YHR073C-B,tR(CCG)L,YHR073C-B,0.0133882103648184,2
tR(CCG)L_tS(UGA)Q2,tR(CCG)L,tS(UGA)Q2,-0.0118187140128188,2
tR(CCG)L_YLR388W,tR(CCG)L,YLR388W,0.0187820066990726,2
tR(CCG)L_YKR057W,tR(CCG)L,YKR057W,0.0254316356975041,2
tR(CCG)L_YJL047C-A,tR(CCG)L,YJL047C-A,0.0122921444296289,2
tR(CCG)L_YDR524W-C,tR(CCG)L,YDR524W-C,0.0119779374997986,2
tR(CCG)L_YBR126W-B,tR(CCG)L,YBR126W-B,0.0142809732936314,2
tR(CCG)L_tL(UAA)Q,tR(CCG)L,tL(UAA)Q,0.013281885856473,2
tR(CCG)L_YBR196C-B,tR(CCG)L,YBR196C-B,0.0126043464090768,2
tR(CCG)L_snR85,tR(CCG)L,snR85,0.0228010884003965,2
tR(CCG)L_tS(CGA)C,tR(CCG)L,tS(CGA)C,0.0109152672286888,2
tR(CCG)L_YDR118W-A,tR(CCG)L,YDR118W-A,0.0111482372224342,2
tR(CCG)L_YDL025W-A,tR(CCG)L,YDL025W-A,0.0148569658548202,2
tR(CCG)L_YNL144W-A,tR(CCG)L,YNL144W-A,0.0209362014382851,2
tR(CCG)L_tQ(UUG)E2,tR(CCG)L,tQ(UUG)E2,-0.0122158166901838,2
tR(CCG)L_YHL015W-A,tR(CCG)L,YHL015W-A,0.0400760840619358,2
tR(CCG)L_snR78,tR(CCG)L,snR78,0.0198833157120358,2
tR(CCG)L_YMR242W-A,tR(CCG)L,YMR242W-A,0.0119694395566611,2
YKR057W_YJL205C,YKR057W,YJL205C,0.0166138713615535,2
YKR057W_YCR038W-A,YKR057W,YCR038W-A,0.0341298856022718,2
YKR057W_snR69,YKR057W,snR69,0.023208954184999,2
YKR057W_YJL052C-A,YKR057W,YJL052C-A,0.0165098820448149,2
YKR057W_snR78,YKR057W,snR78,0.0156563287230821,2
YJR151W-A_YBL039W-B,YJR151W-A,YBL039W-B,0.0114435239720452,2
YJR151W-A_YBR082C,YJR151W-A,YBR082C,0.0156106112174302,2
YJR151W-A_tY(GUA)Q,YJR151W-A,tY(GUA)Q,0.0141483514304719,2
YJR151W-A_YLR333C,YJR151W-A,YLR333C,0.0108872655721904,2
YJR151W-A_tQ(UUG)B,YJR151W-A,tQ(UUG)B,0.0550568439866154,2
YJR151W-A_snR54,YJR151W-A,snR54,0.0520678706775007,2
YJR151W-A_YOR161W-A,YJR151W-A,YOR161W-A,0.0694858825706252,2
YJR151W-A_YEL020C-B,YJR151W-A,YEL020C-B,0.0106173701691372,2
YJR151W-A_YER009W,YJR151W-A,YER009W,0.0155059560069626,2
YJR151W-A_snR77,YJR151W-A,snR77,-0.202523023475656,2
YJR151W-A_YDL232W,YJR151W-A,YDL232W,0.215198884858934,2
YJR151W-A_YCR095W-A,YJR151W-A,YCR095W-A,0.0193513770881906,2
YJR151W-A_snR87,YJR151W-A,snR87,0.0925220855263504,2
YJR151W-A_YEL008C-A,YJR151W-A,YEL008C-A,0.143059590085612,2
YJR151W-A_YKL162C-A,YJR151W-A,YKL162C-A,0.0519598745721358,2
YJR151W-A_YLR347W-A,YJR151W-A,YLR347W-A,0.036846042785471,2
YJR151W-A_YDR034C-A,YJR151W-A,YDR034C-A,-0.0524685665580234,2
YJR151W-A_YJL127W-A,YJR151W-A,YJL127W-A,-0.0622982966371486,2
YJR151W-A_YPR160W-A,YJR151W-A,YPR160W-A,0.109420012223259,2
YJR151W-A_tT(UGU)H,YJR151W-A,tT(UGU)H,-0.0377000003316702,2
YJR151W-A_YBL039C-A,YJR151W-A,YBL039C-A,-0.0243307063844241,2
YJR151W-A_YNL145W,YJR151W-A,YNL145W,0.0319692845312357,2
YJR151W-A_snR60,YJR151W-A,snR60,0.0448043165728261,2
YJR151W-A_YDR461W,YJR151W-A,YDR461W,0.0343193591331055,2
YJR151W-A_tV(AAC)O,YJR151W-A,tV(AAC)O,-0.129064779992599,2
YJR151W-A_tG(UCC)G,YJR151W-A,tG(UCC)G,-0.0372751880769482,2
YJR151W-A_YDL184C,YJR151W-A,YDL184C,-0.0986894674067911,2
YJR151W-A_YDR016C,YJR151W-A,YDR016C,0.0132570040432101,2
YJR151W-A_YDR320W-B,YJR151W-A,YDR320W-B,0.0267625147699255,2
YJR151W-A_tK(UUU)Q,YJR151W-A,tK(UUU)Q,-0.0332562548672001,2
YJR151W-A_YMR272W-A,YJR151W-A,YMR272W-A,-0.132510632697931,2
YJR151W-A_snR38,YJR151W-A,snR38,0.0586250017354806,2
YJR151W-A_tD(GUC)N,YJR151W-A,tD(GUC)N,0.0225625758651784,2
YJR151W-A_YFR012W-A,YJR151W-A,YFR012W-A,0.0115034198514784,2
YJR151W-A_YOR186C-A,YJR151W-A,YOR186C-A,0.0392531565768452,2
YJR151W-A_tV(UAC)Q,YJR151W-A,tV(UAC)Q,-0.0270118903392508,2
YJR151W-A_tR(ACG)Q2,YJR151W-A,tR(ACG)Q2,0.0491206500331818,2
YJR151W-A_snR6,YJR151W-A,snR6,0.0178696378152139,2
YJR151W-A_YDR524W-C,YJR151W-A,YDR524W-C,0.0419610895038226,2
YJR151W-A_YLR162W-A,YJR151W-A,YLR162W-A,-0.0591891649174593,2
YJR151W-A_YHR022C-A,YJR151W-A,YHR022C-A,-0.0152601093999506,2
YJR151W-A_tC(GCA)Q,YJR151W-A,tC(GCA)Q,0.0408894992380262,2
YJR151W-A_snR72,YJR151W-A,snR72,0.0555155729577812,2
YJR151W-A_YGR122C-A,YJR151W-A,YGR122C-A,0.0190783701970597,2
YJR151W-A_YGL188C-A,YJR151W-A,YGL188C-A,0.0390355096056427,2
YJR151W-A_tR(CCU)J,YJR151W-A,tR(CCU)J,0.109689472864281,2
YJR151W-A_snR10,YJR151W-A,snR10,0.0211594958078073,2
YJR151W-A_YDR169C-A,YJR151W-A,YDR169C-A,0.0361632267382964,2
YJR151W-A_YAL037C-A,YJR151W-A,YAL037C-A,-0.0511551352470553,2
YJR151W-A_YHR050W-A,YJR151W-A,YHR050W-A,0.0145694899129779,2
YJR151W-A_YNL144W-A,YJR151W-A,YNL144W-A,0.0556481059256491,2
YJR151W-A_YJL077W-A,YJR151W-A,YJL077W-A,0.0654684180172747,2
YJR151W-A_YBR121C-A,YJR151W-A,YBR121C-A,0.0109630681672028,2
YJR151W-A_snR39B,YJR151W-A,snR39B,0.10286879445496,2
YJR151W-A_tR(ACG)J,YJR151W-A,tR(ACG)J,0.0519737770880698,2
YJR151W-A_YLL019W-A,YJR151W-A,YLL019W-A,-0.0134551570844052,2
YJR151W-A_YBL100W-C,YJR151W-A,YBL100W-C,0.0146842412777301,2
YJR151W-A_YPL250W-A,YJR151W-A,YPL250W-A,0.0144690508171235,2
YBR141W-A_YBR082C,YBR141W-A,YBR082C,0.0121874956160865,2
YBR141W-A_YKL106C-A,YBR141W-A,YKL106C-A,0.058307605539229,2
YBR141W-A_YLR262C-A,YBR141W-A,YLR262C-A,0.0210789138269024,2
YBR141W-A_YOR161W-A,YBR141W-A,YOR161W-A,0.049339826764901,2
YBR141W-A_YER009W,YBR141W-A,YER009W,0.0138944740695055,2
YBR141W-A_YDL232W,YBR141W-A,YDL232W,0.167782557321273,2
YBR141W-A_YGL006W-A,YBR141W-A,YGL006W-A,0.0205047541792212,2
YBR141W-A_snR87,YBR141W-A,snR87,0.0780561570514095,2
YBR141W-A_YBL001C,YBR141W-A,YBL001C,0.0104739036009408,2
YBR141W-A_YKL162C-A,YBR141W-A,YKL162C-A,0.0387055872218025,2
YBR141W-A_YLR347W-A,YBR141W-A,YLR347W-A,0.0299018305064849,2
YBR141W-A_snR64,YBR141W-A,snR64,0.0791448984376331,2
YBR141W-A_YDR461W,YBR141W-A,YDR461W,0.0238918667129588,2
YBR141W-A_snR190,YBR141W-A,snR190,0.0121803694358774,2
YBR141W-A_YDR016C,YBR141W-A,YDR016C,0.0112966593681138,2
YBR141W-A_tD(GUC)N,YBR141W-A,tD(GUC)N,0.0171270503930303,2
YBR141W-A_YER090C-A,YBR141W-A,YER090C-A,0.0352302120584669,2
YBR141W-A_YOL097W-A,YBR141W-A,YOL097W-A,0.0343567094132179,2
YBR141W-A_snR43,YBR141W-A,snR43,0.0104286208023242,2
YBR141W-A_YDL067C,YBR141W-A,YDL067C,0.0368641597090412,2
YBR141W-A_snR6,YBR141W-A,snR6,0.0140887148130299,2
YBR141W-A_YGL188C-A,YBR141W-A,YGL188C-A,0.0272011120004753,2
YBR141W-A_YDR169C-A,YBR141W-A,YDR169C-A,0.0245005352721553,2
YBR141W-A_snR55,YBR141W-A,snR55,0.0563563775981808,2
YBR141W-A_YHR050W-A,YBR141W-A,YHR050W-A,0.0124718338968931,2
YBR141W-A_YJL077W-A,YBR141W-A,YJL077W-A,0.0442410874820452,2
YBR141W-A_snR39B,YBR141W-A,snR39B,0.0827460398149973,2
YBR141W-A_snR79,YBR141W-A,snR79,0.147562310542049,2
YBR141W-A_YLR154W-F,YBR141W-A,YLR154W-F,0.0613047570624086,2
YBR141W-A_YPL250W-A,YBR141W-A,YPL250W-A,0.0115946942141508,2
YLL018C-A_YPR182W,YLL018C-A,YPR182W,0.0142258012574594,2
YLL018C-A_snR50,YLL018C-A,snR50,0.0139827175297345,2
YLL018C-A_snR59,YLL018C-A,snR59,0.0138680390620476,2
YBR056C-B_YPR182W,YBR056C-B,YPR182W,0.0149563104169019,2
YHR032C-A_YBL006W-A,YHR032C-A,YBL006W-A,0.0375383150772371,2
YHR032C-A_YLR149C-A,YHR032C-A,YLR149C-A,0.0210170531711565,2
YHR032C-A_YML054C-A,YHR032C-A,YML054C-A,0.0125378336835886,2
YHR032C-A_tT(CGU)K,YHR032C-A,tT(CGU)K,0.0124469934735413,2
YHR032C-A_YBR223W-A,YHR032C-A,YBR223W-A,0.0158537836830208,2
YHR032C-A_tS(UGA)Q2,YHR032C-A,tS(UGA)Q2,0.0132135326457069,2
YHR032C-A_YNL097C-B,YHR032C-A,YNL097C-B,0.0147732933601009,2
YHR032C-A_YMR174C,YHR032C-A,YMR174C,0.0107689437488345,2
YHR032C-A_tE(UUC)M,YHR032C-A,tE(UUC)M,0.0229048783179504,2
YHR032C-A_tQ(UUG)E2,YHR032C-A,tQ(UUG)E2,0.0124469934735415,2
YPR133W-A_snR59,YPR133W-A,snR59,0.0114923369433102,2
YER053C-A_YEL032C-A,YER053C-A,YEL032C-A,0.0738790789220374,2
YER053C-A_snR77,YER053C-A,snR77,0.104451561884895,2
YER053C-A_YLR402W,YER053C-A,YLR402W,0.0421718028943178,2
YER053C-A_YDL061C,YER053C-A,YDL061C,0.0470795992468706,2
YER053C-A_YML129C,YER053C-A,YML129C,0.0631633008768881,2
YER053C-A_YDR034C-A,YER053C-A,YDR034C-A,0.0308675477604563,2
YER053C-A_YJL127W-A,YER053C-A,YJL127W-A,0.0353441917212027,2
YER053C-A_YDR276C,YER053C-A,YDR276C,0.0365545856665138,2
YER053C-A_YBL039C-A,YER053C-A,YBL039C-A,0.0127588450552858,2
YER053C-A_YLR154W-E,YER053C-A,YLR154W-E,0.017122586582424,2
YER053C-A_YNL097W-A,YER053C-A,YNL097W-A,0.0517419209523859,2
YER053C-A_tG(UCC)G,YER053C-A,tG(UCC)G,0.0177191208202125,2
YER053C-A_YDR193W,YER053C-A,YDR193W,0.0143475660099571,2
YER053C-A_tK(UUU)Q,YER053C-A,tK(UUU)Q,0.0158086822915119,2
YER053C-A_YNL322C,YER053C-A,YNL322C,0.0109344277144977,2
YER053C-A_YBR230W-A,YER053C-A,YBR230W-A,0.0136688352286554,2
YER053C-A_YMR272W-A,YER053C-A,YMR272W-A,0.10109281158041,2
YER053C-A_YJL144W,YER053C-A,YJL144W,0.0103893136764193,2
YER053C-A_tV(UAC)Q,YER053C-A,tV(UAC)Q,0.0130182547977189,2
YER053C-A_YER058W,YER053C-A,YER058W,0.0115452833460444,2
YER053C-A_YMR013C-A,YER053C-A,YMR013C-A,0.0144600346492487,2
YER053C-A_YOR394C-A,YER053C-A,YOR394C-A,0.0117942101532155,2
YER053C-A_YAL037C-A,YER053C-A,YAL037C-A,0.027785657061805,2
YER053C-A_snR65,YER053C-A,snR65,0.0313213859318314,2
YER053C-A_YGR105W,YER053C-A,YGR105W,0.0195096379589296,2
YER053C-A_YLR379W,YER053C-A,YLR379W,0.0114721174943373,2
YER053C-A_YCR024C-A,YER053C-A,YCR024C-A,0.0479539022841852,2
YER053C-A_YOL083C-A,YER053C-A,YOL083C-A,0.0120018022345526,2
YDR524C-B_YOR210W,YDR524C-B,YOR210W,0.0107445541501337,2
YDR524C-B_YGR174W-A,YDR524C-B,YGR174W-A,0.0111656105352777,2
YDR524C-B_snR50,YDR524C-B,snR50,0.0203882934018762,2
YDR524C-B_YNL097C-B,YDR524C-B,YNL097C-B,0.0123204624026064,2
YDR524C-B_YNL130C-A,YDR524C-B,YNL130C-A,0.0151565527503395,2
YDR524C-B_YER138W-A,YDR524C-B,YER138W-A,0.0194784056233548,2
YLR438C-A_YLL018C-A,YLR438C-A,YLL018C-A,0.0100520839704446,2
YLR438C-A_snR59,YLR438C-A,snR59,0.0124156660444027,2
tR(CCU)J_snR77,tR(CCU)J,snR77,-0.0935217807582859,2
tR(CCU)J_YGR068W-A,tR(CCU)J,YGR068W-A,-0.050417936707499,2
tR(CCU)J_YOR376W-A,tR(CCU)J,YOR376W-A,0.0167275824083834,2
tR(CCU)J_YBL006W-A,tR(CCU)J,YBL006W-A,-0.0437414787861739,2
tR(CCU)J_tS(GCU)Q1,tR(CCU)J,tS(GCU)Q1,0.014647560558318,2
tR(CCU)J_YEL008C-A,tR(CCU)J,YEL008C-A,0.0661752943690194,2
tR(CCU)J_tT(UGU)H,tR(CCU)J,tT(UGU)H,-0.0197245922671977,2
tR(CCU)J_YNL145W,tR(CCU)J,YNL145W,0.0170109641337012,2
tR(CCU)J_snR60,tR(CCU)J,snR60,0.0242394004423935,2
tR(CCU)J_tG(UCC)G,tR(CCU)J,tG(UCC)G,-0.0182245187148519,2
tR(CCU)J_YKL145W-A,tR(CCU)J,YKL145W-A,0.0143024719045209,2
tR(CCU)J_tK(UUU)Q,tR(CCU)J,tK(UUU)Q,-0.0162595866200675,2
tR(CCU)J_snR38,tR(CCU)J,snR38,0.0353614040455208,2
tR(CCU)J_YOR186C-A,tR(CCU)J,YOR186C-A,0.0195213738244356,2
tR(CCU)J_YPL189C-A,tR(CCU)J,YPL189C-A,-0.0450604463997865,2
tR(CCU)J_tR(CCG)L,tR(CCU)J,tR(CCG)L,0.0480706159943524,2
tR(CCU)J_YDR524W-C,tR(CCU)J,YDR524W-C,0.021367438051767,2
tR(CCU)J_YLR162W-A,tR(CCU)J,YLR162W-A,-0.0346838034871081,2
tR(CCU)J_YHR032C-A,tR(CCU)J,YHR032C-A,-0.0415931850367514,2
tR(CCU)J_snR72,tR(CCU)J,snR72,0.0308445245407751,2
tR(CCU)J_tX(XXX)D,tR(CCU)J,tX(XXX)D,0.0129612382499804,2
tR(CCU)J_tS(CGA)C,tR(CCU)J,tS(CGA)C,0.0176658922006558,2
tR(CCU)J_YNL144W-A,tR(CCU)J,YNL144W-A,0.0341289350706187,2
tR(CCU)J_snR39,tR(CCU)J,snR39,0.091843516265273,2
tR(CCU)J_YBR126W-A,tR(CCU)J,YBR126W-A,0.0398808360985625,2
tR(CCU)J_YMR242W-A,tR(CCU)J,YMR242W-A,0.0190022369530896,2
snR55_snR64,snR55,snR64,0.0317385390081606,2
YCR047W-A_YDL067C,YCR047W-A,YDL067C,0.0121277015412509,2
snR39_YBR082C,snR39,YBR082C,0.0114094300920684,2
snR39_YPR052C,snR39,YPR052C,0.0125778217257406,2
snR39_YEL032C-A,snR39,YEL032C-A,0.0982749612195409,2
snR39_YPL142C,snR39,YPL142C,0.0154723041396507,2
snR39_YPR010C-A,snR39,YPR010C-A,0.0136117951026586,2
snR39_YBL071C-B,snR39,YBL071C-B,0.0496277333233864,2
snR39_YER009W,snR39,YER009W,0.0119966293146413,2
snR39_YDL232W,snR39,YDL232W,0.150597434331763,2
snR39_snR18,snR39,snR18,0.115364741371401,2
snR39_YJL191W,snR39,YJL191W,0.0128363481770946,2
snR39_snR9,snR39,snR9,0.0113769695176895,2
snR39_YCR038W-A,snR39,YCR038W-A,0.0852197400489256,2
snR39_YOR376W-A,snR39,YOR376W-A,0.0241877605202058,2
snR39_YCR095W-A,snR39,YCR095W-A,0.0127404963188417,2
snR39_snR87,snR39,snR87,0.0758394074134836,2
snR39_YEL008C-A,snR39,YEL008C-A,0.0905120959934193,2
snR39_YKL162C-A,snR39,YKL162C-A,0.0319953289322524,2
snR39_YDL159W-A,snR39,YDL159W-A,0.0289410851759247,2
snR39_snR161,snR39,snR161,0.0221706792506034,2
snR39_YNL145W,snR39,YNL145W,0.0243210318633472,2
snR39_snR71,snR39,snR71,0.0139259994477132,2
snR39_snR60,snR39,snR60,0.029377311181351,2
snR39_snR128,snR39,snR128,0.0729410261761864,2
snR39_YPL047W,snR39,YPL047W,0.0141735171110061,2
snR39_snR58,snR39,snR58,0.0428207378872399,2
snR39_YPL152W-A,snR39,YPL152W-A,0.0329879424837499,2
snR39_snR38,snR39,snR38,0.0455767095598464,2
snR39_YCR075W-A,snR39,YCR075W-A,0.0245134584333492,2
snR39_YLR388W,snR39,YLR388W,0.0425515986945097,2
snR39_YOR186C-A,snR39,YOR186C-A,0.0274078473544905,2
snR39_tR(CCG)L,snR39,tR(CCG)L,0.0667538194089052,2
snR39_YNL015W,snR39,YNL015W,0.016660881277589,2
snR39_YKR057W,snR39,YKR057W,0.0583077081815276,2
snR39_YLR230W,snR39,YLR230W,0.0214420627234106,2
snR39_YJL047C-A,snR39,YJL047C-A,0.0250221975338249,2
snR39_snR46,snR39,snR46,0.0187948272346032,2
snR39_YGR183C,snR39,YGR183C,0.0210046257863957,2
snR39_YOL005C,snR39,YOL005C,0.0160847390136512,2
snR39_YJL136C,snR39,YJL136C,0.0239086899946925,2
snR39_YBR126W-B,snR39,YBR126W-B,0.0338404664168151,2
snR39_YHR131W-A,snR39,YHR131W-A,0.0188695672651829,2
snR39_snR72,snR39,snR72,0.0386812172988238,2
snR39_YGR122C-A,snR39,YGR122C-A,0.0121127742622088,2
snR39_YDR115W,snR39,YDR115W,0.0137984618451293,2
snR39_YGR242W,snR39,YGR242W,0.0105218113862321,2
snR39_YBL071W-A,snR39,YBL071W-A,0.0220847181044158,2
snR39_tR(CCU)J,snR39,tR(CCU)J,0.0955101768312783,2
snR39_YDR169C-A,snR39,YDR169C-A,0.0243157156795983,2
snR39_snR85,snR39,snR85,0.0529226727477951,2
snR39_tX(XXX)D,snR39,tX(XXX)D,0.0190100112450782,2
snR39_YDL025W-A,snR39,YDL025W-A,0.03216899331588,2
snR39_YNL144W-A,snR39,YNL144W-A,0.0436297558711564,2
snR39_snR62,snR39,snR62,0.0198854228252375,2
snR39_YOR226C,snR39,YOR226C,0.0104627453609457,2
snR39_YOL038C-A,snR39,YOL038C-A,0.0169302470733961,2
snR39_YHL015W-A,snR39,YHL015W-A,0.0932791434626993,2
snR39_YPL252C,snR39,YPL252C,0.0161018090319056,2
snR39_YOR073W-A,snR39,YOR073W-A,0.0134616950309259,2
snR39_YDR510C-A,snR39,YDR510C-A,0.0114704879366411,2
snR39_YBR126W-A,snR39,YBR126W-A,0.0604799312664937,2
snR39_YMR242W-A,snR39,YMR242W-A,0.0255288283394996,2
snR39_YPL250W-A,snR39,YPL250W-A,0.0117425356753979,2
YHL015W-A_YBL071C-B,YHL015W-A,YBL071C-B,0.0291115796345056,2
YHL015W-A_YOR376W-A,YHL015W-A,YOR376W-A,0.0150106758408575,2
YHL015W-A_snR87,YHL015W-A,snR87,0.0487515679214196,2
YHL015W-A_YNL145W,YHL015W-A,YNL145W,0.0156366644048294,2
YHL015W-A_snR60,YHL015W-A,snR60,0.0191139659650522,2
YHL015W-A_snR58,YHL015W-A,snR58,0.0264751451535377,2
YHL015W-A_YPL152W-A,YHL015W-A,YPL152W-A,0.0199547469266163,2
YHL015W-A_snR38,YHL015W-A,snR38,0.0287492680133115,2
YHL015W-A_YNL015W,YHL015W-A,YNL015W,0.0101906505858744,2
YHL015W-A_YLR230W,YHL015W-A,YLR230W,0.0131696590853611,2
YHL015W-A_snR46,YHL015W-A,snR46,0.0112661287356166,2
YHL015W-A_YDR524W-C,YHL015W-A,YDR524W-C,0.0165441975692756,2
YHL015W-A_YGR183C,YHL015W-A,YGR183C,0.0123972757751469,2
YHL015W-A_YJL136C,YHL015W-A,YJL136C,0.0140983323208232,2
YHL015W-A_snR72,YHL015W-A,snR72,0.0249205881034407,2
YHL015W-A_YBL071W-A,YHL015W-A,YBL071W-A,0.0134357523583466,2
YHL015W-A_tR(CCU)J,YHL015W-A,tR(CCU)J,0.058771071272784,2
YHL015W-A_tX(XXX)D,YHL015W-A,tX(XXX)D,0.0120604051906889,2
YHL015W-A_snR39,YHL015W-A,snR39,0.089060566755305,2
YHL015W-A_YBR126W-A,YHL015W-A,YBR126W-A,0.0378984382849751,2
snR39B_YOR161W-A,snR39B,YOR161W-A,0.032152336818619,2
snR39B_YGL006W-A,snR39B,YGL006W-A,0.0108080627332672,2
snR39B_YLR347W-A,snR39B,YLR347W-A,0.0179444263748394,2
snR39B_snR64,snR39B,snR64,0.045252888612534,2
snR39B_YDR461W,snR39B,YDR461W,0.0145484916747224,2
snR39B_YBR141W-A,snR39B,YBR141W-A,0.0760165776325235,2
snR39B_YGL188C-A,snR39B,YGL188C-A,0.0167361129660862,2
snR39B_snR55,snR39B,snR55,0.0319890532213718,2
snR39B_YJL077W-A,snR39B,YJL077W-A,0.0289199957212866,2
YCR024C-A_YDR354C-A,YCR024C-A,YDR354C-A,0.0307588313127185,2
YCR024C-A_YML007C-A,YCR024C-A,YML007C-A,0.0188162965190132,2
YCR024C-A_YPL098C,YCR024C-A,YPL098C,0.01144257347992,2
YCR024C-A_YJL136W-A,YCR024C-A,YJL136W-A,0.0303028334119548,2
YCR024C-A_YLR110C,YCR024C-A,YLR110C,0.0105425579685161,2
YCR024C-A_YML129C,YCR024C-A,YML129C,0.0426475795593973,2
YCR024C-A_YCL048W-A,YCR024C-A,YCL048W-A,0.0130849352224797,2
YCR024C-A_tT(UGU)H,YCR024C-A,tT(UGU)H,0.0126649850198925,2
YCR024C-A_YMR122W-A,YCR024C-A,YMR122W-A,0.0158313839897484,2
YCR024C-A_YNL097W-A,YCR024C-A,YNL097W-A,0.0415383213371505,2
YCR024C-A_YMR002W,YCR024C-A,YMR002W,0.016071406361827,2
YCR024C-A_YCL033C,YCR024C-A,YCL033C,0.0104823509877085,2
YCR024C-A_YDR193W,YCR024C-A,YDR193W,0.0109606059817208,2
YCR024C-A_YPL037C,YCR024C-A,YPL037C,0.0115291654252133,2
YCR024C-A_YBR230W-A,YCR024C-A,YBR230W-A,0.0105419151784613,2
YCR024C-A_YOR302W,YCR024C-A,YOR302W,0.0371834432033264,2
YCR024C-A_YFR049W,YCR024C-A,YFR049W,0.0105685103372298,2
YCR024C-A_YOL039W,YCR024C-A,YOL039W,0.0109195118272012,2
YCR024C-A_YLR162W-A,YCR024C-A,YLR162W-A,0.0227066378359285,2
YCR024C-A_YGL106W,YCR024C-A,YGL106W,0.0101897599485233,2
YCR024C-A_YER053C-A,YCR024C-A,YER053C-A,0.0496934369350657,2
YCR024C-A_YDR482C,YCR024C-A,YDR482C,0.011046873445778,2
YCR024C-A_YJR112W-A,YCR024C-A,YJR112W-A,0.0122253201067636,2
YCR024C-A_YAL037C-A,YCR024C-A,YAL037C-A,0.0192113552324168,2
YCR024C-A_YPL096C-A,YCR024C-A,YPL096C-A,0.0190073413817452,2
YCR024C-A_YGR105W,YCR024C-A,YGR105W,0.0140410764077435,2
YCR024C-A_YJR085C,YCR024C-A,YJR085C,0.0105722280002004,2
YCR024C-A_YJL064W,YCR024C-A,YJL064W,0.0167214205158528,2
YCR024C-A_YLR204W,YCR024C-A,YLR204W,0.0135619014360953,2
YCR024C-A_YPL271W,YCR024C-A,YPL271W,0.0130378133573189,2
YCR024C-A_YDL114W-A,YCR024C-A,YDL114W-A,0.0269956398511828,2
YCR024C-A_YPL135C-A,YCR024C-A,YPL135C-A,0.033749001988261,2
snR79_snR189,snR79,snR189,-0.0317485218465923,2
snR79_YLR262C-A,snR79,YLR262C-A,0.0252088182212301,2
snR79_snR73,snR79,snR73,0.058082692774155,2
snR79_snR61,snR79,snR61,0.0164343688857792,2
snR79_snR57,snR79,snR57,0.0284498405071098,2
snR79_YOL164W-A,snR79,YOL164W-A,0.0115240654196188,2
snR79_YOR161W-A,snR79,YOR161W-A,0.0635029857910132,2
snR79_YER048W-A,snR79,YER048W-A,0.0110279518877923,2
snR79_YGR068W-A,snR79,YGR068W-A,0.121604160959747,2
snR79_snR18,snR79,snR18,-0.0984890913257783,2
snR79_YBL006W-A,snR79,YBL006W-A,0.111155754384497,2
snR79_snR76,snR79,snR76,0.128086385707431,2
snR79_YBR067C,snR79,YBR067C,0.0133236237759837,2
snR79_YLR149C-A,snR79,YLR149C-A,0.065475410459825,2
snR79_YOL109W,snR79,YOL109W,0.0147286308819826,2
snR79_YML054C-A,snR79,YML054C-A,0.0327766372937816,2
snR79_snR64,snR79,snR64,0.0856313720882962,2
snR79_tF(GAA)Q,snR79,tF(GAA)Q,-0.0794895788089162,2
snR79_YOL077W-A,snR79,YOL077W-A,0.028632866993183,2
snR79_tL(GAG)G,snR79,tL(GAG)G,0.0349730054413319,2
snR79_YOR210W,snR79,YOR210W,0.037898661760866,2
snR79_snR66,snR79,snR66,0.127121439467093,2
snR79_YNL244C,snR79,YNL244C,0.010113161768597,2
snR79_YKL156C-A,snR79,YKL156C-A,0.182288235971391,2
snR79_YOR335W-A,snR79,YOR335W-A,0.0505738250715097,2
snR79_snR190,snR79,snR190,0.0166369422357008,2
snR79_YNL103W-A,snR79,YNL103W-A,0.0602248947162352,2
snR79_tV(AAC)O,snR79,tV(AAC)O,-0.202663672052784,2
snR79_YDL247W-A,snR79,YDL247W-A,0.0649972784261361,2
snR79_snR74,snR79,snR74,0.0981441008323038,2
snR79_tE(UUC)Q,snR79,tE(UUC)Q,0.022401917317875,2
snR79_YDL184C,snR79,YDL184C,-0.0915872534568137,2
snR79_YBR113W,snR79,YBR113W,0.0199257720483213,2
snR79_YDL133C-A,snR79,YDL133C-A,0.141559268464438,2
snR79_YHR073C-B,snR79,YHR073C-B,-0.0470561380227544,2
snR79_YDR156W,snR79,YDR156W,0.0141849906559633,2
snR79_tS(UGA)Q2,snR79,tS(UGA)Q2,0.0364047727344275,2
snR79_YGL063C-A,snR79,YGL063C-A,0.0210851665821858,2
snR79_YKL096W-A,snR79,YKL096W-A,0.0328961034945522,2
snR79_YOR381W-A,snR79,YOR381W-A,-0.0233017826524983,2
snR79_YML009C,snR79,YML009C,0.033620510740859,2
snR79_YMR272W-B,snR79,YMR272W-B,0.0191657227873823,2
snR79_YEL017C-A,snR79,YEL017C-A,0.0674421160125202,2
snR79_YFR012W-A,snR79,YFR012W-A,0.010171343174376,2
snR79_YBR131C-A,snR79,YBR131C-A,0.036920514115947,2
snR79_YGR174W-A,snR79,YGR174W-A,0.0418167541869684,2
snR79_snR67,snR79,snR67,0.156988560288398,2
snR79_YPL189C-A,snR79,YPL189C-A,0.101296635805649,2
snR79_YER180C-A,snR79,YER180C-A,0.0158812299173005,2
snR79_snR24,snR79,snR24,0.0640227401608759,2
snR79_YDR210W,snR79,YDR210W,0.0292737513178184,2
snR79_YMR194C-B,snR79,YMR194C-B,0.0277964572718062,2
snR79_YLR043C,snR79,YLR043C,0.0228079989224443,2
snR79_YMR182W-A,snR79,YMR182W-A,0.112015607400138,2
snR79_YIL105W-A,snR79,YIL105W-A,-0.0264970270907448,2
snR79_YGL041C,snR79,YGL041C,0.0129231614328491,2
snR79_YMR013W-A,snR79,YMR013W-A,0.02375780175727,2
snR79_YBR141W-A,snR79,YBR141W-A,0.13754845110383,2
snR79_YNL097C-B,snR79,YNL097C-B,0.0478945858796839,2
snR79_snR6,snR79,snR6,0.0159735930191344,2
snR79_YMR141W-A,snR79,YMR141W-A,0.0290240527124861,2
snR79_YHR032C-A,snR79,YHR032C-A,0.0772986442721337,2
snR79_tL(UAA)Q,snR79,tL(UAA)Q,-0.0456399118158449,2
snR79_YDR119W-A,snR79,YDR119W-A,0.0314986374245605,2
snR79_YPR100W,snR79,YPR100W,0.0106315169965352,2
snR79_YGL014C-A,snR79,YGL014C-A,0.0512039362767291,2
snR79_tN(GUU)Q,snR79,tN(GUU)Q,-0.0501227281544855,2
snR79_YLR163W-A,snR79,YLR163W-A,0.0722951495218938,2
snR79_YMR174C,snR79,YMR174C,0.0316467827787839,2
snR79_YNL130C-A,snR79,YNL130C-A,0.0579428317511213,2
snR79_YLR264C-A,snR79,YLR264C-A,-0.0258823802249096,2
snR79_YHR180C-B,snR79,YHR180C-B,0.0209841916646752,2
snR79_snR55,snR79,snR55,0.0593204329967648,2
snR79_snR65,snR79,snR65,-0.0563124563970519,2
snR79_YKL100W-A,snR79,YKL100W-A,0.114917774997654,2
snR79_snR53,snR79,snR53,0.0288668510196606,2
snR79_YDR371C-A,snR79,YDR371C-A,0.0503176278888033,2
snR79_YDR524C-A,snR79,YDR524C-A,-0.0124328080820905,2
snR79_YGR146C-A,snR79,YGR146C-A,0.0100199835157365,2
snR79_tE(UUC)M,snR79,tE(UUC)M,0.0644241076211809,2
snR79_YMR251W-A,snR79,YMR251W-A,0.0522759588524077,2
snR79_YDR363W-A,snR79,YDR363W-A,0.0170860314129739,2
snR79_tQ(CUG)M,snR79,tQ(CUG)M,0.0263736123565971,2
snR79_snR39B,snR79,snR39B,0.0902048932730771,2
snR79_YLR299C-A,snR79,YLR299C-A,0.109599370442404,2
snR79_YMR158C-A,snR79,YMR158C-A,0.0108382083318382,2
snR79_YMR031W-A,snR79,YMR031W-A,0.0106812185726619,2
snR79_snR4,snR79,snR4,0.0122259348437855,2
snR79_YLR154W-F,snR79,YLR154W-F,0.0684340286873274,2
snR79_YER138W-A,snR79,YER138W-A,0.0661395348732317,2
snR79_YIL087C,snR79,YIL087C,0.0168606662225601,2
snR78_YLR149C-A,snR78,YLR149C-A,-0.0114729957291481,2
YLR154W-F_YGL123C-A,YLR154W-F,YGL123C-A,0.0100556755778569,2
YLR154W-F_YML009C,YLR154W-F,YML009C,0.0106113895554571,2
YLR154W-F_YEL017C-A,YLR154W-F,YEL017C-A,0.0195418244341868,2
YLR154W-F_YER090C-A,YLR154W-F,YER090C-A,0.0141087712360275,2
YLR154W-F_YGL014C-A,YLR154W-F,YGL014C-A,0.0154302301993988,2
YLR154W-F_YLR438C-A,YLR154W-F,YLR438C-A,0.0163130247383193,2
YLR154W-F_snR8,YLR154W-F,snR8,0.0122441473269594,2
YLR154W-F_YPL135C-A,YLR154W-F,YPL135C-A,0.0302188438022955,2
YER138W-A_snR24,YER138W-A,snR24,0.0215715348926272,2
YDL114W-A_snR50,YDL114W-A,snR50,0.0194159721176851,2
YDL114W-A_YLL018C-A,YDL114W-A,YLL018C-A,0.013591098602053,2
YDL114W-A_YPR133W-A,YDL114W-A,YPR133W-A,0.01186827255735,2
YDL114W-A_snR59,YDL114W-A,snR59,0.0171716187710417,2
YLR399W-A_tF(GAA)Q,YLR399W-A,tF(GAA)Q,0.024669738424469,2
YLR399W-A_snR75,YLR399W-A,snR75,0.0144818291457733,2
YLR399W-A_snR13,YLR399W-A,snR13,0.0119493184652794,2
YLR399W-A_YLR185W,YLR399W-A,YLR185W,0.0132631707678825,2
YLR399W-A_YNL162W-A,YLR399W-A,YNL162W-A,0.0120075039066649,2
YPL135C-A_YMR315W-A,YPL135C-A,YMR315W-A,0.0101578479294984,2
YPL135C-A_YDR354C-A,YPL135C-A,YDR354C-A,0.0292835661946385,2
YPL135C-A_YML007C-A,YPL135C-A,YML007C-A,0.0152071965425284,2
YPL135C-A_YGR068W-A,YPL135C-A,YGR068W-A,0.0429430187010992,2
YPL135C-A_YJL136W-A,YPL135C-A,YJL136W-A,0.0258917260654796,2
YPL135C-A_YCL048W-A,YPL135C-A,YCL048W-A,0.0110428652695665,2
YPL135C-A_YOR210W,YPL135C-A,YOR210W,0.0128715293298312,2
YPL135C-A_YNR003W-A,YPL135C-A,YNR003W-A,0.0120092326146865,2
YPL135C-A_YMR122W-A,YPL135C-A,YMR122W-A,0.0137875218070466,2
YPL135C-A_YMR002W,YPL135C-A,YMR002W,0.0147168236006854,2
YPL135C-A_YPL037C,YPL135C-A,YPL037C,0.0109543434403621,2
YPL135C-A_YCL057C-A,YPL135C-A,YCL057C-A,0.0104578970199284,2
YPL135C-A_YKL156W,YPL135C-A,YKL156W,0.011577636093639,2
YPL135C-A_tS(UGA)Q2,YPL135C-A,tS(UGA)Q2,0.0109844220112645,2
YPL135C-A_YKL096W-A,YPL135C-A,YKL096W-A,0.0108522526704674,2
YPL135C-A_YML009C,YPL135C-A,YML009C,0.0112985827465621,2
YPL135C-A_YGR174W-A,YPL135C-A,YGR174W-A,0.0133379217738738,2
YPL135C-A_snR24,YPL135C-A,snR24,0.028558013112197,2
YPL135C-A_snR50,YPL135C-A,snR50,0.0255386740754298,2
YPL135C-A_YNL097C-B,YPL135C-A,YNL097C-B,0.0129928641689446,2
YPL135C-A_YLL018C-A,YPL135C-A,YLL018C-A,0.019904968295972,2
YPL135C-A_YPR133W-A,YPL135C-A,YPR133W-A,0.015711256768284,2
YPL135C-A_YBR016W,YPL135C-A,YBR016W,0.0117554395929745,2
YPL135C-A_YDR524C-B,YPL135C-A,YDR524C-B,0.0243104534120679,2
YPL135C-A_YGL014C-A,YPL135C-A,YGL014C-A,0.0139857931790752,2
YPL135C-A_YLR438C-A,YPL135C-A,YLR438C-A,0.0175381910782878,2
YPL135C-A_YDR482C,YPL135C-A,YDR482C,0.0100868557967252,2
YPL135C-A_YMR174C,YPL135C-A,YMR174C,0.0100751382622524,2
YPL135C-A_YNL130C-A,YPL135C-A,YNL130C-A,0.016510919421916,2
YPL135C-A_snR8,YPL135C-A,snR8,0.011734275434886,2
YPL135C-A_YPL096C-A,YPL135C-A,YPL096C-A,0.0165448596273456,2
YPL135C-A_snR59,YPL135C-A,snR59,0.0249669497258249,2
YPL135C-A_YLR099W-A,YPL135C-A,YLR099W-A,0.0144785965115565,2
YPL135C-A_YJL064W,YPL135C-A,YJL064W,0.014693016854962,2
YPL135C-A_YCR024C-A,YPL135C-A,YCR024C-A,0.0348809285574457,2
YPL135C-A_YLR154W-F,YPL135C-A,YLR154W-F,0.0290233457687379,2
YPL135C-A_YER138W-A,YPL135C-A,YER138W-A,0.0238552647364375,2
YPL135C-A_YLR204W,YPL135C-A,YLR204W,0.0118042950920879,2
YPL135C-A_YDL114W-A,YPL135C-A,YDL114W-A,0.0253948489640211,2
YKL106C-A_YPR182W,YKL106C-A,YPR182W,0.0337228517649328,3
YKL106C-A_YDR382W,YKL106C-A,YDR382W,0.0104282901008604,3
YKL106C-A_YGL123C-A,YKL106C-A,YGL123C-A,0.0126056030259567,3
YKL106C-A_YLR062C,YKL106C-A,YLR062C,0.0106130645571235,3
YKL106C-A_YNL024C-A,YKL106C-A,YNL024C-A,0.0124564312164122,3
YKL106C-A_YPL098C,YKL106C-A,YPL098C,0.0126343910384479,3
YKL106C-A_YLR402W,YKL106C-A,YLR402W,0.032859737173986,3
YKL106C-A_YNL296W,YKL106C-A,YNL296W,0.0100772153515716,3
YKL106C-A_YJR018W,YKL106C-A,YJR018W,0.0144265381130708,3
YKL106C-A_YIL156W-B,YKL106C-A,YIL156W-B,0.0163836386934236,3
YKL106C-A_YKL056C,YKL106C-A,YKL056C,0.0101952036626141,3
YKL106C-A_YNR046W,YKL106C-A,YNR046W,0.0132798506215136,3
YKL106C-A_YER039C-A,YKL106C-A,YER039C-A,0.0114317006283104,3
YKL106C-A_YLR154W-E,YKL106C-A,YLR154W-E,0.0100787292232416,3
YKL106C-A_YJL062W-A,YKL106C-A,YJL062W-A,0.0179418152975906,3
YKL106C-A_YNR003W-A,YKL106C-A,YNR003W-A,0.0102289897469424,3
YKL106C-A_YNL097W-A,YKL106C-A,YNL097W-A,0.0472912925727863,3
YKL106C-A_YMR002W,YKL106C-A,YMR002W,0.0171553125115322,3
YKL106C-A_YKL156C-A,YKL106C-A,YKL156C-A,0.0388838773427094,3
YKL106C-A_YBR091C,YKL106C-A,YBR091C,0.0106224936262514,3
YKL106C-A_YBR262C,YKL106C-A,YBR262C,0.0116368850252053,3
YKL106C-A_YNL052W,YKL106C-A,YNL052W,0.0126574995929768,3
YKL106C-A_YCL033C,YKL106C-A,YCL033C,0.0114676213959633,3
YKL106C-A_YAL019W-A,YKL106C-A,YAL019W-A,0.0110441821025883,3
YKL106C-A_YJR104C,YKL106C-A,YJR104C,0.0115171739337896,3
YKL106C-A_YHR072W-A,YKL106C-A,YHR072W-A,0.0103258248040544,3
YKL106C-A_YCL057C-A,YKL106C-A,YCL057C-A,0.0130203372511139,3
YKL106C-A_YBR230W-A,YKL106C-A,YBR230W-A,0.0101467525062464,3
YKL106C-A_snR40,YKL106C-A,snR40,0.0330191518432854,3
YKL106C-A_YHR073W-A,YKL106C-A,YHR073W-A,0.0189778018962783,3
YKL106C-A_YML009C,YKL106C-A,YML009C,0.0121301528021321,3
YKL106C-A_YGR174W-A,YKL106C-A,YGR174W-A,0.0111115326577256,3
YKL106C-A_YLR264W,YKL106C-A,YLR264W,0.0164436117919819,3
YKL106C-A_YOR302W,YKL106C-A,YOR302W,0.04657252184367,3
YKL106C-A_YER090C-A,YKL106C-A,YER090C-A,0.0180371813733758,3
YKL106C-A_snR24,YKL106C-A,snR24,0.0292139774415078,3
YKL106C-A_YDR210W,YKL106C-A,YDR210W,0.0105338929850071,3
YKL106C-A_snR81,YKL106C-A,snR81,0.0142162314251657,3
YKL106C-A_YFR049W,YKL106C-A,YFR049W,0.0105151341126755,3
YKL106C-A_YNL086W,YKL106C-A,YNL086W,0.0124713878333514,3
YKL106C-A_YDL067C,YKL106C-A,YDL067C,0.019363517970648,3
YKL106C-A_YBR141W-A,YKL106C-A,YBR141W-A,0.0647407819475775,3
YKL106C-A_YJR034W,YKL106C-A,YJR034W,0.0102639656827936,3
YKL106C-A_YLL018C-A,YKL106C-A,YLL018C-A,0.0241860721381625,3
YKL106C-A_YBR056C-B,YKL106C-A,YBR056C-B,0.0214202580154185,3
YKL106C-A_YLR286W-A,YKL106C-A,YLR286W-A,0.0168244880781083,3
YKL106C-A_YKL023C-A,YKL106C-A,YKL023C-A,0.0102608286874643,3
YKL106C-A_YGL106W,YKL106C-A,YGL106W,0.0114527526445796,3
YKL106C-A_YPR133W-A,YKL106C-A,YPR133W-A,0.0149356701503287,3
YKL106C-A_YBR016W,YKL106C-A,YBR016W,0.0129297416973915,3
YKL106C-A_YEL059C-A,YKL106C-A,YEL059C-A,0.0102312193491062,3
YKL106C-A_YLR185W,YKL106C-A,YLR185W,0.0123605746023434,3
YKL106C-A_YFR036W,YKL106C-A,YFR036W,0.0124148159707638,3
YKL106C-A_YGL014C-A,YKL106C-A,YGL014C-A,0.0166875589886005,3
YKL106C-A_YLR438C-A,YKL106C-A,YLR438C-A,0.0227074300095588,3
YKL106C-A_YMR256C,YKL106C-A,YMR256C,0.0106569616535733,3
YKL106C-A_YDR482C,YKL106C-A,YDR482C,0.0128863288935881,3
YKL106C-A_YJR112W-A,YKL106C-A,YJR112W-A,0.0121961535878785,3
YKL106C-A_YJL184W,YKL106C-A,YJL184W,0.0112321656125715,3
YKL106C-A_snR8,YKL106C-A,snR8,0.0160517291237902,3
YKL106C-A_YJR114W,YKL106C-A,YJR114W,0.0118674248463472,3
YKL106C-A_snR59,YKL106C-A,snR59,0.0239255927683931,3
YKL106C-A_YCR047W-A,YKL106C-A,YCR047W-A,0.029885385852724,3
YKL106C-A_YPR076W,YKL106C-A,YPR076W,0.0112123844316581,3
YKL106C-A_YOR167C,YKL106C-A,YOR167C,0.0121810432594751,3
YKL106C-A_YJR085C,YKL106C-A,YJR085C,0.010915349917897,3
YKL106C-A_YGR161W-C,YKL106C-A,YGR161W-C,0.0156430749025411,3
YKL106C-A_YJL064W,YKL106C-A,YJL064W,0.0155862141524916,3
YKL106C-A_YKR049C,YKL106C-A,YKR049C,0.0121091229335743,3
YKL106C-A_YCR024C-A,YKL106C-A,YCR024C-A,0.0440491335851761,3
YKL106C-A_YJR020W,YKL106C-A,YJR020W,0.0111076937948016,3
YKL106C-A_YDR500C,YKL106C-A,YDR500C,0.0107668311338376,3
YKL106C-A_YLR154W-F,YKL106C-A,YLR154W-F,0.0411101520612581,3
YKL106C-A_YER138W-A,YKL106C-A,YER138W-A,0.0211991151056085,3
YKL106C-A_YLR204W,YKL106C-A,YLR204W,0.0139508970524943,3
YKL106C-A_YAL046C,YKL106C-A,YAL046C,0.0124195061705201,3
YKL106C-A_YPL271W,YKL106C-A,YPL271W,0.0130718976472627,3
YKL106C-A_YDL114W-A,YKL106C-A,YDL114W-A,0.0263822789063726,3
YKL106C-A_YLR399W-A,YKL106C-A,YLR399W-A,0.0275583394918208,3
YKL106C-A_YPL135C-A,YKL106C-A,YPL135C-A,0.0433203293550552,3
YPR182W_YLR402W,YPR182W,YLR402W,0.0247903142266866,3
YPR182W_YHR073W-A,YPR182W,YHR073W-A,0.0149112451136813,3
YEL032C-A_snR189,YEL032C-A,snR189,0.0237111083687575,3
YEL032C-A_YBR252W,YEL032C-A,YBR252W,0.0185644035241894,3
YEL032C-A_YGR063C,YEL032C-A,YGR063C,0.0212643628750185,3
YEL032C-A_snR18,YEL032C-A,snR18,0.117711618815241,3
YEL032C-A_YDR276C,YEL032C-A,YDR276C,0.0504588272808156,3
YEL032C-A_snR31,YEL032C-A,snR31,0.0133387680627931,3
YEL032C-A_tF(GAA)Q,YEL032C-A,tF(GAA)Q,0.0529023126572896,3
YEL032C-A_YJR135W-A,YEL032C-A,YJR135W-A,0.010344915090885,3
YEL032C-A_YFL031C-A,YEL032C-A,YFL031C-A,0.0132334454128334,3
YEL032C-A_YLR154W-E,YEL032C-A,YLR154W-E,0.0222265063675575,3
YEL032C-A_YMR307C-A,YEL032C-A,YMR307C-A,0.0195127777567242,3
YEL032C-A_YPL136W,YEL032C-A,YPL136W,0.0209374028147168,3
YEL032C-A_tV(AAC)O,YEL032C-A,tV(AAC)O,0.154576711280539,3
YEL032C-A_YDR246W-A,YEL032C-A,YDR246W-A,0.0185678159018082,3
YEL032C-A_YIR044C,YEL032C-A,YIR044C,0.015648309716413,3
YEL032C-A_YMR272W-A,YEL032C-A,YMR272W-A,0.111975251670116,3
YEL032C-A_YDL045W-A,YEL032C-A,YDL045W-A,0.0131952905860212,3
YEL032C-A_YOR381W-A,YEL032C-A,YOR381W-A,0.0198499224335286,3
YEL032C-A_YJL052C-A,YEL032C-A,YJL052C-A,0.0475459536739163,3
YEL032C-A_snR75,YEL032C-A,snR75,0.035957182808607,3
YEL032C-A_YOR302W,YEL032C-A,YOR302W,0.0825897493704301,3
YEL032C-A_YIL105W-A,YEL032C-A,YIL105W-A,0.0179216955346378,3
YEL032C-A_YPR051W,YEL032C-A,YPR051W,0.0108022594328114,3
YEL032C-A_YGR064W,YEL032C-A,YGR064W,0.0154368879503969,3
YEL032C-A_YPR002C-A,YEL032C-A,YPR002C-A,0.0199193704759543,3
YEL032C-A_snR13,YEL032C-A,snR13,0.0255716211446317,3
YEL032C-A_YEL066W,YEL032C-A,YEL066W,0.0102825020619853,3
YEL032C-A_YLR185W,YEL032C-A,YLR185W,0.0270546655936901,3
YEL032C-A_YLR390W,YEL032C-A,YLR390W,0.013411293481195,3
YEL032C-A_tN(GUU)Q,YEL032C-A,tN(GUU)Q,0.0463848746062809,3
YEL032C-A_YIL059C,YEL032C-A,YIL059C,0.014228557642342,3
YEL032C-A_YPL102C,YEL032C-A,YPL102C,0.0144954641613516,3
YEL032C-A_YLL014W,YEL032C-A,YLL014W,0.0106960272371187,3
YEL032C-A_YIL052C,YEL032C-A,YIL052C,0.0185935173444217,3
YEL032C-A_snR39,YEL032C-A,snR39,0.111725888847584,3
YEL032C-A_YPL013C,YEL032C-A,YPL013C,0.0113277235987686,3
YEL032C-A_YIL021C-A,YEL032C-A,YIL021C-A,0.0137793711864937,3
YEL032C-A_YNL162W-A,YEL032C-A,YNL162W-A,0.0253808929182916,3
YEL032C-A_snR7-L,YEL032C-A,snR7-L,0.0103352689554498,3
YEL032C-A_YLR287C-A,YEL032C-A,YLR287C-A,0.0156190262107395,3
YEL032C-A_YLR399W-A,YEL032C-A,YLR399W-A,0.0608071382009355,3
YDR354C-A_YML007C-A,YDR354C-A,YML007C-A,0.0249159333504257,3
YDR354C-A_YLR110C,YDR354C-A,YLR110C,0.011955783410281,3
YDR354C-A_YCL048W-A,YDR354C-A,YCL048W-A,0.0132938516168289,3
YDR354C-A_tT(UGU)H,YDR354C-A,tT(UGU)H,0.013695582279135,3
YDR354C-A_YBL039C-A,YDR354C-A,YBL039C-A,0.0114694453688747,3
YDR354C-A_YLR162W-A,YDR354C-A,YLR162W-A,0.0311782434809356,3
YDR354C-A_YHR032C-A,YDR354C-A,YHR032C-A,0.0277399453818467,3
YDR354C-A_YDR524C-B,YDR354C-A,YDR524C-B,0.0313227842127569,3
YDR354C-A_YPL096C-A,YDR354C-A,YPL096C-A,0.0204198414229402,3
YDR354C-A_YDL114W-A,YDR354C-A,YDL114W-A,0.0281170314628491,3
YBL071C-B_YDL159W-A,YBL071C-B,YDL159W-A,0.0121464877374501,3
YBL071C-B_snR58,YBL071C-B,snR58,0.0190600835497882,3
YBL071C-B_YMR242W-A,YBL071C-B,YMR242W-A,0.0113963834920159,3
snR77_YGR068W-A,snR77,YGR068W-A,0.0814118047024398,3
snR77_YJL127W-A,snR77,YJL127W-A,0.0578655097484416,3
snR77_tG(UCC)G,snR77,tG(UCC)G,0.0365353170998559,3
snR77_tK(UUU)Q,snR77,tK(UUU)Q,0.0325961583938148,3
snR77_YMR272W-A,snR77,YMR272W-A,0.138380039397598,3
snR77_YMR247W-A,snR77,YMR247W-A,0.0121614146761889,3
snR77_tV(UAC)Q,snR77,tV(UAC)Q,0.0292118647800511,3
snR77_YJR151W-A,snR77,YJR151W-A,-0.211452300796171,3
snR77_tR(CCU)J,snR77,tR(CCU)J,-0.0893466554391781,3
snR77_YAL037C-A,snR77,YAL037C-A,0.0543044454752056,3
snR77_YLL019W-A,snR77,YLL019W-A,0.0131880937289678,3
YGR068W-A_YDR354C-A,YGR068W-A,YDR354C-A,0.0532073914161422,3
YGR068W-A_snR61,YGR068W-A,snR61,0.0103955049362142,3
YGR068W-A_YML007C-A,YGR068W-A,YML007C-A,0.034089631874297,3
YGR068W-A_YLR110C,YGR068W-A,YLR110C,0.0160350808943701,3
YGR068W-A_YBL006W-A,YGR068W-A,YBL006W-A,0.0538643517733514,3
YGR068W-A_snR76,YGR068W-A,snR76,0.0516694950791561,3
YGR068W-A_YLR149C-A,YGR068W-A,YLR149C-A,0.0297910964826671,3
YGR068W-A_YML054C-A,YGR068W-A,YML054C-A,0.0176493878347595,3
YGR068W-A_YCL048W-A,YGR068W-A,YCL048W-A,0.017381677091185,3
YGR068W-A_YOL077W-A,YGR068W-A,YOL077W-A,0.0126723041943372,3
YGR068W-A_tT(UGU)H,YGR068W-A,tT(UGU)H,0.0171594707665498,3
YGR068W-A_YBL039C-A,YGR068W-A,YBL039C-A,0.0147468207954272,3
YGR068W-A_YOR314W-A,YGR068W-A,YOR314W-A,0.0117949836961146,3
YGR068W-A_YOR210W,YGR068W-A,YOR210W,0.0177020696214677,3
YGR068W-A_snR66,YGR068W-A,snR66,0.0391246666411371,3
YGR068W-A_YFL067W,YGR068W-A,YFL067W,0.0103538280842618,3
YGR068W-A_YDL133C-A,YGR068W-A,YDL133C-A,0.0506021018983893,3
YGR068W-A_YBR223W-A,YGR068W-A,YBR223W-A,0.026927078528458,3
YGR068W-A_YPL037C,YGR068W-A,YPL037C,0.0166274741597046,3
YGR068W-A_YOL133W,YGR068W-A,YOL133W,0.0130041360781945,3
YGR068W-A_YKL156W,YGR068W-A,YKL156W,0.0199988283436566,3
YGR068W-A_tS(UGA)Q2,YGR068W-A,tS(UGA)Q2,0.0188657940113429,3
YGR068W-A_YKL096W-A,YGR068W-A,YKL096W-A,0.018257930390339,3
YGR068W-A_snR67,YGR068W-A,snR67,0.0479386459565119,3
YGR068W-A_YPL189C-A,YGR068W-A,YPL189C-A,0.0687236857751437,3
YGR068W-A_snR50,YGR068W-A,snR50,0.0425739469537174,3
YGR068W-A_tR(CCG)L,YGR068W-A,tR(CCG)L,-0.0459084875822408,3
YGR068W-A_YLR043C,YGR068W-A,YLR043C,0.0127386310569263,3
YGR068W-A_YNL097C-B,YGR068W-A,YNL097C-B,0.0210200143883563,3
YGR068W-A_snR48,YGR068W-A,snR48,0.0146395385558897,3
YGR068W-A_YLR162W-A,YGR068W-A,YLR162W-A,0.0413693516084177,3
YGR068W-A_YHR022C-A,YGR068W-A,YHR022C-A,0.0108040518518986,3
YGR068W-A_YMR141W-A,YGR068W-A,YMR141W-A,0.0131007506259747,3
YGR068W-A_YHR032C-A,YGR068W-A,YHR032C-A,0.0411487364090473,3
YGR068W-A_YDR524C-B,YGR068W-A,YDR524C-B,0.0457997149250911,3
YGR068W-A_tR(CCU)J,YGR068W-A,tR(CCU)J,-0.0560194744931794,3
YGR068W-A_YMR174C,YGR068W-A,YMR174C,0.0146147566233138,3
YGR068W-A_YNL130C-A,YGR068W-A,YNL130C-A,0.0328993313770099,3
YGR068W-A_YPL096C-A,YGR068W-A,YPL096C-A,0.0274890538067189,3
YGR068W-A_YMR251W-A,YGR068W-A,YMR251W-A,0.0192112321075049,3
YGR068W-A_YCR024C-A,YGR068W-A,YCR024C-A,0.0544080418494505,3
YGR068W-A_YER138W-A,YGR068W-A,YER138W-A,0.0277002184485814,3
YGR068W-A_YDL114W-A,YGR068W-A,YDL114W-A,0.0371752718604463,3
YGR068W-A_snR14,YGR068W-A,snR14,0.0166409286499075,3
YGR068W-A_YPL135C-A,YGR068W-A,YPL135C-A,0.0569802115654988,3
YDL232W_YBL039W-B,YDL232W,YBL039W-B,0.0127689239087824,3
YDL232W_YBR082C,YDL232W,YBR082C,0.0155900737308584,3
YDL232W_YLR333C,YDL232W,YLR333C,0.0121021305460467,3
YDL232W_YOR161W-A,YDL232W,YOR161W-A,0.063879937016906,3
YDL232W_YER009W,YDL232W,YER009W,0.0172936393749929,3
YDL232W_YOR052C,YDL232W,YOR052C,0.0115162938995183,3
YDL232W_YGL006W-A,YDL232W,YGL006W-A,0.0240394497692437,3
YDL232W_YOR376W-A,YDL232W,YOR376W-A,0.0309918087850159,3
YDL232W_YFR003C,YDL232W,YFR003C,0.0118734417642532,3
YDL232W_YCR095W-A,YDL232W,YCR095W-A,0.0164839970248176,3
YDL232W_YBL001C,YDL232W,YBL001C,0.0137342148316373,3
YDL232W_YEL008C-A,YDL232W,YEL008C-A,0.124110085693537,3
YDL232W_YKL162C-A,YDL232W,YKL162C-A,0.0505232912361205,3
YDL232W_YLR347W-A,YDL232W,YLR347W-A,0.0421723261644318,3
YDL232W_snR64,YDL232W,snR64,0.0899176922109426,3
YDL232W_YNL145W,YDL232W,YNL145W,0.0328190100129131,3
YDL232W_YPL135W,YDL232W,YPL135W,0.0105043416187692,3
YDL232W_YDR461W,YDL232W,YDR461W,0.0350250967339076,3
YDL232W_YDR016C,YDL232W,YDR016C,0.0141521331686671,3
YDL232W_YDR320W-B,YDL232W,YDR320W-B,0.0251725853198848,3
YDL232W_YPL152W-A,YDL232W,YPL152W-A,0.0292873171729551,3
YDL232W_YEL017C-A,YDL232W,YEL017C-A,0.0532505970859075,3
YDL232W_YOR186C-A,YDL232W,YOR186C-A,0.0374078152079327,3
YDL232W_YKL138C-A,YDL232W,YKL138C-A,0.0219915278535369,3
YDL232W_YOL097W-A,YDL232W,YOL097W-A,0.0432554415056822,3
YDL232W_snR43,YDL232W,snR43,0.0136967755263198,3
YDL232W_YJR151W-A,YDL232W,YJR151W-A,0.201639699458059,3
YDL232W_YBR141W-A,YDL232W,YBR141W-A,0.144858813253887,3
YDL232W_YGR122C-A,YDL232W,YGR122C-A,0.0184113188312361,3
YDL232W_YGL188C-A,YDL232W,YGL188C-A,0.034983968929379,3
YDL232W_snR10,YDL232W,snR10,0.0184820437635744,3
YDL232W_YDR169C-A,YDL232W,YDR169C-A,0.0355237433315433,3
YDL232W_snR55,YDL232W,snR55,0.0658744246519807,3
YDL232W_YHR050W-A,YDL232W,YHR050W-A,0.0138748399257278,3
YDL232W_YNL144W-A,YDL232W,YNL144W-A,0.0598511172133534,3
YDL232W_snR39,YDL232W,snR39,0.132576915543858,3
YDL232W_snR39B,YDL232W,snR39B,0.0965100780453389,3
YDL232W_YBL100W-C,YDL232W,YBL100W-C,0.0134184395376124,3
YDL232W_snR79,YDL232W,snR79,0.12899165827117,3
snR18_snR189,snR18,snR189,0.0203796220496944,3
snR18_YEL032C-A,snR18,YEL032C-A,0.115073226097754,3
snR18_YPL142C,snR18,YPL142C,0.013294182719476,3
snR18_YJL205C,snR18,YJL205C,0.0410416000234254,3
snR18_YPR183W,snR18,YPR183W,0.0153582887621406,3
snR18_YGR063C,snR18,YGR063C,0.0161207222137151,3
snR18_YCR038W-A,snR18,YCR038W-A,0.0698871581995622,3
snR18_snR69,snR18,snR69,0.0430854383880282,3
snR18_YMR307C-A,snR18,YMR307C-A,0.0176383142474719,3
snR18_snR161,snR18,snR161,0.0191372342475782,3
snR18_snR71,snR18,snR71,0.0164738546938123,3
snR18_YPL136W,snR18,YPL136W,0.01566157571709,3
snR18_snR128,snR18,snR128,0.0603963142073811,3
snR18_YDR246W-A,snR18,YDR246W-A,0.0162285013588777,3
snR18_YDR476C,snR18,YDR476C,0.0157448108954337,3
snR18_YHR073C-B,snR18,YHR073C-B,0.0243462676985327,3
snR18_YHL018W,snR18,YHL018W,0.015630248279313,3
snR18_YIR044C,snR18,YIR044C,0.0127836960941563,3
snR18_snR40,snR18,snR40,0.0661252495509532,3
snR18_YCR075W-A,snR18,YCR075W-A,0.0184455907615323,3
snR18_YMR123W,snR18,YMR123W,0.0115048175996666,3
snR18_YLR388W,snR18,YLR388W,0.0368514772677329,3
snR18_YJL052C-A,snR18,YJL052C-A,0.0414361003501692,3
snR18_YLR264W,snR18,YLR264W,0.0274293323132633,3
snR18_tR(CCG)L,snR18,tR(CCG)L,0.0584088854721685,3
snR18_YKR057W,snR18,YKR057W,0.0522569452234525,3
snR18_YIL105W-A,snR18,YIL105W-A,0.0138819252348304,3
snR18_YPL251W,snR18,YPL251W,0.0172942077099191,3
snR18_YOL005C,snR18,YOL005C,0.0128759698643489,3
snR18_YGR064W,snR18,YGR064W,0.0111911070992026,3
snR18_YJL136C,snR18,YJL136C,0.0180594470893842,3
snR18_YBR126W-B,snR18,YBR126W-B,0.0287453787914756,3
snR18_YPR002C-A,snR18,YPR002C-A,0.0184916985038789,3
snR18_YDR115W,snR18,YDR115W,0.0115230965351004,3
snR18_YLR390W,snR18,YLR390W,0.0116446661384504,3
snR18_tN(GUU)Q,snR18,tN(GUU)Q,0.039566520479573,3
snR18_YIL059C,snR18,YIL059C,0.0119937214727242,3
snR18_YDL240C-A,snR18,YDL240C-A,0.0191065291252428,3
snR18_snR85,snR18,snR85,0.0378977565350857,3
snR18_YPL102C,snR18,YPL102C,0.0108897229842119,3
snR18_YDR118W-A,snR18,YDR118W-A,0.0217326634811055,3
snR18_YIL052C,snR18,YIL052C,0.0138367641333383,3
snR18_snR62,snR18,snR62,0.0182037759197957,3
snR18_YCR047W-A,snR18,YCR047W-A,0.0370144758220091,3
snR18_YOL038C-A,snR18,YOL038C-A,0.0170603409162129,3
snR18_snR39,snR18,snR39,0.124896372039276,3
snR18_YHL015W-A,snR18,YHL015W-A,0.0922004280186183,3
snR18_YPL252C,snR18,YPL252C,0.0134244199966887,3
snR18_YLR287C-A,snR18,YLR287C-A,0.0143813072317743,3
YLR402W_YPR182W,YLR402W,YPR182W,0.0251310037180021,3
YLR402W_YIL156W-B,YLR402W,YIL156W-B,0.013706713345744,3
YLR402W_YHR073W-A,YLR402W,YHR073W-A,0.014702219216766,3
YLR402W_YJR112W-A,YLR402W,YJR112W-A,0.010157281892815,3
YCR038W-A_YBL071C-B,YCR038W-A,YBL071C-B,0.0331259718379278,3
YCR038W-A_YJL205C,YCR038W-A,YJL205C,0.0266879439021824,3
YCR038W-A_snR18,YCR038W-A,snR18,0.0689734531736778,3
YCR038W-A_snR69,YCR038W-A,snR69,0.0286033527169212,3
YCR038W-A_YMR307C-A,YCR038W-A,YMR307C-A,0.0111729677814813,3
YCR038W-A_snR161,YCR038W-A,snR161,0.0125972034099523,3
YCR038W-A_snR71,YCR038W-A,snR71,0.0115676678132744,3
YCR038W-A_snR128,YCR038W-A,snR128,0.0397695650976226,3
YCR038W-A_snR40,YCR038W-A,snR40,0.0424944639594658,3
YCR038W-A_YLR388W,YCR038W-A,YLR388W,0.025008084916005,3
YCR038W-A_YJL052C-A,YCR038W-A,YJL052C-A,0.0255941304358484,3
YCR038W-A_YKR057W,YCR038W-A,YKR057W,0.0353331266265064,3
YCR038W-A_YPR002C-A,YCR038W-A,YPR002C-A,0.0119196241558508,3
YCR038W-A_tN(GUU)Q,YCR038W-A,tN(GUU)Q,0.0240612407265779,3
YCR038W-A_YDR118W-A,YCR038W-A,YDR118W-A,0.015355322674437,3
YCR038W-A_snR62,YCR038W-A,snR62,0.0119026988049129,3
YCR038W-A_YOL038C-A,YCR038W-A,YOL038C-A,0.0110771630516673,3
YCR038W-A_YHL015W-A,YCR038W-A,YHL015W-A,0.0661916339911713,3
YCR038W-A_snR78,YCR038W-A,snR78,0.0244472859131775,3
YJL136W-A_YPR182W,YJL136W-A,YPR182W,0.0180946608930951,3
YDL061C_YPR182W,YDL061C,YPR182W,0.0288833980091539,3
YDL061C_YLR402W,YDL061C,YLR402W,0.0295481882616921,3
YDL061C_YJL136W-A,YDL061C,YJL136W-A,0.02450270015638,3
YDL061C_YML129C,YDL061C,YML129C,0.0449587075900154,3
YDL061C_YDR034C-A,YDL061C,YDR034C-A,0.021836611932893,3
YDL061C_YLR154W-E,YDL061C,YLR154W-E,0.0113358461638142,3
YDL061C_YDL184C,YDL061C,YDL184C,0.0417178156891555,3
YDL061C_snR75,YDL061C,snR75,0.017051432926594,3
YDL061C_YER053C-A,YDL061C,YER053C-A,0.0442149000643095,3
YDL061C_snR13,YDL061C,snR13,0.0120892456800209,3
YDL061C_YLR185W,YDL061C,YLR185W,0.013160541977815,3
YDL061C_YGR105W,YDL061C,YGR105W,0.0142847599403879,3
YDL061C_YNL162W-A,YDL061C,YNL162W-A,0.0121407136301432,3
YDL061C_YPL271W,YDL061C,YPL271W,0.0136016523994318,3
YDL061C_YLR399W-A,YDL061C,YLR399W-A,0.0285620159908681,3
YBL006W-A_YGR068W-A,YBL006W-A,YGR068W-A,0.0571169543510775,3
YBL006W-A_YDL133C-A,YBL006W-A,YDL133C-A,0.0427076740776259,3
YBL006W-A_YPL189C-A,YBL006W-A,YPL189C-A,0.0524710590356331,3
snR76_YPL189C-A,snR76,YPL189C-A,0.0506593797516829,3
snR87_YEL008C-A,snR87,YEL008C-A,0.0591906177430283,3
snR87_YNL145W,snR87,YNL145W,0.0147298436463254,3
snR87_YPL152W-A,snR87,YPL152W-A,0.0138781459343024,3
snR87_YOL097W-A,snR87,YOL097W-A,0.0200146568778187,3
snR87_YBR141W-A,snR87,YBR141W-A,0.0637817354899207,3
snR87_tX(XXX)D,snR87,tX(XXX)D,0.0100526126943698,3
YML129C_snR77,YML129C,snR77,0.102712310450303,3
YML129C_YDL061C,YML129C,YDL061C,0.0455034682691643,3
YML129C_YDR034C-A,YML129C,YDR034C-A,0.0271974762743519,3
YML129C_YJL127W-A,YML129C,YJL127W-A,0.0303083131720567,3
YML129C_YDR276C,YML129C,YDR276C,0.0316090071056147,3
YML129C_tG(UCC)G,YML129C,tG(UCC)G,0.0169427364508712,3
YML129C_YDL184C,YML129C,YDL184C,0.0494654336814441,3
YML129C_tK(UUU)Q,YML129C,tK(UUU)Q,0.0151160073270428,3
YML129C_YMR272W-A,YML129C,YMR272W-A,0.0828857382725757,3
YML129C_tV(UAC)Q,YML129C,tV(UAC)Q,0.0135465890402482,3
YML129C_YLR162W-A,YML129C,YLR162W-A,0.0316780019616385,3
YML129C_YER053C-A,YML129C,YER053C-A,0.0550660952752107,3
YML129C_YMR013C-A,YML129C,YMR013C-A,0.0142024364092298,3
YML129C_YAL037C-A,YML129C,YAL037C-A,0.0270852716881749,3
YML129C_snR65,YML129C,snR65,0.0285424950651428,3
YML129C_YOL083C-A,YML129C,YOL083C-A,0.0113865530799072,3
YEL008C-A_YOR161W-A,YEL008C-A,YOR161W-A,0.0406270235694137,3
YEL008C-A_YDL232W,YEL008C-A,YDL232W,0.126756336712567,3
YEL008C-A_YOR376W-A,YEL008C-A,YOR376W-A,0.0181608124118548,3
YEL008C-A_YCR095W-A,YEL008C-A,YCR095W-A,0.0105503323994514,3
YEL008C-A_YKL162C-A,YEL008C-A,YKL162C-A,0.0302849837454418,3
YEL008C-A_snR64,YEL008C-A,snR64,0.0504665547529132,3
YEL008C-A_YNL145W,YEL008C-A,YNL145W,0.0195151386517239,3
YEL008C-A_YDR461W,YEL008C-A,YDR461W,0.0199744490800052,3
YEL008C-A_YDR320W-B,YEL008C-A,YDR320W-B,0.0152942552379652,3
YEL008C-A_YOR186C-A,YEL008C-A,YOR186C-A,0.0226530790772108,3
YEL008C-A_YOL097W-A,YEL008C-A,YOL097W-A,0.0241247655891281,3
YEL008C-A_YJR151W-A,YEL008C-A,YJR151W-A,0.127787556626377,3
YEL008C-A_YGR122C-A,YEL008C-A,YGR122C-A,0.0105449440420793,3
YEL008C-A_YGL188C-A,YEL008C-A,YGL188C-A,0.0197472444727145,3
YEL008C-A_YDR169C-A,YEL008C-A,YDR169C-A,0.0208576296985932,3
YEL008C-A_snR55,YEL008C-A,snR55,0.0377158142532895,3
YEL008C-A_YNL144W-A,YEL008C-A,YNL144W-A,0.0383968831791996,3
YLR347W-A_YKL100W-A,YLR347W-A,YKL100W-A,0.0174314151178006,3
YLR347W-A_YJL077W-A,YLR347W-A,YJL077W-A,0.0120168604727214,3
snR64_YDR461W,snR64,YDR461W,0.0145966924110404,3
snR64_YEL017C-A,snR64,YEL017C-A,0.0224007739163661,3
snR64_snR39B,snR64,snR39B,0.0416360259369096,3
YDL159W-A_YBR126W-A,YDL159W-A,YBR126W-A,0.0115593226780064,3
tF(GAA)Q_snR75,tF(GAA)Q,snR75,0.0152643654340045,3
YNL097W-A_YKL106C-A,YNL097W-A,YKL106C-A,0.0467220892556369,3
YNL097W-A_YLR402W,YNL097W-A,YLR402W,0.0333174295902669,3
YNL097W-A_YJL136W-A,YNL097W-A,YJL136W-A,0.0230889135123146,3
YNL097W-A_YDL061C,YNL097W-A,YDL061C,0.0375279831812266,3
YNL097W-A_YML129C,YNL097W-A,YML129C,0.0454839389743367,3
YNL097W-A_YIL156W-B,YNL097W-A,YIL156W-B,0.0168945194020131,3
YNL097W-A_YNR003W-A,YNL097W-A,YNR003W-A,0.0113467449452075,3
YNL097W-A_YDR193W,YNL097W-A,YDR193W,0.0116836295868637,3
YNL097W-A_YOR302W,YNL097W-A,YOR302W,0.0436122310168391,3
YNL097W-A_YOL039W,YNL097W-A,YOL039W,0.0114016937859033,3
YNL097W-A_YER053C-A,YNL097W-A,YER053C-A,0.0498784560837613,3
YNL097W-A_YJR112W-A,YNL097W-A,YJR112W-A,0.0130328347384215,3
YNL097W-A_YGR105W,YNL097W-A,YGR105W,0.0151513305862793,3
YNL097W-A_YCR024C-A,YNL097W-A,YCR024C-A,0.0425022568183668,3
YNL097W-A_YJR094W-A,YNL097W-A,YJR094W-A,0.0101866806570911,3
YNL097W-A_YPL271W,YNL097W-A,YPL271W,0.0135566507247499,3
YKL156C-A_snR79,YKL156C-A,snR79,0.173828695150765,3
snR128_YJL205C,snR128,YJL205C,0.0233101407601112,3
snR128_snR161,snR128,snR161,0.010932008581127,3
snR128_YHR073C-B,snR128,YHR073C-B,0.0134042368625255,3
snR128_snR40,snR128,snR40,0.0376635745559175,3
snR128_YCR075W-A,snR128,YCR075W-A,0.0108110796709398,3
snR128_YPL251W,snR128,YPL251W,0.0100911331302632,3
snR128_YJL136C,snR128,YJL136C,0.0105685248562579,3
snR128_YBR126W-B,snR128,YBR126W-B,0.0168656282939145,3
snR128_YDL240C-A,snR128,YDL240C-A,0.0107665197863937,3
snR128_snR85,snR128,snR85,0.0219963041890591,3
snR128_snR62,snR128,snR62,0.0102347956761566,3
tV(AAC)O_snR189,tV(AAC)O,snR189,0.0286926360331049,3
tV(AAC)O_YPR153W,tV(AAC)O,YPR153W,0.0102468462946432,3
tV(AAC)O_YEL032C-A,tV(AAC)O,YEL032C-A,0.158187279754768,3
tV(AAC)O_YJL136W-A,tV(AAC)O,YJL136W-A,0.0500416365643097,3
tV(AAC)O_YDR276C,tV(AAC)O,YDR276C,0.0613927023970491,3
tV(AAC)O_snR31,tV(AAC)O,snR31,0.0151260188423858,3
tV(AAC)O_tF(GAA)Q,tV(AAC)O,tF(GAA)Q,0.0721791938959196,3
tV(AAC)O_YFL031C-A,tV(AAC)O,YFL031C-A,0.0162917362793027,3
tV(AAC)O_tL(GAG)G,tV(AAC)O,tL(GAG)G,-0.0237929344883166,3
tV(AAC)O_YOR335W-A,tV(AAC)O,YOR335W-A,-0.0270549796413766,3
tV(AAC)O_YDL184C,tV(AAC)O,YDL184C,0.103244392200938,3
tV(AAC)O_YIR044C,tV(AAC)O,YIR044C,0.0187245131618206,3
tV(AAC)O_YMR272W-A,tV(AAC)O,YMR272W-A,0.126322771966644,3
tV(AAC)O_YOR381W-A,tV(AAC)O,YOR381W-A,0.0263211185127533,3
tV(AAC)O_YFR012W-A,tV(AAC)O,YFR012W-A,-0.0209022546967227,3
tV(AAC)O_YJL052C-A,tV(AAC)O,YJL052C-A,0.0542263863723912,3
tV(AAC)O_snR75,tV(AAC)O,snR75,0.0461760061691092,3
tV(AAC)O_YIL105W-A,tV(AAC)O,YIL105W-A,0.0235323444633013,3
tV(AAC)O_YJR151W-A,tV(AAC)O,YJR151W-A,-0.136913067526551,3
tV(AAC)O_YGR064W,tV(AAC)O,YGR064W,0.0170669985071365,3
tV(AAC)O_snR13,tV(AAC)O,snR13,0.029316218001477,3
tV(AAC)O_YMR013C-A,tV(AAC)O,YMR013C-A,0.025297411211765,3
tV(AAC)O_tN(GUU)Q,tV(AAC)O,tN(GUU)Q,0.057495622424034,3
tV(AAC)O_YPL102C,tV(AAC)O,YPL102C,0.0164964667862075,3
tV(AAC)O_snR65,tV(AAC)O,snR65,0.0578427171962011,3
tV(AAC)O_YIL052C,tV(AAC)O,YIL052C,0.0203019658836744,3
tV(AAC)O_YNL162W-A,tV(AAC)O,YNL162W-A,0.0317725673421588,3
tV(AAC)O_snR79,tV(AAC)O,snR79,-0.184475628206162,3
tV(AAC)O_YOL083C-A,tV(AAC)O,YOL083C-A,0.0205527039635384,3
tV(AAC)O_YNL190W,tV(AAC)O,YNL190W,0.0172032502613524,3
YDL184C_tV(AAC)O,YDL184C,tV(AAC)O,0.107790542204464,3
YDL184C_YMR013C-A,YDL184C,YMR013C-A,0.0144666319876047,3
YDL184C_snR65,YDL184C,snR65,0.0309484161733348,3
YDL184C_YOL083C-A,YDL184C,YOL083C-A,0.0117351085362116,3
YBR223W-A_snR76,YBR223W-A,snR76,0.0183121279531892,3
snR58_snR87,snR58,snR87,0.0278631120170674,3
snR58_YDL067C,snR58,YDL067C,0.0109333152548287,3
snR58_YBR126W-A,snR58,YBR126W-A,0.0191850518876791,3
snR40_YJL205C,snR40,YJL205C,0.0244402345753253,3
snR40_snR18,snR40,snR18,0.0629662183256472,3
snR40_YCR038W-A,snR40,YCR038W-A,0.0410401445113104,3
snR40_snR69,snR40,snR69,0.0250148974260719,3
snR40_YMR307C-A,snR40,YMR307C-A,0.0100512544881709,3
snR40_snR161,snR40,snR161,0.0115013972558534,3
snR40_snR128,snR40,snR128,0.0359222218788075,3
snR40_YDR476C,snR40,YDR476C,0.010092517118097,3
snR40_YCR075W-A,snR40,YCR075W-A,0.0119751845242019,3
snR40_YLR264W,snR40,YLR264W,0.0171918595849722,3
snR40_YPL251W,snR40,YPL251W,0.0109007770378009,3
snR40_YJL136C,snR40,YJL136C,0.0112922059903921,3
snR40_YBR126W-B,snR40,YBR126W-B,0.0177447773660673,3
snR40_YPR002C-A,snR40,YPR002C-A,0.0110631677280621,3
snR40_YBL071W-A,snR40,YBL071W-A,0.0107036556746521,3
snR40_snR85,snR40,snR85,0.0237472146450607,3
snR40_YOL038C-A,snR40,YOL038C-A,0.0100083187625717,3
YMR272W-A_YKL106C-A,YMR272W-A,YKL106C-A,0.0647297287110545,3
YMR272W-A_YEL032C-A,YMR272W-A,YEL032C-A,0.112680307648656,3
YMR272W-A_YBR252W,YMR272W-A,YBR252W,0.016740780120385,3
YMR272W-A_snR77,YMR272W-A,snR77,0.137908949351572,3
YMR272W-A_YLR402W,YMR272W-A,YLR402W,0.0559588499544635,3
YMR272W-A_YJL136W-A,YMR272W-A,YJL136W-A,0.0438236847918516,3
YMR272W-A_YDL061C,YMR272W-A,YDL061C,0.0698083291936781,3
YMR272W-A_YML129C,YMR272W-A,YML129C,0.0824239108423909,3
YMR272W-A_YIL156W-B,YMR272W-A,YIL156W-B,0.0304931468984846,3
YMR272W-A_YDR034C-A,YMR272W-A,YDR034C-A,0.0387377993555323,3
YMR272W-A_YJL127W-A,YMR272W-A,YJL127W-A,0.0426108846525146,3
YMR272W-A_YDR276C,YMR272W-A,YDR276C,0.0494550877126895,3
YMR272W-A_YFL031C-A,YMR272W-A,YFL031C-A,0.0127709678766547,3
YMR272W-A_YLR154W-E,YMR272W-A,YLR154W-E,0.0201043489350551,3
YMR272W-A_YNL097W-A,YMR272W-A,YNL097W-A,0.0729215093425554,3
YMR272W-A_tV(AAC)O,YMR272W-A,tV(AAC)O,0.12680046550014,3
YMR272W-A_tG(UCC)G,YMR272W-A,tG(UCC)G,0.021817197102403,3
YMR272W-A_YDL184C,YMR272W-A,YDL184C,0.0688193270316819,3
YMR272W-A_tK(UUU)Q,YMR272W-A,tK(UUU)Q,0.0194649141956348,3
YMR272W-A_YDL045W-A,YMR272W-A,YDL045W-A,0.0120540861283807,3
YMR272W-A_YOR302W,YMR272W-A,YOR302W,0.0761278434009001,3
YMR272W-A_YOR146W,YMR272W-A,YOR146W,0.017364532285596,3
YMR272W-A_tV(UAC)Q,YMR272W-A,tV(UAC)Q,0.017443970990952,3
YMR272W-A_YER058W,YMR272W-A,YER058W,0.0144308044624708,3
YMR272W-A_YER053C-A,YMR272W-A,YER053C-A,0.0839617883165613,3
YMR272W-A_snR13,YMR272W-A,snR13,0.0207529591798106,3
YMR272W-A_YLR185W,YMR272W-A,YLR185W,0.0233605358648206,3
YMR272W-A_YMR013C-A,YMR272W-A,YMR013C-A,0.0201915487907383,3
YMR272W-A_snR32,YMR272W-A,snR32,0.0124081275028149,3
YMR272W-A_YJR112W-A,YMR272W-A,YJR112W-A,0.022911029301598,3
YMR272W-A_YOR394C-A,YMR272W-A,YOR394C-A,0.0153537294682678,3
YMR272W-A_YLR194C,YMR272W-A,YLR194C,0.0100084004693754,3
YMR272W-A_YAL037C-A,YMR272W-A,YAL037C-A,0.036982560221142,3
YMR272W-A_YOR248W,YMR272W-A,YOR248W,0.0109336055868669,3
YMR272W-A_snR65,YMR272W-A,snR65,0.0419094336215889,3
YMR272W-A_YGR105W,YMR272W-A,YGR105W,0.0265525810025395,3
YMR272W-A_YOL083C-A,YMR272W-A,YOL083C-A,0.0161206650823028,3
YMR272W-A_YPL271W,YMR272W-A,YPL271W,0.0247200755948992,3
YMR272W-A_YLR399W-A,YMR272W-A,YLR399W-A,0.0506007007264632,3
YMR272W-A_YNL190W,YMR272W-A,YNL190W,0.0140219172434312,3
snR38_snR60,snR38,snR60,0.011872538587954,3
snR38_snR58,snR38,snR58,0.016806491746111,3
snR38_YDR524W-C,snR38,YDR524W-C,0.0106518036510964,3
snR38_snR72,snR38,snR72,0.015561983762129,3
snR38_YMR242W-A,snR38,YMR242W-A,0.0113496973078891,3
YCR075W-A_snR87,YCR075W-A,snR87,0.0132853257559483,3
YEL017C-A_YKL100W-A,YEL017C-A,YKL100W-A,0.0228406859838254,3
YJL052C-A_tF(GAA)Q,YJL052C-A,tF(GAA)Q,0.0199053999126939,3
YJL052C-A_YHR073C-B,YJL052C-A,YHR073C-B,0.0108708874526728,3
YJL052C-A_YBR221W-A,YJL052C-A,YBR221W-A,0.0105074048641644,3
YJL052C-A_tL(UAA)Q,YJL052C-A,tL(UAA)Q,0.0124388134875133,3
snR67_snR79,snR67,snR79,0.113738808557069,3
snR67_YPL135C-A,snR67,YPL135C-A,0.0445471990910543,3
YPL189C-A_YDR354C-A,YPL189C-A,YDR354C-A,0.048244404168264,3
YPL189C-A_YML007C-A,YPL189C-A,YML007C-A,0.0304780208370571,3
YPL189C-A_YGR068W-A,YPL189C-A,YGR068W-A,0.0691962807430805,3
YPL189C-A_YLR110C,YPL189C-A,YLR110C,0.0144460159971074,3
YPL189C-A_YBL006W-A,YPL189C-A,YBL006W-A,0.0496365688199011,3
YPL189C-A_YML054C-A,YPL189C-A,YML054C-A,0.0159466431151863,3
YPL189C-A_YCL048W-A,YPL189C-A,YCL048W-A,0.0155667581159325,3
YPL189C-A_YOL077W-A,YPL189C-A,YOL077W-A,0.0116570723997613,3
YPL189C-A_snR66,YPL189C-A,snR66,0.0361022418521482,3
YPL189C-A_YDL133C-A,YPL189C-A,YDL133C-A,0.0463534807642012,3
YPL189C-A_YBR223W-A,YPL189C-A,YBR223W-A,0.0242574167009717,3
YPL189C-A_YKL156W,YPL189C-A,YKL156W,0.0184727034222932,3
YPL189C-A_tS(UGA)Q2,YPL189C-A,tS(UGA)Q2,0.0169524688201614,3
YPL189C-A_YKL096W-A,YPL189C-A,YKL096W-A,0.0167786096395353,3
YPL189C-A_snR67,YPL189C-A,snR67,0.0452290884077303,3
YPL189C-A_snR50,YPL189C-A,snR50,0.0392793954516959,3
YPL189C-A_YLR043C,YPL189C-A,YLR043C,0.0116956814924412,3
YPL189C-A_YNL097C-B,YPL189C-A,YNL097C-B,0.0190816027839957,3
YPL189C-A_YLR162W-A,YPL189C-A,YLR162W-A,0.036463485166483,3
YPL189C-A_YMR141W-A,YPL189C-A,YMR141W-A,0.0122231093632926,3
YPL189C-A_YHR032C-A,YPL189C-A,YHR032C-A,0.0367033204267574,3
YPL189C-A_YDR524C-B,YPL189C-A,YDR524C-B,0.0417012848206768,3
YPL189C-A_YMR174C,YPL189C-A,YMR174C,0.0133841189565182,3
YPL189C-A_YNL130C-A,YPL189C-A,YNL130C-A,0.0302513793356546,3
YPL189C-A_YPL096C-A,YPL189C-A,YPL096C-A,0.024728426131517,3
YPL189C-A_YMR251W-A,YPL189C-A,YMR251W-A,0.0178639238595091,3
YPL189C-A_YCR024C-A,YPL189C-A,YCR024C-A,0.050357287071374,3
YPL189C-A_YER138W-A,YPL189C-A,YER138W-A,0.025955351222875,3
YPL189C-A_snR14,YPL189C-A,snR14,0.0152527789981157,3
YPL189C-A_YPL135C-A,YPL189C-A,YPL135C-A,0.052895320180102,3
YOR302W_YKL106C-A,YOR302W,YKL106C-A,0.0459367818021998,3
YOR302W_YEL032C-A,YOR302W,YEL032C-A,0.0825134607143226,3
YOR302W_YBR252W,YOR302W,YBR252W,0.0109992594916861,3
YOR302W_YLR062C,YOR302W,YLR062C,0.0119974068593884,3
YOR302W_YGR063C,YOR302W,YGR063C,0.0115520876963535,3
YOR302W_YJL136W-A,YOR302W,YJL136W-A,0.0257391014671265,3
YOR302W_YDL061C,YOR302W,YDL061C,0.0396270550404834,3
YOR302W_YIL156W-B,YOR302W,YIL156W-B,0.0191527648698015,3
YOR302W_YLR154W-E,YOR302W,YLR154W-E,0.0129882547668165,3
YOR302W_YNL097W-A,YOR302W,YNL097W-A,0.0418837125985655,3
YOR302W_YPL136W,YOR302W,YPL136W,0.0116917046228844,3
YOR302W_YHR073W-A,YOR302W,YHR073W-A,0.0212119709019679,3
YOR302W_snR75,YOR302W,snR75,0.0183365394221421,3
YOR302W_YOR146W,YOR302W,YOR146W,0.0106569319065365,3
YOR302W_YKL023C-A,YOR302W,YKL023C-A,0.0112175170192482,3
YOR302W_YER053C-A,YOR302W,YER053C-A,0.0448912571446216,3
YOR302W_snR13,YOR302W,snR13,0.0139841375596231,3
YOR302W_YLR185W,YOR302W,YLR185W,0.01562754040307,3
YOR302W_YMR256C,YOR302W,YMR256C,0.0115881103833193,3
YOR302W_YJR112W-A,YOR302W,YJR112W-A,0.0137615083556646,3
YOR302W_YGR105W,YOR302W,YGR105W,0.0147146413310606,3
YOR302W_YNL162W-A,YOR302W,YNL162W-A,0.0132473179143911,3
YOR302W_YPL271W,YOR302W,YPL271W,0.0155401629772961,3
YOR302W_YLR399W-A,YOR302W,YLR399W-A,0.0347074637042559,3
YER090C-A_YKL156C-A,YER090C-A,YKL156C-A,0.0196753984823727,3
snR24_YMR122W-A,snR24,YMR122W-A,0.0107076118789606,3
snR24_YLL018C-A,snR24,YLL018C-A,0.0146595727196409,3
snR24_YBR056C-B,snR24,YBR056C-B,0.0113536677785208,3
snR24_YGL014C-A,snR24,YGL014C-A,0.0100441496147097,3
snR24_YLR438C-A,snR24,YLR438C-A,0.0131708536036179,3
snR24_snR59,snR24,snR59,0.0130012034565402,3
snR24_YLR099W-A,snR24,YLR099W-A,0.0113250891556512,3
snR24_YJL064W,snR24,YJL064W,0.0101777565419566,3
snR24_YLR154W-F,snR24,YLR154W-F,0.0245208957362444,3
tR(CCG)L_YBL071C-B,tR(CCG)L,YBL071C-B,0.030271223851796,3
tR(CCG)L_YCR038W-A,tR(CCG)L,YCR038W-A,0.0431118473185489,3
tR(CCG)L_YDL159W-A,tR(CCG)L,YDL159W-A,0.0165772021483102,3
tR(CCG)L_snR71,tR(CCG)L,snR71,0.010864153706017,3
tR(CCG)L_snR58,tR(CCG)L,snR58,0.0243143055183518,3
tR(CCG)L_YHR073C-B,tR(CCG)L,YHR073C-B,0.0146682972765927,3
tR(CCG)L_snR38,tR(CCG)L,snR38,0.027383268222973,3
tR(CCG)L_YLR388W,tR(CCG)L,YLR388W,0.0220590234790945,3
tR(CCG)L_YKR057W,tR(CCG)L,YKR057W,0.0309878221139627,3
tR(CCG)L_YJL047C-A,tR(CCG)L,YJL047C-A,0.0142079619117021,3
tR(CCG)L_YHR032C-A,tR(CCG)L,YHR032C-A,-0.0320319437821288,3
tR(CCG)L_YBR221W-A,tR(CCG)L,YBR221W-A,0.0161501763427126,3
tR(CCG)L_tL(UAA)Q,tR(CCG)L,tL(UAA)Q,0.0176179270392473,3
tR(CCG)L_snR72,tR(CCG)L,snR72,0.0210433279491713,3
tR(CCG)L_YBR196C-B,tR(CCG)L,YBR196C-B,0.0141921221847822,3
tR(CCG)L_YDL240C-A,tR(CCG)L,YDL240C-A,0.012207008325269,3
tR(CCG)L_YLR264C-A,tR(CCG)L,YLR264C-A,0.0105347995451489,3
tR(CCG)L_YDR118W-A,tR(CCG)L,YDR118W-A,0.0145044928366974,3
tR(CCG)L_YDL025W-A,tR(CCG)L,YDL025W-A,0.0215831204250157,3
tR(CCG)L_snR62,tR(CCG)L,snR62,0.0105653273274368,3
tR(CCG)L_YHL015W-A,tR(CCG)L,YHL015W-A,0.0619256713695114,3
tR(CCG)L_snR78,tR(CCG)L,snR78,0.0248590340604848,3
tR(CCG)L_YMR242W-A,tR(CCG)L,YMR242W-A,0.0149939208163515,3
YMR182W-A_snR79,YMR182W-A,snR79,0.121534673935586,3
YKR057W_snR128,YKR057W,snR128,0.0293887979416467,3
YKR057W_YHR073C-B,YKR057W,YHR073C-B,0.0117086763778038,3
YKR057W_YBR126W-B,YKR057W,YBR126W-B,0.014589282612226,3
YKR057W_snR85,YKR057W,snR85,0.0186883745938687,3
YJR151W-A_YBL039W-B,YJR151W-A,YBL039W-B,0.0115076066566249,3
YJR151W-A_YBR082C,YJR151W-A,YBR082C,0.0136762537542079,3
YJR151W-A_YLR333C,YJR151W-A,YLR333C,0.0106775874210962,3
YJR151W-A_tQ(UUG)B,YJR151W-A,tQ(UUG)B,0.0477467806881296,3
YJR151W-A_snR54,YJR151W-A,snR54,0.0466332639833865,3
YJR151W-A_YOR161W-A,YJR151W-A,YOR161W-A,0.0733284682183385,3
YJR151W-A_YEL020C-B,YJR151W-A,YEL020C-B,0.010176001698357,3
YJR151W-A_snR77,YJR151W-A,snR77,-0.207562051267135,3
YJR151W-A_YDL232W,YJR151W-A,YDL232W,0.201648177130128,3
YJR151W-A_YOR376W-A,YJR151W-A,YOR376W-A,0.0298829316533264,3
YJR151W-A_YCR095W-A,YJR151W-A,YCR095W-A,0.0173055811069126,3
YJR151W-A_YEL008C-A,YJR151W-A,YEL008C-A,0.12426271482221,3
YJR151W-A_YKL162C-A,YJR151W-A,YKL162C-A,0.0484737311477599,3
YJR151W-A_YLR347W-A,YJR151W-A,YLR347W-A,0.0421451293800633,3
YJR151W-A_YDR034C-A,YJR151W-A,YDR034C-A,-0.0496973629499187,3
YJR151W-A_YJL127W-A,YJR151W-A,YJL127W-A,-0.0563121564898225,3
YJR151W-A_snR64,YJR151W-A,snR64,0.0811810403117962,3
YJR151W-A_YPR160W-A,YJR151W-A,YPR160W-A,0.0949758484891114,3
YJR151W-A_tT(UGU)H,YJR151W-A,tT(UGU)H,-0.0368356145133204,3
YJR151W-A_YNL145W,YJR151W-A,YNL145W,0.0316147534859687,3
YJR151W-A_snR60,YJR151W-A,snR60,0.0429446614974168,3
YJR151W-A_YDR461W,YJR151W-A,YDR461W,0.0357573079881523,3
YJR151W-A_tV(AAC)O,YJR151W-A,tV(AAC)O,-0.146468930828765,3
YJR151W-A_tG(UCC)G,YJR151W-A,tG(UCC)G,-0.0369546546444823,3
YJR151W-A_YDL184C,YJR151W-A,YDL184C,-0.098846189531801,3
YJR151W-A_YDR016C,YJR151W-A,YDR016C,0.0125013441042376,3
YJR151W-A_YDR320W-B,YJR151W-A,YDR320W-B,0.0275176517781148,3
YJR151W-A_tK(UUU)Q,YJR151W-A,tK(UUU)Q,-0.0329702838732175,3
YJR151W-A_YOR186C-A,YJR151W-A,YOR186C-A,0.0366316877881825,3
YJR151W-A_tV(UAC)Q,YJR151W-A,tV(UAC)Q,-0.0295471467106106,3
YJR151W-A_tR(ACG)Q2,YJR151W-A,tR(ACG)Q2,0.0425987531171024,3
YJR151W-A_tC(GCA)Q,YJR151W-A,tC(GCA)Q,0.0382710852950327,3
YJR151W-A_YGR122C-A,YJR151W-A,YGR122C-A,0.0188713359392363,3
YJR151W-A_YGL188C-A,YJR151W-A,YGL188C-A,0.0346430181781852,3
YJR151W-A_tR(CCU)J,YJR151W-A,tR(CCU)J,0.093348707568684,3
YJR151W-A_snR10,YJR151W-A,snR10,0.020132431071172,3
YJR151W-A_YDR169C-A,YJR151W-A,YDR169C-A,0.0346950256527789,3
YJR151W-A_snR55,YJR151W-A,snR55,0.0593048676859966,3
YJR151W-A_YAL037C-A,YJR151W-A,YAL037C-A,-0.0531689018785199,3
YJR151W-A_YHR050W-A,YJR151W-A,YHR050W-A,0.0122694975855939,3
YJR151W-A_YNL144W-A,YJR151W-A,YNL144W-A,0.067723583608246,3
YJR151W-A_tR(ACG)J,YJR151W-A,tR(ACG)J,0.0450730618842054,3
YJR151W-A_YLL019W-A,YJR151W-A,YLL019W-A,-0.0133394613174164,3
YJR151W-A_YBL100W-C,YJR151W-A,YBL100W-C,0.0153948113266098,3
YJR151W-A_YOL083C-A,YJR151W-A,YOL083C-A,-0.021443068264432,3
YBR141W-A_YBR082C,YBR141W-A,YBR082C,0.0104590950730587,3
YBR141W-A_YKL106C-A,YBR141W-A,YKL106C-A,0.0652732272512116,3
YBR141W-A_YER009W,YBR141W-A,YER009W,0.0122715407679912,3
YBR141W-A_YDL232W,YBR141W-A,YDL232W,0.149220803737988,3
YBR141W-A_YGL006W-A,YBR141W-A,YGL006W-A,0.0177420737719422,3
YBR141W-A_YOR376W-A,YBR141W-A,YOR376W-A,0.019660512910467,3
YBR141W-A_YLR347W-A,YBR141W-A,YLR347W-A,0.0274681397273375,3
YBR141W-A_snR64,YBR141W-A,snR64,0.0605772521157808,3
YBR141W-A_YPL152W-A,YBR141W-A,YPL152W-A,0.0204437859455132,3
YBR141W-A_YEL017C-A,YBR141W-A,YEL017C-A,0.0386017162645849,3
YBR141W-A_YKL138C-A,YBR141W-A,YKL138C-A,0.0159403154979449,3
YBR141W-A_YOL097W-A,YBR141W-A,YOL097W-A,0.0309593607474065,3
YBR141W-A_YGL188C-A,YBR141W-A,YGL188C-A,0.0224275092840528,3
YBR141W-A_YDR169C-A,YBR141W-A,YDR169C-A,0.0223522486261185,3
YBR141W-A_snR55,YBR141W-A,snR55,0.0438948702674228,3
YBR141W-A_snR39B,YBR141W-A,snR39B,0.0670648220396508,3
YLL018C-A_snR24,YLL018C-A,snR24,0.0142232710282071,3
YLL018C-A_YLR438C-A,YLL018C-A,YLR438C-A,0.0111420485514025,3
YLL018C-A_snR59,YLL018C-A,snR59,0.0109069389267626,3
YLL018C-A_YLR154W-F,YLL018C-A,YLR154W-F,0.0208279168016648,3
YLR162W-A_tT(UGU)H,YLR162W-A,tT(UGU)H,0.0141786237629696,3
YJL136C_snR87,YJL136C,snR87,0.0125376355576581,3
YHR032C-A_snR76,YHR032C-A,snR76,0.0304539011019018,3
YHR032C-A_YLR149C-A,YHR032C-A,YLR149C-A,0.0181751068677058,3
YHR032C-A_YML054C-A,YHR032C-A,YML054C-A,0.0102869905432357,3
YHR032C-A_tT(CGU)K,YHR032C-A,tT(CGU)K,0.0130639948930017,3
YHR032C-A_snR66,YHR032C-A,snR66,0.0224941158482395,3
YHR032C-A_YMR122W-A,YHR032C-A,YMR122W-A,0.0118875248991711,3
YHR032C-A_snR60,YHR032C-A,snR60,-0.0105763403417579,3
YHR032C-A_YBR223W-A,YHR032C-A,YBR223W-A,0.0158239113015131,3
YHR032C-A_tS(UGA)Q2,YHR032C-A,tS(UGA)Q2,0.0110962088765083,3
YHR032C-A_snR38,YHR032C-A,snR38,-0.020098935868253,3
YHR032C-A_YJL047C-A,YHR032C-A,YJL047C-A,-0.0100819923003261,3
YHR032C-A_YNL097C-B,YHR032C-A,YNL097C-B,0.0119382509502506,3
YHR032C-A_YDR524W-C,YHR032C-A,YDR524W-C,-0.0102234440671099,3
YHR032C-A_YBR221W-A,YHR032C-A,YBR221W-A,-0.011491646793654,3
YHR032C-A_tL(UAA)Q,YHR032C-A,tL(UAA)Q,-0.0127601203924877,3
YHR032C-A_snR72,YHR032C-A,snR72,-0.0154524964645303,3
YHR032C-A_YBR196C-B,YHR032C-A,YBR196C-B,-0.0100987339049429,3
YHR032C-A_tS(CGA)C,YHR032C-A,tS(CGA)C,-0.0101820198291754,3
YHR032C-A_YDL025W-A,YHR032C-A,YDL025W-A,-0.0151147077991055,3
YHR032C-A_tE(UUC)M,YHR032C-A,tE(UUC)M,0.0125047433334142,3
YHR032C-A_tQ(UUG)E2,YHR032C-A,tQ(UUG)E2,0.0130639948930016,3
YER053C-A_snR77,YER053C-A,snR77,0.100100556749144,3
YER053C-A_YDL061C,YER053C-A,YDL061C,0.0460465826053104,3
YER053C-A_YML129C,YER053C-A,YML129C,0.0565388533383789,3
YER053C-A_YDR034C-A,YER053C-A,YDR034C-A,0.0263574455341235,3
YER053C-A_YJL127W-A,YER053C-A,YJL127W-A,0.029664597175947,3
YER053C-A_YDR276C,YER053C-A,YDR276C,0.0316192638416704,3
YER053C-A_YNL097W-A,YER053C-A,YNL097W-A,0.0497740367386765,3
YER053C-A_YMR272W-A,YER053C-A,YMR272W-A,0.0859621344081525,3
YER053C-A_YOR302W,YER053C-A,YOR302W,0.0477490621732105,3
YER053C-A_YMR013C-A,YER053C-A,YMR013C-A,0.0135089819993862,3
YER053C-A_YOR394C-A,YER053C-A,YOR394C-A,0.0101163756973935,3
YER053C-A_YAL037C-A,YER053C-A,YAL037C-A,0.0264239510369037,3
YER053C-A_snR65,YER053C-A,snR65,0.0271257189431026,3
YER053C-A_YGR105W,YER053C-A,YGR105W,0.0178394130307524,3
YDR524C-B_YDR354C-A,YDR524C-B,YDR354C-A,0.0316732291529784,3
YDR524C-B_snR76,YDR524C-B,snR76,0.0309925656535899,3
YDR524C-B_YLR149C-A,YDR524C-B,YLR149C-A,0.0178272550628306,3
YDR524C-B_YML054C-A,YDR524C-B,YML054C-A,0.0105096775557117,3
YDR524C-B_YCL048W-A,YDR524C-B,YCL048W-A,0.0103054497057485,3
YDR524C-B_YOR210W,YDR524C-B,YOR210W,0.0105803373938334,3
YDR524C-B_snR66,YDR524C-B,snR66,0.0234609264432704,3
YDR524C-B_YBR223W-A,YDR524C-B,YBR223W-A,0.0160209797098315,3
YDR524C-B_YKL156W,YDR524C-B,YKL156W,0.0119703733444569,3
YDR524C-B_tS(UGA)Q2,YDR524C-B,tS(UGA)Q2,0.0112152004055036,3
YDR524C-B_YKL096W-A,YDR524C-B,YKL096W-A,0.010917833739891,3
YDR524C-B_YNL097C-B,YDR524C-B,YNL097C-B,0.0125297976693102,3
YDR524C-B_YPL096C-A,YDR524C-B,YPL096C-A,0.016323805184971,3
tN(GUU)Q_YLR149C-A,tN(GUU)Q,YLR149C-A,-0.0151542331642755,3
tN(GUU)Q_tF(GAA)Q,tN(GUU)Q,tF(GAA)Q,0.0201853918807256,3
tN(GUU)Q_tL(UAA)Q,tN(GUU)Q,tL(UAA)Q,0.0123298809363726,3
YBL071W-A_snR87,YBL071W-A,snR87,0.0124028844216852,3
tR(CCU)J_YBL071C-B,tR(CCU)J,YBL071C-B,0.0378178831647773,3
tR(CCU)J_YOR161W-A,tR(CCU)J,YOR161W-A,0.0332724750043462,3
tR(CCU)J_snR77,tR(CCU)J,snR77,-0.0930065097789152,3
tR(CCU)J_tS(GCU)Q1,tR(CCU)J,tS(GCU)Q1,0.0149821778365359,3
tR(CCU)J_YEL008C-A,tR(CCU)J,YEL008C-A,0.065461634147234,3
tR(CCU)J_YKL162C-A,tR(CCU)J,YKL162C-A,0.0233510455106901,3
tR(CCU)J_YDL159W-A,tR(CCU)J,YDL159W-A,0.0213890198666777,3
tR(CCU)J_tT(UGU)H,tR(CCU)J,tT(UGU)H,-0.0195403513642977,3
tR(CCU)J_YBL039C-A,tR(CCU)J,YBL039C-A,-0.0150388378078522,3
tR(CCU)J_snR60,tR(CCU)J,snR60,0.0224897711073703,3
tR(CCU)J_tG(UCC)G,tR(CCU)J,tG(UCC)G,-0.0177330703314367,3
tR(CCU)J_YKL145W-A,tR(CCU)J,YKL145W-A,0.0146292057795187,3
tR(CCU)J_snR58,tR(CCU)J,snR58,0.0325071199380727,3
tR(CCU)J_YDR320W-B,tR(CCU)J,YDR320W-B,0.0113743497610037,3
tR(CCU)J_tK(UUU)Q,tR(CCU)J,tK(UUU)Q,-0.0158211291215113,3
tR(CCU)J_snR38,tR(CCU)J,snR38,0.0370437276787628,3
tR(CCU)J_YOR186C-A,tR(CCU)J,YOR186C-A,0.0177713156937749,3
tR(CCU)J_tR(CCG)L,tR(CCU)J,tR(CCG)L,0.0531686139859592,3
tR(CCU)J_tV(UAC)Q,tR(CCU)J,tV(UAC)Q,-0.0141785016191664,3
tR(CCU)J_YLR230W,tR(CCU)J,YLR230W,0.0139320768834376,3
tR(CCU)J_YJR151W-A,tR(CCU)J,YJR151W-A,0.09940938772922,3
tR(CCU)J_snR46,tR(CCU)J,snR46,0.0111587874276179,3
tR(CCU)J_YDR524W-C,tR(CCU)J,YDR524W-C,0.0203863582778983,3
tR(CCU)J_YLR162W-A,tR(CCU)J,YLR162W-A,-0.0423185107257426,3
tR(CCU)J_YHR032C-A,tR(CCU)J,YHR032C-A,-0.0390645823322646,3
tR(CCU)J_snR72,tR(CCU)J,snR72,0.0300374950803996,3
tR(CCU)J_YBR196C-B,tR(CCU)J,YBR196C-B,0.0178360089112308,3
tR(CCU)J_tX(XXX)D,tR(CCU)J,tX(XXX)D,0.0103964383316968,3
tR(CCU)J_tS(CGA)C,tR(CCU)J,tS(CGA)C,0.0180694619788418,3
tR(CCU)J_YDL025W-A,tR(CCU)J,YDL025W-A,0.0272301682940061,3
tR(CCU)J_YNL144W-A,tR(CCU)J,YNL144W-A,0.0323941415659463,3
tR(CCU)J_snR39,tR(CCU)J,snR39,0.0974678493712302,3
tR(CCU)J_YHL015W-A,tR(CCU)J,YHL015W-A,0.074753419162608,3
tR(CCU)J_snR78,tR(CCU)J,snR78,0.0319275819267905,3
tR(CCU)J_YBR126W-A,tR(CCU)J,YBR126W-A,0.0361493150133264,3
tR(CCU)J_YMR242W-A,tR(CCU)J,YMR242W-A,0.0217859182093648,3
YKL100W-A_snR39B,YKL100W-A,snR39B,0.0438796452970041,3
snR59_snR24,snR59,snR24,0.0133608519103791,3
snR59_YLL018C-A,snR59,YLL018C-A,0.0115960319310805,3
snR59_YLR438C-A,snR59,YLR438C-A,0.0109121432779482,3
snR59_YKL100W-A,snR59,YKL100W-A,0.0140843223405285,3
YNL144W-A_YOR161W-A,YNL144W-A,YOR161W-A,0.0207109490355755,3
YCR047W-A_YHR073W-A,YCR047W-A,YHR073W-A,0.0115803428100899,3
YCR047W-A_YLR264W,YCR047W-A,YLR264W,0.0115555105036078,3
YCR047W-A_YDL067C,YCR047W-A,YDL067C,0.0118990947996532,3
YGR161W-C_YKL156C-A,YGR161W-C,YKL156C-A,0.0138576713373683,3
snR39_YBR082C,snR39,YBR082C,0.0107912092242189,3
snR39_YPR052C,snR39,YPR052C,0.0132473731947623,3
snR39_YEL032C-A,snR39,YEL032C-A,0.104274759603146,3
snR39_YPL142C,snR39,YPL142C,0.016882221202009,3
snR39_YPR010C-A,snR39,YPR010C-A,0.0129619915400043,3
snR39_YBL071C-B,snR39,YBL071C-B,0.060684027157488,3
snR39_YKL018C-A,snR39,YKL018C-A,0.0110724586500339,3
snR39_YJL205C,snR39,YJL205C,0.0471408572394722,3
snR39_YPR183W,snR39,YPR183W,0.018254380513878,3
snR39_YER009W,snR39,YER009W,0.0114330246581817,3
snR39_YDL232W,snR39,YDL232W,0.139291867679617,3
snR39_snR18,snR39,snR18,0.119495715530745,3
snR39_YJL191W,snR39,YJL191W,0.0116628870262178,3
snR39_snR9,snR39,snR9,0.0112504115084838,3
snR39_YCR038W-A,snR39,YCR038W-A,0.0862532641417339,3
snR39_YOR376W-A,snR39,YOR376W-A,0.0196982038395983,3
snR39_YCR095W-A,snR39,YCR095W-A,0.0127566284266981,3
snR39_snR87,snR39,snR87,0.0865730322154882,3
snR39_YEL008C-A,snR39,YEL008C-A,0.0948210370697287,3
snR39_YKL162C-A,snR39,YKL162C-A,0.0352720134036301,3
snR39_YCR031C,snR39,YCR031C,0.0149651360121252,3
snR39_snR69,snR39,snR69,0.0500026428989868,3
snR39_snR64,snR39,snR64,0.0536157924458589,3
snR39_YDL159W-A,snR39,YDL159W-A,0.031694623903466,3
snR39_YJR135W-A,snR39,YJR135W-A,0.0102396136825003,3
snR39_YMR307C-A,snR39,YMR307C-A,0.0189785568797938,3
snR39_snR161,snR39,snR161,0.0224735342932815,3
snR39_YNL145W,snR39,YNL145W,0.0221027144719339,3
snR39_snR71,snR39,snR71,0.0202284037212384,3
snR39_snR60,snR39,snR60,0.0282412618519275,3
snR39_snR128,snR39,snR128,0.0704629442925978,3
snR39_YDR437W,snR39,YDR437W,0.0100009298713792,3
snR39_YDR246W-A,snR39,YDR246W-A,0.0161994884388443,3
snR39_YDR476C,snR39,YDR476C,0.0186445852582966,3
snR39_YPL047W,snR39,YPL047W,0.0138221283191907,3
snR39_YOR161C-C,snR39,YOR161C-C,0.0179651100532832,3
snR39_snR58,snR39,snR58,0.0505751880894293,3
snR39_YHL018W,snR39,YHL018W,0.0181658696051575,3
snR39_snR40,snR39,snR40,0.0766187500682446,3
snR39_YPL152W-A,snR39,YPL152W-A,0.0216926126194513,3
snR39_snR38,snR39,snR38,0.0503010759670934,3
snR39_YCR075W-A,snR39,YCR075W-A,0.0237515522186083,3
snR39_YLR388W,snR39,YLR388W,0.0441053896209191,3
snR39_YJL052C-A,snR39,YJL052C-A,0.0409333808865599,3
snR39_YOR186C-A,snR39,YOR186C-A,0.0262964356028435,3
snR39_YLR264W,snR39,YLR264W,0.0300290337447358,3
snR39_YLR146W-A,snR39,YLR146W-A,0.0130999407295879,3
snR39_YKL138C-A,snR39,YKL138C-A,0.0142032867161623,3
snR39_YOL097W-A,snR39,YOL097W-A,0.0304637482289378,3
snR39_tR(CCG)L,snR39,tR(CCG)L,0.0759275951725155,3
snR39_YNL015W,snR39,YNL015W,0.0171787504596705,3
snR39_YKR057W,snR39,YKR057W,0.0623213930394455,3
snR39_YLR230W,snR39,YLR230W,0.0222678287449728,3
snR39_YBR141W-A,snR39,YBR141W-A,0.0906445923422226,3
snR39_YJL047C-A,snR39,YJL047C-A,0.0252823800266324,3
snR39_snR46,snR39,snR46,0.0179411234571448,3
snR39_YDR524W-C,snR39,YDR524W-C,0.0251957237144318,3
snR39_YPL251W,snR39,YPL251W,0.0219504518282847,3
snR39_YGR183C,snR39,YGR183C,0.0227369521986036,3
snR39_YAL030W,snR39,YAL030W,0.0112224805601107,3
snR39_YOL005C,snR39,YOL005C,0.0160126831514361,3
snR39_YJL136C,snR39,YJL136C,0.0231840301067375,3
snR39_YBR126W-B,snR39,YBR126W-B,0.0372869382771818,3
snR39_YHR131W-A,snR39,YHR131W-A,0.0177419107586383,3
snR39_YPR002C-A,snR39,YPR002C-A,0.0210643400632511,3
snR39_snR72,snR39,snR72,0.0398682804713792,3
snR39_YMR046W-A,snR39,YMR046W-A,0.0104007808127678,3
snR39_YDR115W,snR39,YDR115W,0.0144983061537676,3
snR39_YLR390W,snR39,YLR390W,0.0124727615241472,3
snR39_YPR168W,snR39,YPR168W,0.0105337265543892,3
snR39_YBR196C-B,snR39,YBR196C-B,0.0260947574540779,3
snR39_YDR510W,snR39,YDR510W,0.0110417889375188,3
snR39_YGR242W,snR39,YGR242W,0.0109666976405881,3
snR39_YDR471W,snR39,YDR471W,0.0102449056217142,3
snR39_YBL071W-A,snR39,YBL071W-A,0.0218984551674154,3
snR39_YIL059C,snR39,YIL059C,0.0124354017246555,3
snR39_tR(CCU)J,snR39,tR(CCU)J,0.0972956981212176,3
snR39_YDL240C-A,snR39,YDL240C-A,0.0214203610815037,3
snR39_YLR395C,snR39,YLR395C,0.0156109050444739,3
snR39_YDR169C-A,snR39,YDR169C-A,0.0222768122170185,3
snR39_snR85,snR39,snR85,0.0471758980930348,3
snR39_tX(XXX)D,snR39,tX(XXX)D,0.0169855754681466,3
snR39_YDR118W-A,snR39,YDR118W-A,0.0269015110747625,3
snR39_snR55,snR39,snR55,0.0426364044186228,3
snR39_YDL025W-A,snR39,YDL025W-A,0.0406078489612268,3
snR39_YOR298C-A,snR39,YOR298C-A,0.0128012143302274,3
snR39_YNL144W-A,snR39,YNL144W-A,0.0414228548929268,3
snR39_snR62,snR39,snR62,0.0201626105979557,3
snR39_YCR047W-A,snR39,YCR047W-A,0.0405158202238175,3
snR39_YOL038C-A,snR39,YOL038C-A,0.0193588399161508,3
snR39_YHL015W-A,snR39,YHL015W-A,0.118371124797398,3
snR39_YPL252C,snR39,YPL252C,0.0157370138421179,3
snR39_YOR073W-A,snR39,YOR073W-A,0.0128930022759617,3
snR39_snR78,snR39,snR78,0.0445575051350725,3
snR39_YDR510C-A,snR39,YDR510C-A,0.0142018371543735,3
snR39_YBR126W-A,snR39,YBR126W-A,0.0587406537281246,3
snR39_YFR033C,snR39,YFR033C,0.0110600762789637,3
snR39_YCR046C,snR39,YCR046C,0.0140621031315675,3
snR39_YMR242W-A,snR39,YMR242W-A,0.0293660101212207,3
snR39_YLR287C-A,snR39,YLR287C-A,0.0160064579197521,3
snR39_YPL250W-A,snR39,YPL250W-A,0.0124504939963978,3
YHL015W-A_YPL142C,YHL015W-A,YPL142C,0.0124457677729226,3
YHL015W-A_YBL071C-B,YHL015W-A,YBL071C-B,0.0452857606230086,3
YHL015W-A_snR18,YHL015W-A,snR18,0.0881329397730834,3
YHL015W-A_YCR038W-A,YHL015W-A,YCR038W-A,0.0646284581692222,3
YHL015W-A_snR69,YHL015W-A,snR69,0.0374046645822368,3
YHL015W-A_YDL159W-A,YHL015W-A,YDL159W-A,0.0240965217189021,3
YHL015W-A_snR71,YHL015W-A,snR71,0.0156526931127302,3
YHL015W-A_snR38,YHL015W-A,snR38,0.038811339559949,3
YHL015W-A_YLR388W,YHL015W-A,YLR388W,0.0331024534246604,3
YHL015W-A_tR(CCG)L,YHL015W-A,tR(CCG)L,0.0609778699460896,3
YHL015W-A_YKR057W,YHL015W-A,YKR057W,0.0466629171170239,3
YHL015W-A_tR(CCU)J,YHL015W-A,tR(CCU)J,0.0760158128125547,3
YHL015W-A_YDR118W-A,YHL015W-A,YDR118W-A,0.0208459623017092,3
YHL015W-A_YOL038C-A,YHL015W-A,YOL038C-A,0.0142788461409473,3
YHL015W-A_snR39,YHL015W-A,snR39,0.120017042127425,3
YHL015W-A_snR78,YHL015W-A,snR78,0.034873254091498,3
snR39B_YLR262C-A,snR39B,YLR262C-A,0.0134224819742954,3
snR39B_YLR347W-A,snR39B,YLR347W-A,0.0208923233490753,3
snR39B_tL(GAG)G,snR39B,tL(GAG)G,0.0121198037182405,3
snR39B_YDR461W,snR39B,YDR461W,0.016287799165485,3
snR39B_YNL103W-A,snR39B,YNL103W-A,0.0318935148854084,3
snR39B_YEL017C-A,snR39B,YEL017C-A,0.0252858399795187,3
snR39B_YFR012W-A,snR39B,YFR012W-A,0.010163788539934,3
snR39B_YBR141W-A,snR39B,YBR141W-A,0.0632194263934121,3
snR39B_YGL188C-A,snR39B,YGL188C-A,0.0162085076559412,3
snR39B_YKL100W-A,snR39B,YKL100W-A,0.0428257692575959,3
snR39B_YJL077W-A,snR39B,YJL077W-A,0.028921440877295,3
YCR024C-A_YKL106C-A,YCR024C-A,YKL106C-A,0.0437840048087788,3
YCR024C-A_YDR354C-A,YCR024C-A,YDR354C-A,0.039255300214311,3
YCR024C-A_YML007C-A,YCR024C-A,YML007C-A,0.0238282983420351,3
YCR024C-A_YLR110C,YCR024C-A,YLR110C,0.0121721288875331,3
YCR024C-A_YBL006W-A,YCR024C-A,YBL006W-A,0.0376835040238867,3
YCR024C-A_YML129C,YCR024C-A,YML129C,0.0353016622361769,3
YCR024C-A_YCL048W-A,YCR024C-A,YCL048W-A,0.0133174503472442,3
YCR024C-A_YER039C-A,YCR024C-A,YER039C-A,0.0107818145585388,3
YCR024C-A_YBL039C-A,YCR024C-A,YBL039C-A,0.0105031418712615,3
YCR024C-A_YOR210W,YCR024C-A,YOR210W,0.0135066205205031,3
YCR024C-A_YMR122W-A,YCR024C-A,YMR122W-A,0.0181903008397184,3
YCR024C-A_YNL097W-A,YCR024C-A,YNL097W-A,0.0439703760986525,3
YCR024C-A_YMR002W,YCR024C-A,YMR002W,0.015384570156425,3
YCR024C-A_YCL033C,YCR024C-A,YCL033C,0.0102906764403332,3
YCR024C-A_YDR193W,YCR024C-A,YDR193W,0.0105136277160694,3
YCR024C-A_YPL037C,YCR024C-A,YPL037C,0.0127899133204858,3
YCR024C-A_YCL057C-A,YCR024C-A,YCL057C-A,0.011509977483581,3
YCR024C-A_YKL156W,YCR024C-A,YKL156W,0.0146229196368962,3
YCR024C-A_YBR230W-A,YCR024C-A,YBR230W-A,0.0104605810986894,3
YCR024C-A_YKL096W-A,YCR024C-A,YKL096W-A,0.0127643969359452,3
YCR024C-A_YML009C,YCR024C-A,YML009C,0.0119617925276765,3
YCR024C-A_YGR174W-A,YCR024C-A,YGR174W-A,0.0107857637876229,3
YCR024C-A_snR24,YCR024C-A,snR24,0.0270325958626521,3
YCR024C-A_snR50,YCR024C-A,snR50,0.0315709464498507,3
YCR024C-A_YFR049W,YCR024C-A,YFR049W,0.0107034073138397,3
YCR024C-A_YNL097C-B,YCR024C-A,YNL097C-B,0.0142054507339731,3
YCR024C-A_YLL018C-A,YCR024C-A,YLL018C-A,0.0232678124893036,3
YCR024C-A_YOL039W,YCR024C-A,YOL039W,0.010481946333893,3
YCR024C-A_YPR133W-A,YCR024C-A,YPR133W-A,0.0156047959373726,3
YCR024C-A_YBR016W,YCR024C-A,YBR016W,0.0115240742480497,3
YCR024C-A_YHR021C,YCR024C-A,YHR021C,0.0114162546303115,3
YCR024C-A_YDR524C-B,YCR024C-A,YDR524C-B,0.0320144194668634,3
YCR024C-A_YLR438C-A,YCR024C-A,YLR438C-A,0.0203824976433997,3
YCR024C-A_YDR482C,YCR024C-A,YDR482C,0.0122228484094789,3
YCR024C-A_YMR174C,YCR024C-A,YMR174C,0.0101183711898114,3
YCR024C-A_YJL184W,YCR024C-A,YJL184W,0.0100642134943783,3
YCR024C-A_YNL130C-A,YCR024C-A,YNL130C-A,0.0213474665131466,3
YCR024C-A_YPL096C-A,YCR024C-A,YPL096C-A,0.0205505414055606,3
YCR024C-A_YLR099W-A,YCR024C-A,YLR099W-A,0.0184970187255284,3
YCR024C-A_YMR251W-A,YCR024C-A,YMR251W-A,0.0126360187801345,3
YCR024C-A_YJL064W,YCR024C-A,YJL064W,0.0170431035697625,3
YCR024C-A_YLR154W-F,YCR024C-A,YLR154W-F,0.0382990936935123,3
YCR024C-A_YER138W-A,YCR024C-A,YER138W-A,0.0221247269868681,3
YCR024C-A_YLR204W,YCR024C-A,YLR204W,0.0140078773482066,3
YCR024C-A_YDL114W-A,YCR024C-A,YDL114W-A,0.0303394900143965,3
YCR024C-A_snR14,YCR024C-A,snR14,0.0117865173607511,3
YCR024C-A_YPL135C-A,YCR024C-A,YPL135C-A,0.0461828725323853,3
snR79_YNL067W-B,snR79,YNL067W-B,-0.0106423830363069,3
snR79_YLR262C-A,snR79,YLR262C-A,0.0291061133125152,3
snR79_snR73,snR79,snR73,0.0485158664860029,3
snR79_YBR072C-A,snR79,YBR072C-A,0.0116951958526754,3
snR79_snR57,snR79,snR57,0.0194106775922581,3
snR79_YOL164W-A,snR79,YOL164W-A,0.0132748603609762,3
snR79_YER048W-A,snR79,YER048W-A,0.0121768366516417,3
snR79_YGR068W-A,snR79,YGR068W-A,0.10318013613426,3
snR79_YDL232W,snR79,YDL232W,0.124883535722173,3
snR79_YBL006W-A,snR79,YBL006W-A,0.0946864591169961,3
snR79_snR76,snR79,snR76,0.119986575084654,3
snR79_YLR149C-A,snR79,YLR149C-A,0.0633854594855078,3
snR79_YOL109W,snR79,YOL109W,0.0104079130408831,3
snR79_YLR347W-A,snR79,YLR347W-A,0.0355224265940474,3
snR79_tF(GAA)Q,snR79,tF(GAA)Q,-0.0718307920370362,3
snR79_tL(GAG)G,snR79,tL(GAG)G,0.0272886958093641,3
snR79_snR66,snR79,snR66,0.086495561659794,3
snR79_YNL244C,snR79,YNL244C,0.0107109915025701,3
snR79_YKL156C-A,snR79,YKL156C-A,0.181163318540323,3
snR79_YOR335W-A,snR79,YOR335W-A,0.0317211568357933,3
snR79_snR190,snR79,snR190,0.0159984789994791,3
snR79_YNL103W-A,snR79,YNL103W-A,0.0719744486078011,3
snR79_YER091C-A,snR79,YER091C-A,0.0109482713824375,3
snR79_tV(AAC)O,snR79,tV(AAC)O,-0.188423747964136,3
snR79_YDL247W-A,snR79,YDL247W-A,0.0683003101997123,3
snR79_snR74,snR79,snR74,0.0725992745288737,3
snR79_YBR113W,snR79,YBR113W,0.0192246469274879,3
snR79_YDL133C-A,snR79,YDL133C-A,0.103413599880347,3
snR79_YGL063C-A,snR79,YGL063C-A,0.0194929669191719,3
snR79_YOR381W-A,snR79,YOR381W-A,-0.0236298046985445,3
snR79_tD(GUC)N,snR79,tD(GUC)N,0.0175402808187884,3
snR79_YML009C,snR79,YML009C,0.0311573015349188,3
snR79_YEL017C-A,snR79,YEL017C-A,0.0429100577269588,3
snR79_YFR012W-A,snR79,YFR012W-A,0.0228825341129215,3
snR79_YBR131C-A,snR79,YBR131C-A,0.0351555552974992,3
snR79_snR67,snR79,snR67,0.113579065711468,3
snR79_YPL189C-A,snR79,YPL189C-A,0.0986669205500641,3
snR79_YER180C-A,snR79,YER180C-A,0.0121425541869657,3
snR79_YMR194C-B,snR79,YMR194C-B,0.0241848227490563,3
snR79_YMR182W-A,snR79,YMR182W-A,0.130039151623534,3
snR79_snR43,snR79,snR43,0.0128832365734701,3
snR79_YIL105W-A,snR79,YIL105W-A,-0.0226451202272454,3
snR79_YGL041C,snR79,YGL041C,0.0118653140797918,3
snR79_YMR013W-A,snR79,YMR013W-A,0.016829797778219,3
snR79_snR51,snR79,snR51,0.0105510118791285,3
snR79_snR6,snR79,snR6,0.0222248371050637,3
snR79_YMR141W-A,snR79,YMR141W-A,0.0299833945058162,3
snR79_tL(UAA)Q,snR79,tL(UAA)Q,-0.0420345709249832,3
snR79_YDR119W-A,snR79,YDR119W-A,0.0271814372683593,3
snR79_YPR100W,snR79,YPR100W,0.0112754062155063,3
snR79_YIL057C,snR79,YIL057C,0.0132253185223767,3
snR79_YGL014C-A,snR79,YGL014C-A,0.0546530830206523,3
snR79_tN(GUU)Q,snR79,tN(GUU)Q,-0.0586495234405508,3
snR79_YLR163W-A,snR79,YLR163W-A,0.0740563186698067,3
snR79_snR10,snR79,snR10,0.0161552808166808,3
snR79_YNL130C-A,snR79,YNL130C-A,0.0628181057369039,3
snR79_YLR264C-A,snR79,YLR264C-A,-0.0251349536000783,3
snR79_YKL100W-A,snR79,YKL100W-A,0.0907371720468036,3
snR79_snR53,snR79,snR53,0.040133042961856,3
snR79_YDR371C-A,snR79,YDR371C-A,0.0513300076735587,3
snR79_YIL134C-A,snR79,YIL134C-A,0.0124209592855289,3
snR79_YDR524C-A,snR79,YDR524C-A,-0.0114506740335528,3
snR79_YJL077W-A,snR79,YJL077W-A,0.0613964380114836,3
snR79_YPR076W,snR79,YPR076W,0.0277341290883004,3
snR79_YMR251W-A,snR79,YMR251W-A,0.0423041997329565,3
snR79_YDR363W-A,snR79,YDR363W-A,0.0161159401177993,3
snR79_snR39B,snR79,snR39B,0.0977814438284611,3
snR79_YLR299C-A,snR79,YLR299C-A,0.115919153348345,3
snR79_YMR158C-A,snR79,YMR158C-A,0.012498493900693,3
snR79_snR4,snR79,snR4,0.0107613885706979,3
snR78_YDL025W-A,snR78,YDL025W-A,0.0124074811070403,3
YLR154W-F_YML009C,YLR154W-F,YML009C,0.0116906707658845,3
YLR154W-F_snR67,YLR154W-F,snR67,0.0346651134889123,3
YLR154W-F_snR50,YLR154W-F,snR50,0.0270797902460406,3
YLR154W-F_YGL014C-A,YLR154W-F,YGL014C-A,0.0169451388362759,3
YLR154W-F_YPR076W,YLR154W-F,YPR076W,0.0101635766746823,3
YLR399W-A_YPR182W,YLR399W-A,YPR182W,0.0239244112392545,3
YLR399W-A_YNL162W-A,YLR399W-A,YNL162W-A,0.0106317541541584,3
YPL135C-A_YDR354C-A,YPL135C-A,YDR354C-A,0.040286905385677,3
YPL135C-A_YML007C-A,YPL135C-A,YML007C-A,0.0239512895110232,3
YPL135C-A_YGR068W-A,YPL135C-A,YGR068W-A,0.056613691164755,3
YPL135C-A_YBL006W-A,YPL135C-A,YBL006W-A,0.0418242200209339,3
YPL135C-A_YOR210W,YPL135C-A,YOR210W,0.0143072223785983,3
YPL135C-A_YDL133C-A,YPL135C-A,YDL133C-A,0.0356292673647311,3
YPL135C-A_YKL156W,YPL135C-A,YKL156W,0.0159813031345392,3
YPL135C-A_YKL096W-A,YPL135C-A,YKL096W-A,0.0140481388881928,3
YPL135C-A_snR67,YPL135C-A,snR67,0.0405809066246437,3
YPL135C-A_YPL189C-A,YPL135C-A,YPL189C-A,0.0522381725286752,3
YPL135C-A_snR50,YPL135C-A,snR50,0.0341336713480189,3
YPL135C-A_YLL018C-A,YPL135C-A,YLL018C-A,0.0240016622493411,3
YPL135C-A_YMR141W-A,YPL135C-A,YMR141W-A,0.0103064202530325,3
YPL135C-A_YDR524C-B,YPL135C-A,YDR524C-B,0.0341986348810111,3
YPL135C-A_YMR174C,YPL135C-A,YMR174C,0.0110677408558054,3
YPL135C-A_YNL130C-A,YPL135C-A,YNL130C-A,0.0244817353904211,3
YPL135C-A_YMR251W-A,YPL135C-A,YMR251W-A,0.0149194298496254,3
YPL135C-A_YCR024C-A,YPL135C-A,YCR024C-A,0.0469512714341492,3
YPL135C-A_YLR154W-F,YPL135C-A,YLR154W-F,0.0405064027712362,3
YPL135C-A_YER138W-A,YPL135C-A,YER138W-A,0.0241189907061013,3
YPL135C-A_YDL114W-A,YPL135C-A,YDL114W-A,0.0298761534544599,3
YPL135C-A_snR14,YPL135C-A,snR14,0.0127783982156002,3
YKL106C-A_YPR182W,YKL106C-A,YPR182W,0.0354946315535975,4
YKL106C-A_YGL123C-A,YKL106C-A,YGL123C-A,0.0120657534823415,4
YKL106C-A_YLR062C,YKL106C-A,YLR062C,0.0110568377580133,4
YKL106C-A_YNL024C-A,YKL106C-A,YNL024C-A,0.0124888688227463,4
YKL106C-A_YPL098C,YKL106C-A,YPL098C,0.0135114430048739,4
YKL106C-A_YNL296W,YKL106C-A,YNL296W,0.0103806301732178,4
YKL106C-A_YJR018W,YKL106C-A,YJR018W,0.0144949207084361,4
YKL106C-A_YIL156W-B,YKL106C-A,YIL156W-B,0.0172759757556021,4
YKL106C-A_snR69,YKL106C-A,snR69,0.0154636791826587,4
YKL106C-A_YNR046W,YKL106C-A,YNR046W,0.014052955285545,4
YKL106C-A_YLR154W-E,YKL106C-A,YLR154W-E,0.0112070804421244,4
YKL106C-A_YJL062W-A,YKL106C-A,YJL062W-A,0.0185901716306906,4
YKL106C-A_YOR210W,YKL106C-A,YOR210W,0.01047396692707,4
YKL106C-A_YNL097W-A,YKL106C-A,YNL097W-A,0.0505320231099899,4
YKL106C-A_YMR002W,YKL106C-A,YMR002W,0.0177921948033681,4
YKL106C-A_YPL136W,YKL106C-A,YPL136W,0.01032237620119,4
YKL106C-A_YBR091C,YKL106C-A,YBR091C,0.0112069422540701,4
YKL106C-A_snR128,YKL106C-A,snR128,0.0261705161461245,4
YKL106C-A_YBR262C,YKL106C-A,YBR262C,0.011041689848057,4
YKL106C-A_YNL052W,YKL106C-A,YNL052W,0.0124958458805757,4
YKL106C-A_YCL033C,YKL106C-A,YCL033C,0.0117731934973196,4
YKL106C-A_YAL019W-A,YKL106C-A,YAL019W-A,0.0113414056169127,4
YKL106C-A_YML081C-A,YKL106C-A,YML081C-A,0.0108907600647782,4
YKL106C-A_YJR104C,YKL106C-A,YJR104C,0.0115965252569717,4
YKL106C-A_snR40,YKL106C-A,snR40,0.0313727451000075,4
YKL106C-A_YCR075W-A,YKL106C-A,YCR075W-A,0.0107880889808543,4
YKL106C-A_YHR073W-A,YKL106C-A,YHR073W-A,0.0190981098343414,4
YKL106C-A_YLR264W,YKL106C-A,YLR264W,0.0173036640400242,4
YKL106C-A_snR24,YKL106C-A,snR24,0.0273550645722393,4
YKL106C-A_snR81,YKL106C-A,snR81,0.0157916681307284,4
YKL106C-A_YNL086W,YKL106C-A,YNL086W,0.013314076853303,4
YKL106C-A_YDL067C,YKL106C-A,YDL067C,0.0187184674177947,4
YKL106C-A_YJR034W,YKL106C-A,YJR034W,0.0107241863973943,4
YKL106C-A_YBR056C-B,YKL106C-A,YBR056C-B,0.0243844000454856,4
YKL106C-A_YLR286W-A,YKL106C-A,YLR286W-A,0.0177120280227034,4
YKL106C-A_YKL023C-A,YKL106C-A,YKL023C-A,0.0102884150955109,4
YKL106C-A_YBR126W-B,YKL106C-A,YBR126W-B,0.0129762225201697,4
YKL106C-A_YGL106W,YKL106C-A,YGL106W,0.0120336667631077,4
YKL106C-A_YPR133W-A,YKL106C-A,YPR133W-A,0.0139726913898088,4
YKL106C-A_YBR016W,YKL106C-A,YBR016W,0.0130419564710564,4
YKL106C-A_YLR185W,YKL106C-A,YLR185W,0.0134363942339879,4
YKL106C-A_YFR036W,YKL106C-A,YFR036W,0.0126772374603187,4
YKL106C-A_YMR256C,YKL106C-A,YMR256C,0.0118276377997092,4
YKL106C-A_YJR112W-A,YKL106C-A,YJR112W-A,0.0128800735514946,4
YKL106C-A_YJL184W,YKL106C-A,YJL184W,0.0116864971898458,4
YKL106C-A_snR85,YKL106C-A,snR85,0.0208296232657936,4
YKL106C-A_YJR114W,YKL106C-A,YJR114W,0.012321952391408,4
YKL106C-A_YGR105W,YKL106C-A,YGR105W,0.0129222887002876,4
YKL106C-A_snR59,YKL106C-A,snR59,0.0198937041788027,4
YKL106C-A_YCR047W-A,YKL106C-A,YCR047W-A,0.0286102135984676,4
YKL106C-A_YOR167C,YKL106C-A,YOR167C,0.0128281272694769,4
YKL106C-A_YJR085C,YKL106C-A,YJR085C,0.0118799834406603,4
YKL106C-A_YGR161W-C,YKL106C-A,YGR161W-C,0.0162664778738877,4
YKL106C-A_YJL064W,YKL106C-A,YJL064W,0.0160407355708357,4
YKL106C-A_YJR020W,YKL106C-A,YJR020W,0.0115917303997866,4
YKL106C-A_YDR500C,YKL106C-A,YDR500C,0.0109642364813056,4
YKL106C-A_YLR154W-F,YKL106C-A,YLR154W-F,0.0420032711418279,4
YKL106C-A_YLR204W,YKL106C-A,YLR204W,0.0142620542829122,4
YKL106C-A_YJR094W-A,YKL106C-A,YJR094W-A,0.0102086631170272,4
YKL106C-A_YAL046C,YKL106C-A,YAL046C,0.0124388133793022,4
YKL106C-A_YPL271W,YKL106C-A,YPL271W,0.0132829465420772,4
YKL106C-A_YDL114W-A,YKL106C-A,YDL114W-A,0.0247579294585246,4
YKL106C-A_YLR399W-A,YKL106C-A,YLR399W-A,0.0324350238418401,4
YKL106C-A_YPL135C-A,YKL106C-A,YPL135C-A,0.0452308927164656,4
YPR182W_YJL136W-A,YPR182W,YJL136W-A,0.0174725156340442,4
YPR182W_YIL156W-B,YPR182W,YIL156W-B,0.0137619969349943,4
YPR182W_YHR073W-A,YPR182W,YHR073W-A,0.0150737005652855,4
YPR182W_YLR185W,YPR182W,YLR185W,0.0112717549011719,4
YPR182W_YJR112W-A,YPR182W,YJR112W-A,0.0101027567982843,4
YPR182W_YPL271W,YPR182W,YPL271W,0.0108872689804068,4
YPR182W_YLR399W-A,YPR182W,YLR399W-A,0.0245262952346685,4
YEL032C-A_snR189,YEL032C-A,snR189,0.0242955198811312,4
YEL032C-A_snR18,YEL032C-A,snR18,0.130829906588649,4
YEL032C-A_YJL136W-A,YEL032C-A,YJL136W-A,0.0588616661281179,4
YEL032C-A_snR69,YEL032C-A,snR69,0.040750328390129,4
YEL032C-A_YMR307C-A,YEL032C-A,YMR307C-A,0.0198088155290234,4
YEL032C-A_snR128,YEL032C-A,snR128,0.0551524599111493,4
YEL032C-A_tV(AAC)O,YEL032C-A,tV(AAC)O,0.177720500378381,4
YEL032C-A_YDR246W-A,YEL032C-A,YDR246W-A,0.0209940539954225,4
YEL032C-A_YIR044C,YEL032C-A,YIR044C,0.0183984520957415,4
YEL032C-A_YMR272W-A,YEL032C-A,YMR272W-A,0.128841363645958,4
YEL032C-A_YJL052C-A,YEL032C-A,YJL052C-A,0.0499738172765153,4
YEL032C-A_snR75,YEL032C-A,snR75,0.0383669667615896,4
YEL032C-A_YOR302W,YEL032C-A,YOR302W,0.100224894672342,4
YEL032C-A_YIL105W-A,YEL032C-A,YIL105W-A,0.0190830154527269,4
YEL032C-A_YGR064W,YEL032C-A,YGR064W,0.015411312968245,4
YEL032C-A_YIL002W-A,YEL032C-A,YIL002W-A,0.0107967605956058,4
YEL032C-A_snR13,YEL032C-A,snR13,0.0276921451672042,4
YEL032C-A_YLR390W,YEL032C-A,YLR390W,0.013602234325144,4
YEL032C-A_YPL102C,YEL032C-A,YPL102C,0.0151938340101666,4
YEL032C-A_YLL014W,YEL032C-A,YLL014W,0.0114819361924805,4
YEL032C-A_YIL052C,YEL032C-A,YIL052C,0.0184007633984637,4
YEL032C-A_snR39,YEL032C-A,snR39,0.146323351826725,4
YEL032C-A_YNL162W-A,YEL032C-A,YNL162W-A,0.0267229622582151,4
YEL032C-A_YML108W,YEL032C-A,YML108W,0.0103865937607126,4
snR73_YNL103W-A,snR73,YNL103W-A,0.0101156591947972,4
YDR354C-A_YPL037C,YDR354C-A,YPL037C,0.0112206689458062,4
YDR354C-A_YBR230W-A,YDR354C-A,YBR230W-A,0.0111896383643248,4
YDR354C-A_YDR524C-B,YDR354C-A,YDR524C-B,0.0329267444723623,4
YDR354C-A_YDR482C,YDR354C-A,YDR482C,0.0108990963469456,4
YDR354C-A_YLR154W-F,YDR354C-A,YLR154W-F,0.0262681871470067,4
snR77_snR73,snR77,snR73,-0.0258421148798379,4
snR77_snR54,snR77,snR54,-0.0285813315525455,4
snR77_YDL061C,snR77,YDL061C,0.0739668829270314,4
snR77_YML129C,snR77,YML129C,0.0893109182502088,4
snR77_YDR034C-A,snR77,YDR034C-A,0.0448823271359707,4
snR77_YDR276C,snR77,YDR276C,0.0560585820893497,4
snR77_tL(GAG)G,snR77,tL(GAG)G,-0.0216455735868279,4
snR77_YOR335W-A,snR77,YOR335W-A,-0.0227270611376258,4
snR77_tV(AAC)O,snR77,tV(AAC)O,0.154809634674105,4
snR77_tG(UCC)G,snR77,tG(UCC)G,0.028940770442723,4
snR77_snR74,snR77,snR74,-0.0387323573140743,4
snR77_YDL184C,snR77,YDL184C,0.0937397120815251,4
snR77_tK(UUU)Q,snR77,tK(UUU)Q,0.0258204392974532,4
snR77_YMR272W-A,snR77,YMR272W-A,0.132072205874703,4
snR77_tV(UAC)Q,snR77,tV(UAC)Q,0.0231396341926554,4
snR77_YJR151W-A,snR77,YJR151W-A,-0.163201670673844,4
snR77_YER053C-A,snR77,YER053C-A,0.0929819579857905,4
snR77_YMR013C-A,snR77,YMR013C-A,0.0239321258538501,4
snR77_YAL037C-A,snR77,YAL037C-A,0.0417831639999085,4
snR77_YOL083C-A,snR77,YOL083C-A,0.0192852497510763,4
YML007C-A_snR38,YML007C-A,snR38,-0.0206856438493203,4
YML007C-A_snR72,YML007C-A,snR72,-0.0191283882616243,4
YML007C-A_tR(CCU)J,YML007C-A,tR(CCU)J,-0.0430773420045674,4
YML007C-A_tS(CGA)C,YML007C-A,tS(CGA)C,-0.0116023228037,4
YML007C-A_snR78,YML007C-A,snR78,-0.0164742647739721,4
YGR068W-A_YLR262C-A,YGR068W-A,YLR262C-A,0.0153618339491581,4
YGR068W-A_YDR354C-A,YGR068W-A,YDR354C-A,0.0428040480132483,4
YGR068W-A_YOR008C-A,YGR068W-A,YOR008C-A,0.0109894722803247,4
YGR068W-A_YML007C-A,YGR068W-A,YML007C-A,0.0504177661123319,4
YGR068W-A_YLR402W,YGR068W-A,YLR402W,0.0393835328634026,4
YGR068W-A_YOR376W-A,YGR068W-A,YOR376W-A,0.0128397434200482,4
YGR068W-A_YLR110C,YGR068W-A,YLR110C,0.0178051241387523,4
YGR068W-A_YBL006W-A,YGR068W-A,YBL006W-A,0.043243544033842,4
YGR068W-A_YLR149C-A,YGR068W-A,YLR149C-A,0.0364093221088645,4
YGR068W-A_tS(GCU)Q1,YGR068W-A,tS(GCU)Q1,-0.0112706690808587,4
YGR068W-A_tT(CGU)K,YGR068W-A,tT(CGU)K,0.0109906342263628,4
YGR068W-A_YLR327C,YGR068W-A,YLR327C,0.01529501329646,4
YGR068W-A_YCL048W-A,YGR068W-A,YCL048W-A,0.0152629365506788,4
YGR068W-A_YOL077W-A,YGR068W-A,YOL077W-A,0.0117860288767665,4
YGR068W-A_YER019C-A,YGR068W-A,YER019C-A,0.0139332953978983,4
YGR068W-A_tT(UGU)H,YGR068W-A,tT(UGU)H,0.0261974087902549,4
YGR068W-A_YBL039C-A,YGR068W-A,YBL039C-A,0.0202983496926657,4
YGR068W-A_YOR314W-A,YGR068W-A,YOR314W-A,0.0102419372118478,4
YGR068W-A_YLR349W,YGR068W-A,YLR349W,0.0108803093013864,4
YGR068W-A_YMR122W-A,YGR068W-A,YMR122W-A,0.0291851802821774,4
YGR068W-A_YAR035C-A,YGR068W-A,YAR035C-A,0.0299456535120749,4
YGR068W-A_YNL097W-A,YGR068W-A,YNL097W-A,0.0507418787277444,4
YGR068W-A_YKL156C-A,YGR068W-A,YKL156C-A,0.0645863233965167,4
YGR068W-A_YFL067W,YGR068W-A,YFL067W,0.0129979556504586,4
YGR068W-A_YDL133C-A,YGR068W-A,YDL133C-A,0.0233116029589139,4
YGR068W-A_YBR223W-A,YGR068W-A,YBR223W-A,0.0247186984590087,4
YGR068W-A_YPL037C,YGR068W-A,YPL037C,0.0166261971716987,4
YGR068W-A_YOL133W,YGR068W-A,YOL133W,0.0122462821941324,4
YGR068W-A_YKL156W,YGR068W-A,YKL156W,0.0213617322348229,4
YGR068W-A_YBR230W-A,YGR068W-A,YBR230W-A,0.0166272884603871,4
YGR068W-A_YKL096W-A,YGR068W-A,YKL096W-A,0.0225014386031762,4
YGR068W-A_YPL152W-A,YGR068W-A,YPL152W-A,0.0398036460572012,4
YGR068W-A_snR38,YGR068W-A,snR38,-0.0229887652443282,4
YGR068W-A_YML009C,YGR068W-A,YML009C,0.0171134306041701,4
YGR068W-A_YER153C,YGR068W-A,YER153C,0.0143498345889469,4
YGR068W-A_YPL189C-A,YGR068W-A,YPL189C-A,0.074278710546367,4
YGR068W-A_snR50,YGR068W-A,snR50,0.0333072799572264,4
YGR068W-A_YDR210W,YGR068W-A,YDR210W,0.0149682537293698,4
YGR068W-A_tR(CCG)L,YGR068W-A,tR(CCG)L,-0.0404200079935358,4
YGR068W-A_YLR043C,YGR068W-A,YLR043C,0.0125620022166075,4
YGR068W-A_YMR182W-A,YGR068W-A,YMR182W-A,0.0393700372718332,4
YGR068W-A_YFR049W,YGR068W-A,YFR049W,0.0141806198475629,4
YGR068W-A_YJL047C-A,YGR068W-A,YJL047C-A,-0.0114134321860039,4
YGR068W-A_snR6,YGR068W-A,snR6,0.0102207938772892,4
YGR068W-A_snR48,YGR068W-A,snR48,0.0144332420034543,4
YGR068W-A_YHR022C-A,YGR068W-A,YHR022C-A,0.0240747037756081,4
YGR068W-A_YMR141W-A,YGR068W-A,YMR141W-A,0.0165606454728446,4
YGR068W-A_YDL181W,YGR068W-A,YDL181W,0.0139472990942971,4
YGR068W-A_YGR209C,YGR068W-A,YGR209C,0.0122350691636197,4
YGR068W-A_YHR032C-A,YGR068W-A,YHR032C-A,0.0167357263083952,4
YGR068W-A_YBR221W-A,YGR068W-A,YBR221W-A,-0.0184176808420035,4
YGR068W-A_tL(UAA)Q,YGR068W-A,tL(UAA)Q,-0.0159022047630276,4
YGR068W-A_YDR462W,YGR068W-A,YDR462W,0.0103460893739749,4
YGR068W-A_snR72,YGR068W-A,snR72,-0.0210417599319275,4
YGR068W-A_YHR021C,YGR068W-A,YHR021C,0.0124553506137824,4
YGR068W-A_YEL059C-A,YGR068W-A,YEL059C-A,0.0150738392038386,4
YGR068W-A_YDR524C-B,YGR068W-A,YDR524C-B,0.0556240050936245,4
YGR068W-A_YAR020C,YGR068W-A,YAR020C,0.0129510154622799,4
YGR068W-A_YBL021C,YGR068W-A,YBL021C,0.0127257443004283,4
YGR068W-A_tN(GUU)Q,YGR068W-A,tN(GUU)Q,-0.0281063451539431,4
YGR068W-A_tR(CCU)J,YGR068W-A,tR(CCU)J,-0.0497323004888822,4
YGR068W-A_YLR163W-A,YGR068W-A,YLR163W-A,0.0233994873685256,4
YGR068W-A_YNL130C-A,YGR068W-A,YNL130C-A,0.0327734158303156,4
YGR068W-A_YDR377W,YGR068W-A,YDR377W,0.0114556047054688,4
YGR068W-A_tS(CGA)C,YGR068W-A,tS(CGA)C,-0.0135931457131717,4
YGR068W-A_YDR073W,YGR068W-A,YDR073W,0.0102958346666129,4
YGR068W-A_YOL155W-A,YGR068W-A,YOL155W-A,0.0218309464809346,4
YGR068W-A_YPL096C-A,YGR068W-A,YPL096C-A,0.030233639144973,4
YGR068W-A_snR53,YGR068W-A,snR53,0.0153344284684279,4
YGR068W-A_YBR191W-A,YGR068W-A,YBR191W-A,0.02751465518853,4
YGR068W-A_YDR371C-A,YGR068W-A,YDR371C-A,0.0224769308351505,4
YGR068W-A_YIL134C-A,YGR068W-A,YIL134C-A,0.0105469776317007,4
YGR068W-A_YLR099W-A,YGR068W-A,YLR099W-A,0.0324621250637,4
YGR068W-A_tQ(UUG)E2,YGR068W-A,tQ(UUG)E2,0.0109906342263625,4
YGR068W-A_YMR251W-A,YGR068W-A,YMR251W-A,0.0227356017285267,4
YGR068W-A_YCR024C-A,YGR068W-A,YCR024C-A,0.0729789678709506,4
YGR068W-A_snR78,YGR068W-A,snR78,-0.0187739387768982,4
YGR068W-A_YER138W-A,YGR068W-A,YER138W-A,0.0275913188313531,4
YGR068W-A_snR14,YGR068W-A,snR14,0.0218581507513651,4
YGR068W-A_YPL135C-A,YGR068W-A,YPL135C-A,0.0597880029146999,4
YDL232W_YBL039W-B,YDL232W,YBL039W-B,0.0106965939543877,4
YDL232W_YBR082C,YDL232W,YBR082C,0.0143781657855504,4
YDL232W_YPR052C,YDL232W,YPR052C,0.0120249950034137,4
YDL232W_snR73,YDL232W,snR73,0.0307602087372067,4
YDL232W_YLR333C,YDL232W,YLR333C,0.0113135800899012,4
YDL232W_YPR010C-A,YDL232W,YPR010C-A,0.0134405141802258,4
YDL232W_YOR161W-A,YDL232W,YOR161W-A,0.0549219646620521,4
YDL232W_YER009W,YDL232W,YER009W,0.0157517803309103,4
YDL232W_YOR052C,YDL232W,YOR052C,0.0104858966968388,4
YDL232W_YGL006W-A,YDL232W,YGL006W-A,0.0255021291807325,4
YDL232W_YFR003C,YDL232W,YFR003C,0.0116995850767692,4
YDL232W_YCR095W-A,YDL232W,YCR095W-A,0.0146771470062585,4
YDL232W_YBL001C,YDL232W,YBL001C,0.0125133226751064,4
YDL232W_YEL008C-A,YDL232W,YEL008C-A,0.107690750186512,4
YDL232W_YKL162C-A,YDL232W,YKL162C-A,0.047691029006902,4
YDL232W_YLR347W-A,YDL232W,YLR347W-A,0.0385083525675133,4
YDL232W_snR64,YDL232W,snR64,0.0834976956744696,4
YDL232W_YNL145W,YDL232W,YNL145W,0.0294683461210179,4
YDL232W_snR66,YDL232W,snR66,0.036096194937443,4
YDL232W_snR74,YDL232W,snR74,0.0438690085638085,4
YDL232W_YDR016C,YDL232W,YDR016C,0.0129313123937477,4
YDL232W_YDR320W-B,YDL232W,YDR320W-B,0.0223835081838008,4
YDL232W_YEL017C-A,YDL232W,YEL017C-A,0.054908915785853,4
YDL232W_YOR186C-A,YDL232W,YOR186C-A,0.0322247176078447,4
YDL232W_snR67,YDL232W,snR67,0.079757428809371,4
YDL232W_YKL138C-A,YDL232W,YKL138C-A,0.0199548663867338,4
YDL232W_YOL097W-A,YDL232W,YOL097W-A,0.0424937336670639,4
YDL232W_YNL015W,YDL232W,YNL015W,0.0158378923589214,4
YDL232W_YDL067C,YDL232W,YDL067C,0.0442424048506057,4
YDL232W_YLR230W,YDL232W,YLR230W,0.0209334505737529,4
YDL232W_YJR151W-A,YDL232W,YJR151W-A,0.178996276830449,4
YDL232W_YBR141W-A,YDL232W,YBR141W-A,0.153441438658193,4
YDL232W_snR46,YDL232W,snR46,0.0161759932416543,4
YDL232W_YGR122C-A,YDL232W,YGR122C-A,0.0153856496075284,4
YDL232W_YGL188C-A,YDL232W,YGL188C-A,0.0342655703238302,4
YDL232W_YBR196C-B,YDL232W,YBR196C-B,0.0136361780985315,4
YDL232W_YDR169C-A,YDL232W,YDR169C-A,0.0300379150984362,4
YDL232W_tX(XXX)D,YDL232W,tX(XXX)D,0.0187209955778429,4
YDL232W_snR55,YDL232W,snR55,0.0712384051100184,4
YDL232W_YKL100W-A,YDL232W,YKL100W-A,0.0896287783169122,4
YDL232W_YHR050W-A,YDL232W,YHR050W-A,0.0128974768409612,4
YDL232W_YNL144W-A,YDL232W,YNL144W-A,0.048859625641279,4
YDL232W_snR39,YDL232W,snR39,0.138209287300002,4
YDL232W_snR79,YDL232W,snR79,0.144828480415262,4
YDL232W_YMR242W-A,YDL232W,YMR242W-A,0.0207500466996079,4
snR18_YEL032C-A,snR18,YEL032C-A,0.127006787338682,4
snR18_YMR307C-A,snR18,YMR307C-A,0.0158912592160786,4
snR18_snR128,snR18,snR128,0.0449931013201694,4
snR18_YDR246W-A,snR18,YDR246W-A,0.0166660462256005,4
snR18_YJL052C-A,snR18,YJL052C-A,0.0384710611740323,4
snR18_YOR302W,snR18,YOR302W,0.0721583147479671,4
snR18_YCR047W-A,snR18,YCR047W-A,0.0418902304757645,4
snR18_snR39,snR18,snR39,0.14927955524917,4
YLR402W_YPR182W,YLR402W,YPR182W,0.0267864729131813,4
YLR402W_YIL156W-B,YLR402W,YIL156W-B,0.0138406606931422,4
YLR402W_YJL127W-A,YLR402W,YJL127W-A,0.0201876669862436,4
YLR402W_YDR193W,YLR402W,YDR193W,0.0100105455719709,4
YLR402W_YLR185W,YLR402W,YLR185W,0.0107383402728531,4
YLR402W_YJR112W-A,YLR402W,YJR112W-A,0.0109260029958606,4
YLR402W_snR65,YLR402W,snR65,0.0187861575572764,4
YLR402W_YJL064W,YLR402W,YJL064W,0.0145977257713969,4
YLR402W_YLR204W,YLR402W,YLR204W,0.0121159306758498,4
YLR402W_YPL271W,YLR402W,YPL271W,0.010197048738468,4
YLR402W_YLR399W-A,YLR402W,YLR399W-A,0.027860932244297,4
YJL136W-A_snR18,YJL136W-A,snR18,0.0421544051019863,4
YDL061C_YPR182W,YDL061C,YPR182W,0.0299724410113441,4
YDL061C_snR75,YDL061C,snR75,0.0198074224064215,4
YDL061C_snR13,YDL061C,snR13,0.0133279563150542,4
YDL061C_YNL162W-A,YDL061C,YNL162W-A,0.0133592920244118,4
YBL006W-A_YOR376W-A,YBL006W-A,YOR376W-A,0.0109003422430174,4
YBL006W-A_YLR163W-A,YBL006W-A,YLR163W-A,0.0196100614560931,4
snR76_snR189,snR76,snR189,-0.0129044481858298,4
snR76_YKL156C-A,snR76,YKL156C-A,0.0747716693271131,4
snR76_YDL247W-A,snR76,YDL247W-A,0.0234517999458037,4
snR76_YDL133C-A,snR76,YDL133C-A,0.0282954637625327,4
snR76_YBR131C-A,snR76,YBR131C-A,0.0113735038261153,4
snR76_YPL189C-A,snR76,YPL189C-A,0.0616660330846368,4
snR76_YMR194C-B,snR76,YMR194C-B,0.011292811595247,4
snR76_YMR182W-A,snR76,YMR182W-A,0.0475353518270176,4
snR76_snR6,snR76,snR6,0.0115104336298535,4
snR76_tL(UAA)Q,snR76,tL(UAA)Q,-0.0198495770701975,4
snR76_tN(GUU)Q,snR76,tN(GUU)Q,-0.034911586009849,4
snR76_YLR163W-A,snR76,YLR163W-A,0.0298611077515773,4
snR76_YLR264C-A,snR76,YLR264C-A,-0.0118692349573635,4
snR76_snR53,snR76,snR53,0.0198419877530238,4
snR76_YDR371C-A,snR76,YDR371C-A,0.0272402189932353,4
YLR149C-A_tF(GAA)Q,YLR149C-A,tF(GAA)Q,-0.0194833203904531,4
YLR149C-A_YDL247W-A,YLR149C-A,YDL247W-A,0.0141253381655853,4
YLR149C-A_YBR221W-A,YLR149C-A,YBR221W-A,-0.0133407502611056,4
YLR149C-A_YJL077W-A,YLR149C-A,YJL077W-A,0.0209166273369248,4
snR87_snR39,snR87,snR39,0.126625258445613,4
YML129C_YDL061C,YML129C,YDL061C,0.0435327968075019,4
YML129C_YDR034C-A,YML129C,YDR034C-A,0.0263935058761417,4
YML129C_YJL127W-A,YML129C,YJL127W-A,0.0301786689342141,4
YML129C_YDR276C,YML129C,YDR276C,0.0339268407238651,4
YML129C_tG(UCC)G,YML129C,tG(UCC)G,0.0173117568230315,4
YML129C_YDL184C,YML129C,YDL184C,0.0500252245994034,4
YML129C_tK(UUU)Q,YML129C,tK(UUU)Q,0.0154452407224611,4
YML129C_YMR272W-A,YML129C,YMR272W-A,0.081377040763694,4
YML129C_YOR146W,YML129C,YOR146W,0.0110291229546327,4
YML129C_tV(UAC)Q,YML129C,tV(UAC)Q,0.0138416398039559,4
YML129C_YLR162W-A,YML129C,YLR162W-A,0.0303038507500347,4
YML129C_YER053C-A,YML129C,YER053C-A,0.063030962990599,4
YML129C_YMR013C-A,YML129C,YMR013C-A,0.0129680750266512,4
YML129C_snR65,YML129C,snR65,0.0280766654693936,4
YML129C_YGR105W,YML129C,YGR105W,0.0162337279602075,4
YEL008C-A_YDL232W,YEL008C-A,YDL232W,0.114955050484466,4
YEL008C-A_YGL006W-A,YEL008C-A,YGL006W-A,0.0139630902462224,4
YEL008C-A_YKL162C-A,YEL008C-A,YKL162C-A,0.0283295182492216,4
YEL008C-A_YLR347W-A,YEL008C-A,YLR347W-A,0.0210856601953019,4
YEL008C-A_snR64,YEL008C-A,snR64,0.0461129875291227,4
YEL008C-A_YNL145W,YEL008C-A,YNL145W,0.0163355587864661,4
YEL008C-A_YDR320W-B,YEL008C-A,YDR320W-B,0.0132283277462994,4
YEL008C-A_YEL017C-A,YEL008C-A,YEL017C-A,0.0306048125766376,4
YEL008C-A_YOR186C-A,YEL008C-A,YOR186C-A,0.0180113103106252,4
YEL008C-A_snR67,YEL008C-A,snR67,0.0456978017927946,4
YEL008C-A_YOL097W-A,YEL008C-A,YOL097W-A,0.0236728153235667,4
YEL008C-A_YJR151W-A,YEL008C-A,YJR151W-A,0.113012017692144,4
YEL008C-A_YGL188C-A,YEL008C-A,YGL188C-A,0.0190382768794818,4
YEL008C-A_YDR169C-A,YEL008C-A,YDR169C-A,0.0167424608862736,4
YEL008C-A_tX(XXX)D,YEL008C-A,tX(XXX)D,0.0103913528648695,4
YEL008C-A_YKL100W-A,YEL008C-A,YKL100W-A,0.0509312990496281,4
YEL008C-A_YMR242W-A,YEL008C-A,YMR242W-A,0.0114247651326622,4
YLR347W-A_YNL103W-A,YLR347W-A,YNL103W-A,0.0121686226295386,4
YDR276C_snR75,YDR276C,snR75,0.0138095178607639,4
snR64_YGL006W-A,snR64,YGL006W-A,0.0108463637137892,4
snR64_YNL145W,snR64,YNL145W,0.0128539481995027,4
snR64_YOR186C-A,snR64,YOR186C-A,0.0139580206559406,4
snR64_YOL097W-A,snR64,YOL097W-A,0.0178040398621995,4
snR64_YBR141W-A,snR64,YBR141W-A,0.0641403251521559,4
snR64_YKL100W-A,snR64,YKL100W-A,0.0389346021167443,4
YNL097W-A_YKL106C-A,YNL097W-A,YKL106C-A,0.0495700286357337,4
YNL097W-A_YPR182W,YNL097W-A,YPR182W,0.035549278807807,4
YNL097W-A_YLR062C,YNL097W-A,YLR062C,0.0110356163130484,4
YNL097W-A_YPL098C,YNL097W-A,YPL098C,0.0146994650132838,4
YNL097W-A_YLR402W,YNL097W-A,YLR402W,0.044246264595281,4
YNL097W-A_YML129C,YNL097W-A,YML129C,0.0512175301803213,4
YNL097W-A_YIL156W-B,YNL097W-A,YIL156W-B,0.018176278267814,4
YNL097W-A_YCL048W-A,YNL097W-A,YCL048W-A,0.0151055740235933,4
YNL097W-A_YJL127W-A,YNL097W-A,YJL127W-A,0.0258268203740389,4
YNL097W-A_YLR154W-E,YNL097W-A,YLR154W-E,0.0126699002549852,4
YNL097W-A_YCL033C,YNL097W-A,YCL033C,0.0124441920922703,4
YNL097W-A_tG(UCC)G,YNL097W-A,tG(UCC)G,0.0137185872376376,4
YNL097W-A_YDR193W,YNL097W-A,YDR193W,0.0131216900989294,4
YNL097W-A_YGL030W,YNL097W-A,YGL030W,0.0100515015166896,4
YNL097W-A_tK(UUU)Q,YNL097W-A,tK(UUU)Q,0.0122394788942221,4
YNL097W-A_YNL322C,YNL097W-A,YNL322C,0.0102972662469113,4
YNL097W-A_YNL135C,YNL097W-A,YNL135C,0.0101958242643037,4
YNL097W-A_tV(UAC)Q,YNL097W-A,tV(UAC)Q,0.0109687159485689,4
YNL097W-A_YJR034W,YNL097W-A,YJR034W,0.0107804736861564,4
YNL097W-A_YOL039W,YNL097W-A,YOL039W,0.0122692041940059,4
YNL097W-A_YLR162W-A,YNL097W-A,YLR162W-A,0.027402653623646,4
YNL097W-A_YBR056C-B,YNL097W-A,YBR056C-B,0.02794333294606,4
YNL097W-A_YPR133W-A,YNL097W-A,YPR133W-A,0.0141270998793876,4
YNL097W-A_YER053C-A,YNL097W-A,YER053C-A,0.062941079110368,4
YNL097W-A_YLR185W,YNL097W-A,YLR185W,0.0140265364060275,4
YNL097W-A_YMR256C,YNL097W-A,YMR256C,0.0124310439095915,4
YNL097W-A_YJR112W-A,YNL097W-A,YJR112W-A,0.0143452717208132,4
YNL097W-A_snR65,YNL097W-A,snR65,0.0240760498482278,4
YNL097W-A_YGR105W,YNL097W-A,YGR105W,0.0148293566249935,4
YNL097W-A_YJR085C,YNL097W-A,YJR085C,0.0132058047380469,4
YNL097W-A_YDL032W,YNL097W-A,YDL032W,0.0102307931622116,4
YNL097W-A_YJL064W,YNL097W-A,YJL064W,0.0193272217754948,4
YNL097W-A_YCR024C-A,YNL097W-A,YCR024C-A,0.0571079215268348,4
YNL097W-A_YLR204W,YNL097W-A,YLR204W,0.0160830800496104,4
YNL097W-A_YJR094W-A,YNL097W-A,YJR094W-A,0.0109076496928283,4
YNL097W-A_YPL271W,YNL097W-A,YPL271W,0.0133679938397978,4
YNL097W-A_YAL044C,YNL097W-A,YAL044C,0.0102587277125754,4
YNL097W-A_YDL114W-A,YNL097W-A,YDL114W-A,0.0269868572160479,4
YNL097W-A_YLR399W-A,YNL097W-A,YLR399W-A,0.0366894351553159,4
YNL097W-A_YPL135C-A,YNL097W-A,YPL135C-A,0.0489504556224356,4
YKL156C-A_YGR068W-A,YKL156C-A,YGR068W-A,0.0686341494925685,4
YKL156C-A_snR76,YKL156C-A,snR76,0.0785451137390969,4
YKL156C-A_YPL189C-A,YKL156C-A,YPL189C-A,0.0710529727651854,4
YKL156C-A_snR79,YKL156C-A,snR79,0.167052222180857,4
snR128_snR18,snR128,snR18,0.0460950281305343,4
snR128_snR69,snR128,snR69,0.0145753697196562,4
snR128_snR40,snR128,snR40,0.028779640385867,4
tV(AAC)O_snR189,tV(AAC)O,snR189,0.0273761794802416,4
tV(AAC)O_YNL067W-B,tV(AAC)O,YNL067W-B,0.0103406314232194,4
tV(AAC)O_YEL032C-A,tV(AAC)O,YEL032C-A,0.180637724669338,4
tV(AAC)O_snR77,tV(AAC)O,snR77,0.148988591983637,4
tV(AAC)O_YJL136W-A,tV(AAC)O,YJL136W-A,0.0676085374606375,4
tV(AAC)O_YDL061C,tV(AAC)O,YDL061C,0.0883327022789749,4
tV(AAC)O_snR76,tV(AAC)O,snR76,-0.089796113506167,4
tV(AAC)O_YDR276C,tV(AAC)O,YDR276C,0.0597121430568879,4
tV(AAC)O_tF(GAA)Q,tV(AAC)O,tF(GAA)Q,0.0738718229950322,4
tV(AAC)O_YDR246W-A,tV(AAC)O,YDR246W-A,0.0222716074450967,4
tV(AAC)O_YDL247W-A,tV(AAC)O,YDL247W-A,-0.0499904590746915,4
tV(AAC)O_YDL184C,tV(AAC)O,YDL184C,0.106824947417581,4
tV(AAC)O_YIR044C,tV(AAC)O,YIR044C,0.0209738998254963,4
tV(AAC)O_YMR272W-A,tV(AAC)O,YMR272W-A,0.14615645721969,4
tV(AAC)O_YOR381W-A,tV(AAC)O,YOR381W-A,0.0259221810424441,4
tV(AAC)O_YFR012W-A,tV(AAC)O,YFR012W-A,-0.0225806072350288,4
tV(AAC)O_YBR131C-A,tV(AAC)O,YBR131C-A,-0.0242440541353481,4
tV(AAC)O_YJL052C-A,tV(AAC)O,YJL052C-A,0.0537497488559835,4
tV(AAC)O_snR75,tV(AAC)O,snR75,0.0475750988997794,4
tV(AAC)O_YOR302W,tV(AAC)O,YOR302W,0.0940845009296759,4
tV(AAC)O_YIL105W-A,tV(AAC)O,YIL105W-A,0.0239165082624748,4
tV(AAC)O_YGR064W,tV(AAC)O,YGR064W,0.0165138371798087,4
tV(AAC)O_snR13,tV(AAC)O,snR13,0.0305206100447654,4
tV(AAC)O_YMR013C-A,tV(AAC)O,YMR013C-A,0.02922769422867,4
tV(AAC)O_YMR230W-A,tV(AAC)O,YMR230W-A,0.0100555663343825,4
tV(AAC)O_YOR394C-A,tV(AAC)O,YOR394C-A,0.0197831285811899,4
tV(AAC)O_YPL102C,tV(AAC)O,YPL102C,0.0167776109974587,4
tV(AAC)O_YIL052C,tV(AAC)O,YIL052C,0.01972445752877,4
tV(AAC)O_snR53,tV(AAC)O,snR53,-0.0369164354742646,4
tV(AAC)O_YDR371C-A,tV(AAC)O,YDR371C-A,-0.0467579348518356,4
tV(AAC)O_YJL077W-A,tV(AAC)O,YJL077W-A,-0.0683771786830916,4
tV(AAC)O_tE(UUC)M,tV(AAC)O,tE(UUC)M,-0.0108492865729386,4
tV(AAC)O_YNL162W-A,tV(AAC)O,YNL162W-A,0.0317565293088682,4
tV(AAC)O_YML108W,tV(AAC)O,YML108W,0.0113167204846607,4
tV(AAC)O_snR79,tV(AAC)O,snR79,-0.189532120947329,4
tV(AAC)O_YOL083C-A,tV(AAC)O,YOL083C-A,0.0198062494254666,4
tV(AAC)O_YNL190W,tV(AAC)O,YNL190W,0.0178718785840997,4
snR74_YNL103W-A,snR74,YNL103W-A,0.0152151316767631,4
YDL184C_snR77,YDL184C,snR77,0.0919133248295966,4
YDL184C_tV(AAC)O,YDL184C,tV(AAC)O,0.11049475167206,4
YDL184C_snR74,YDL184C,snR74,-0.0259915367393635,4
YDL184C_YMR013C-A,YDL184C,YMR013C-A,0.0156101512642584,4
YDL184C_YAL037C-A,YDL184C,YAL037C-A,0.0253805649752698,4
YDL184C_YOL083C-A,YDL184C,YOL083C-A,0.0118106833870037,4
YPL037C_YHL015W-A,YPL037C,YHL015W-A,-0.0123127633891242,4
snR58_snR55,snR58,snR55,0.0200786784215359,4
snR40_snR128,snR40,snR128,0.0281988417797353,4
snR40_YBR141W-A,snR40,YBR141W-A,0.060609011600872,4
snR40_YCR047W-A,snR40,YCR047W-A,0.0270924952628256,4
YMR272W-A_YKL106C-A,YMR272W-A,YKL106C-A,0.0637363522145271,4
YMR272W-A_YEL032C-A,YMR272W-A,YEL032C-A,0.133049522902875,4
YMR272W-A_snR77,YMR272W-A,snR77,0.128498772314865,4
YMR272W-A_YJL136W-A,YMR272W-A,YJL136W-A,0.0463669753320388,4
YMR272W-A_YDL061C,YMR272W-A,YDL061C,0.0750780546329543,4
YMR272W-A_YML129C,YMR272W-A,YML129C,0.0797580896335722,4
YMR272W-A_YDR034C-A,YMR272W-A,YDR034C-A,0.0390503950982629,4
YMR272W-A_YDR276C,YMR272W-A,YDR276C,0.054859846791403,4
YMR272W-A_snR31,YMR272W-A,snR31,0.0110869697677006,4
YMR272W-A_tV(AAC)O,YMR272W-A,tV(AAC)O,0.149926151864793,4
YMR272W-A_YDL184C,YMR272W-A,YDL184C,0.078192547028232,4
YMR272W-A_YHR073C-B,YMR272W-A,YHR073C-B,0.0121494535100886,4
YMR272W-A_YDL045W-A,YMR272W-A,YDL045W-A,0.013098454250381,4
YMR272W-A_snR75,YMR272W-A,snR75,0.033594466660805,4
YMR272W-A_YOR302W,YMR272W-A,YOR302W,0.0789232564139895,4
YMR272W-A_YOR146W,YMR272W-A,YOR146W,0.018936397255095,4
YMR272W-A_YGR064W,YMR272W-A,YGR064W,0.0135215039691972,4
YMR272W-A_YER053C-A,YMR272W-A,YER053C-A,0.0850633025318096,4
YMR272W-A_snR13,YMR272W-A,snR13,0.0231419565914874,4
YMR272W-A_YLR185W,YMR272W-A,YLR185W,0.0267020725973313,4
YMR272W-A_YMR013C-A,YMR272W-A,YMR013C-A,0.0217133536147601,4
YMR272W-A_YOR394C-A,YMR272W-A,YOR394C-A,0.0163896546315208,4
YMR272W-A_YPL102C,YMR272W-A,YPL102C,0.0124947525141014,4
YMR272W-A_YAL037C-A,YMR272W-A,YAL037C-A,0.0359101348301276,4
YMR272W-A_YIL052C,YMR272W-A,YIL052C,0.0164519011677307,4
YMR272W-A_YGR105W,YMR272W-A,YGR105W,0.0265508940937148,4
YMR272W-A_YNL162W-A,YMR272W-A,YNL162W-A,0.0228109721076871,4
YMR272W-A_YOL083C-A,YMR272W-A,YOL083C-A,0.0166041611093909,4
YMR272W-A_YNL190W,YMR272W-A,YNL190W,0.0153857584380577,4
YJL052C-A_tF(GAA)Q,YJL052C-A,tF(GAA)Q,0.017564334023701,4
snR67_YBR141W-A,snR67,YBR141W-A,0.0596564743764145,4
snR67_YKL100W-A,snR67,YKL100W-A,0.0344068588118134,4
YPL189C-A_YLR262C-A,YPL189C-A,YLR262C-A,0.015711499958394,4
YPL189C-A_YDR354C-A,YPL189C-A,YDR354C-A,0.0437506603775349,4
YPL189C-A_YBR072C-A,YPL189C-A,YBR072C-A,0.0102462903547762,4
YPL189C-A_YOR008C-A,YPL189C-A,YOR008C-A,0.0113041163230119,4
YPL189C-A_YML007C-A,YPL189C-A,YML007C-A,0.0520419442529349,4
YPL189C-A_YGR068W-A,YPL189C-A,YGR068W-A,0.0739153572252856,4
YPL189C-A_YLR402W,YPL189C-A,YLR402W,0.0399088074232849,4
YPL189C-A_YOR376W-A,YPL189C-A,YOR376W-A,0.0131487010541836,4
YPL189C-A_YLR110C,YPL189C-A,YLR110C,0.0182607316218312,4
YPL189C-A_YBL006W-A,YPL189C-A,YBL006W-A,0.0443324308532845,4
YPL189C-A_snR76,YPL189C-A,snR76,0.0608034024114997,4
YPL189C-A_YLR149C-A,YPL189C-A,YLR149C-A,0.0377951908376646,4
YPL189C-A_tS(GCU)Q1,YPL189C-A,tS(GCU)Q1,-0.0117573952412312,4
YPL189C-A_tT(CGU)K,YPL189C-A,tT(CGU)K,0.0113422586192703,4
YPL189C-A_YLR327C,YPL189C-A,YLR327C,0.0156507932601085,4
YPL189C-A_YCL048W-A,YPL189C-A,YCL048W-A,0.0156022126697596,4
YPL189C-A_YOL077W-A,YPL189C-A,YOL077W-A,0.0120946849994439,4
YPL189C-A_YER019C-A,YPL189C-A,YER019C-A,0.0142713245963459,4
YPL189C-A_tT(UGU)H,YPL189C-A,tT(UGU)H,0.0270555948021447,4
YPL189C-A_YBL039C-A,YPL189C-A,YBL039C-A,0.0209425508630467,4
YPL189C-A_YOR314W-A,YPL189C-A,YOR314W-A,0.0105858520755989,4
YPL189C-A_YLR349W,YPL189C-A,YLR349W,0.0110707697597488,4
YPL189C-A_YMR122W-A,YPL189C-A,YMR122W-A,0.0299291954341284,4
YPL189C-A_YAR035C-A,YPL189C-A,YAR035C-A,0.031106333736376,4
YPL189C-A_YKL156C-A,YPL189C-A,YKL156C-A,0.0662578864729688,4
YPL189C-A_YFL067W,YPL189C-A,YFL067W,0.0133980433063826,4
YPL189C-A_YDL133C-A,YPL189C-A,YDL133C-A,0.0240234408898997,4
YPL189C-A_YBR223W-A,YPL189C-A,YBR223W-A,0.0254779049388054,4
YPL189C-A_YPL037C,YPL189C-A,YPL037C,0.0170140849819924,4
YPL189C-A_YOL133W,YPL189C-A,YOL133W,0.0125219469567222,4
YPL189C-A_YKL156W,YPL189C-A,YKL156W,0.0219131164776673,4
YPL189C-A_YGL063C-A,YPL189C-A,YGL063C-A,0.0100609098390874,4
YPL189C-A_YBR230W-A,YPL189C-A,YBR230W-A,0.0170019306434312,4
YPL189C-A_YKL096W-A,YPL189C-A,YKL096W-A,0.0231654668970372,4
YPL189C-A_YPL152W-A,YPL189C-A,YPL152W-A,0.0410382792110269,4
YPL189C-A_snR38,YPL189C-A,snR38,-0.024087718100323,4
YPL189C-A_YML009C,YPL189C-A,YML009C,0.0174785454640875,4
YPL189C-A_YER153C,YPL189C-A,YER153C,0.0146828141676562,4
YPL189C-A_snR50,YPL189C-A,snR50,0.0339847072101028,4
YPL189C-A_YDR210W,YPL189C-A,YDR210W,0.0152719327560245,4
YPL189C-A_tR(CCG)L,YPL189C-A,tR(CCG)L,-0.0423195775499029,4
YPL189C-A_YMR194C-B,YPL189C-A,YMR194C-B,0.0102587274057257,4
YPL189C-A_YLR043C,YPL189C-A,YLR043C,0.0129164636391424,4
YPL189C-A_YMR182W-A,YPL189C-A,YMR182W-A,0.0406049652109839,4
YPL189C-A_YFR049W,YPL189C-A,YFR049W,0.0144535555323863,4
YPL189C-A_YJL047C-A,YPL189C-A,YJL047C-A,-0.0120211955403588,4
YPL189C-A_snR6,YPL189C-A,snR6,0.0105190873797105,4
YPL189C-A_snR48,YPL189C-A,snR48,0.0149019615923267,4
YPL189C-A_YHR022C-A,YPL189C-A,YHR022C-A,0.0249469592183135,4
YPL189C-A_YMR141W-A,YPL189C-A,YMR141W-A,0.0170760898167339,4
YPL189C-A_YDL181W,YPL189C-A,YDL181W,0.0142333614648252,4
YPL189C-A_YGR209C,YPL189C-A,YGR209C,0.0125328798672127,4
YPL189C-A_YHR032C-A,YPL189C-A,YHR032C-A,0.0172932061826196,4
YPL189C-A_YBR221W-A,YPL189C-A,YBR221W-A,-0.0193066889275193,4
YPL189C-A_tL(UAA)Q,YPL189C-A,tL(UAA)Q,-0.0166863973255794,4
YPL189C-A_YDR462W,YPL189C-A,YDR462W,0.0105506733390136,4
YPL189C-A_snR72,YPL189C-A,snR72,-0.0220107402802766,4
YPL189C-A_YHR021C,YPL189C-A,YHR021C,0.0126895322476036,4
YPL189C-A_YEL059C-A,YPL189C-A,YEL059C-A,0.0153645127889751,4
YPL189C-A_YDR524C-B,YPL189C-A,YDR524C-B,0.0572838070809138,4
YPL189C-A_YAR020C,YPL189C-A,YAR020C,0.0133300586891572,4
YPL189C-A_YBL021C,YPL189C-A,YBL021C,0.0129874929627812,4
YPL189C-A_tN(GUU)Q,YPL189C-A,tN(GUU)Q,-0.0295530181582904,4
YPL189C-A_tR(CCU)J,YPL189C-A,tR(CCU)J,-0.0519974112009171,4
YPL189C-A_YLR163W-A,YPL189C-A,YLR163W-A,0.0241462517801045,4
YPL189C-A_YMR174C,YPL189C-A,YMR174C,0.0100001226714778,4
YPL189C-A_YNL130C-A,YPL189C-A,YNL130C-A,0.0337882969446496,4
YPL189C-A_YDR377W,YPL189C-A,YDR377W,0.0117130288748424,4
YPL189C-A_tS(CGA)C,YPL189C-A,tS(CGA)C,-0.014180168504178,4
YPL189C-A_YDR073W,YPL189C-A,YDR073W,0.0105076718431315,4
YPL189C-A_YOL155W-A,YPL189C-A,YOL155W-A,0.0224228254800678,4
YPL189C-A_YPL096C-A,YPL189C-A,YPL096C-A,0.0310417833988109,4
YPL189C-A_snR53,YPL189C-A,snR53,0.0158707628174687,4
YPL189C-A_YBR191W-A,YPL189C-A,YBR191W-A,0.0285883199456719,4
YPL189C-A_YDR371C-A,YPL189C-A,YDR371C-A,0.0232580002901892,4
YPL189C-A_YIL134C-A,YPL189C-A,YIL134C-A,0.0108883449362711,4
YPL189C-A_YLR099W-A,YPL189C-A,YLR099W-A,0.0332848469987936,4
YPL189C-A_tQ(UUG)E2,YPL189C-A,tQ(UUG)E2,0.0113422586192703,4
YPL189C-A_YMR251W-A,YPL189C-A,YMR251W-A,0.0234383486396057,4
YPL189C-A_YCR024C-A,YPL189C-A,YCR024C-A,0.0746796535984248,4
YPL189C-A_YMR158C-A,YPL189C-A,YMR158C-A,0.0100083334842828,4
YPL189C-A_snR78,YPL189C-A,snR78,-0.0196891821433134,4
YPL189C-A_YER138W-A,YPL189C-A,YER138W-A,0.0281576786997068,4
YPL189C-A_snR14,YPL189C-A,snR14,0.0225168471579511,4
YPL189C-A_YPL135C-A,YPL189C-A,YPL135C-A,0.0609844830278546,4
YOR302W_snR189,YOR302W,snR189,0.0125924741191283,4
YOR302W_YEL032C-A,YOR302W,YEL032C-A,0.0992191133187368,4
YOR302W_snR18,YOR302W,snR18,0.0727697098377392,4
YOR302W_YJL136W-A,YOR302W,YJL136W-A,0.0318978149577869,4
YOR302W_snR69,YOR302W,snR69,0.0234190122436081,4
YOR302W_YMR307C-A,YOR302W,YMR307C-A,0.0111218065938381,4
YOR302W_YDR246W-A,YOR302W,YDR246W-A,0.0110181615896946,4
YOR302W_YJL052C-A,YOR302W,YJL052C-A,0.0264472451067447,4
YOR302W_snR13,YOR302W,snR13,0.0155447217415155,4
YOR302W_YIL052C,YOR302W,YIL052C,0.0106591082115332,4
YOR302W_YNL162W-A,YOR302W,YNL162W-A,0.0145939039302821,4
YER090C-A_snR39B,YER090C-A,snR39B,0.0225159994449882,4
snR24_YLR438C-A,snR24,YLR438C-A,0.0109493214292959,4
snR24_snR85,snR24,snR85,0.0100810017579095,4
snR24_YCR047W-A,snR24,YCR047W-A,0.0136201386331916,4
snR50_YLL018C-A,snR50,YLL018C-A,0.0151243476530189,4
snR50_snR8,snR50,snR8,0.0112236068353348,4
snR50_YLR154W-F,snR50,YLR154W-F,0.0227887986657728,4
YJR151W-A_YPR052C,YJR151W-A,YPR052C,0.0106048328470638,4
YJR151W-A_snR73,YJR151W-A,snR73,0.0336710648598153,4
YJR151W-A_tQ(UUG)B,YJR151W-A,tQ(UUG)B,0.0436107412942685,4
YJR151W-A_snR54,YJR151W-A,snR54,0.0360406340849251,4
YJR151W-A_YOR161W-A,YJR151W-A,YOR161W-A,0.0638603097201878,4
YJR151W-A_YEL020C-B,YJR151W-A,YEL020C-B,0.0102616963266499,4
YJR151W-A_snR77,YJR151W-A,snR77,-0.158089918121619,4
YJR151W-A_YDL232W,YJR151W-A,YDL232W,0.182204277870671,4
YJR151W-A_YCR095W-A,YJR151W-A,YCR095W-A,0.0153058962245682,4
YJR151W-A_YML129C,YJR151W-A,YML129C,-0.091116572512799,4
YJR151W-A_YEL008C-A,YJR151W-A,YEL008C-A,0.10481799347191,4
YJR151W-A_YKL162C-A,YJR151W-A,YKL162C-A,0.047125952797373,4
YJR151W-A_YLR347W-A,YJR151W-A,YLR347W-A,0.0374158152998339,4
YJR151W-A_YDR034C-A,YJR151W-A,YDR034C-A,-0.0453330121864089,4
YJR151W-A_YJL127W-A,YJR151W-A,YJL127W-A,-0.053571854419679,4
YJR151W-A_snR64,YJR151W-A,snR64,0.0738232070674672,4
YJR151W-A_YPR160W-A,YJR151W-A,YPR160W-A,0.0875587154761655,4
YJR151W-A_tT(UGU)H,YJR151W-A,tT(UGU)H,-0.0488907040975214,4
YJR151W-A_tL(GAG)G,YJR151W-A,tL(GAG)G,0.0282768295585109,4
YJR151W-A_YNL145W,YJR151W-A,YNL145W,0.0273345399726369,4
YJR151W-A_snR66,YJR151W-A,snR66,0.0342058875247243,4
YJR151W-A_snR60,YJR151W-A,snR60,0.0382772630069429,4
YJR151W-A_YOR335W-A,YJR151W-A,YOR335W-A,0.0296896309437657,4
YJR151W-A_tG(UCC)G,YJR151W-A,tG(UCC)G,-0.0354840995821572,4
YJR151W-A_snR74,YJR151W-A,snR74,0.0488284749188012,4
YJR151W-A_YDL184C,YJR151W-A,YDL184C,-0.094785266788177,4
YJR151W-A_YDR320W-B,YJR151W-A,YDR320W-B,0.0244469943877126,4
YJR151W-A_tK(UUU)Q,YJR151W-A,tK(UUU)Q,-0.0316582808705512,4
YJR151W-A_YEL017C-A,YJR151W-A,YEL017C-A,0.0488632928702643,4
YJR151W-A_YOR186C-A,YJR151W-A,YOR186C-A,0.0298845683668327,4
YJR151W-A_snR67,YJR151W-A,snR67,0.072738660506346,4
YJR151W-A_tV(UAC)Q,YJR151W-A,tV(UAC)Q,-0.0283713623178033,4
YJR151W-A_YMR013W-A,YJR151W-A,YMR013W-A,0.0105490299679068,4
YJR151W-A_tR(ACG)Q2,YJR151W-A,tR(ACG)Q2,0.0389086588639933,4
YJR151W-A_YDR524W-C,YJR151W-A,YDR524W-C,0.0291645518217679,4
YJR151W-A_YLR162W-A,YJR151W-A,YLR162W-A,-0.0586335627670466,4
YJR151W-A_tC(GCA)Q,YJR151W-A,tC(GCA)Q,0.0348691483336352,4
YJR151W-A_YER053C-A,YJR151W-A,YER053C-A,-0.0958908481893664,4
YJR151W-A_YGR122C-A,YJR151W-A,YGR122C-A,0.0147110005224937,4
YJR151W-A_YGL188C-A,YJR151W-A,YGL188C-A,0.0336329889852758,4
YJR151W-A_YDR169C-A,YJR151W-A,YDR169C-A,0.0276583212812489,4
YJR151W-A_snR55,YJR151W-A,snR55,0.0722382627794902,4
YJR151W-A_YAL037C-A,YJR151W-A,YAL037C-A,-0.0423214591689076,4
YJR151W-A_YKL100W-A,YJR151W-A,YKL100W-A,0.0878730978441139,4
YJR151W-A_YHR050W-A,YJR151W-A,YHR050W-A,0.0112058272153117,4
YJR151W-A_YNL144W-A,YJR151W-A,YNL144W-A,0.0550612025466258,4
YJR151W-A_tR(ACG)J,YJR151W-A,tR(ACG)J,0.041168631954726,4
YJR151W-A_YBL100W-C,YJR151W-A,YBL100W-C,0.0159779378801272,4
YJR151W-A_snR79,YJR151W-A,snR79,0.126508112094576,4
YJR151W-A_YOL083C-A,YJR151W-A,YOL083C-A,-0.0194015259223249,4
YJR151W-A_YMR242W-A,YJR151W-A,YMR242W-A,0.0195437975441788,4
YBR141W-A_YBR082C,YBR141W-A,YBR082C,0.011226102319616,4
YBR141W-A_YKL106C-A,YBR141W-A,YKL106C-A,0.0605037104149616,4
YBR141W-A_YPR010C-A,YBR141W-A,YPR010C-A,0.0108291414016469,4
YBR141W-A_YDL232W,YBR141W-A,YDL232W,0.157021632614274,4
YBR141W-A_YGL006W-A,YBR141W-A,YGL006W-A,0.0202219912333355,4
YBR141W-A_YEL008C-A,YBR141W-A,YEL008C-A,0.0804702287666635,4
YBR141W-A_snR64,YBR141W-A,snR64,0.0635542331607353,4
YBR141W-A_YEL017C-A,YBR141W-A,YEL017C-A,0.0419581132088373,4
YBR141W-A_snR67,YBR141W-A,snR67,0.0614712730245429,4
YBR141W-A_YOL097W-A,YBR141W-A,YOL097W-A,0.0341971351164459,4
YBR141W-A_YNL015W,YBR141W-A,YNL015W,0.0132494929633922,4
YBR141W-A_snR46,YBR141W-A,snR46,0.0131352055012604,4
YBR141W-A_YDR169C-A,YBR141W-A,YDR169C-A,0.0224319916356662,4
YBR141W-A_tX(XXX)D,YBR141W-A,tX(XXX)D,0.0147726871976606,4
YLL018C-A_snR24,YLL018C-A,snR24,0.0117271566129187,4
YLL018C-A_YLR438C-A,YLL018C-A,YLR438C-A,0.0118363828455468,4
tL(UAA)Q_tF(GAA)Q,tL(UAA)Q,tF(GAA)Q,0.0115609328687679,4
YER053C-A_snR77,YER053C-A,snR77,0.0937263597377864,4
YER053C-A_YDL061C,YER053C-A,YDL061C,0.0458744261622961,4
YER053C-A_YML129C,YER053C-A,YML129C,0.0649390135408775,4
YER053C-A_YDR034C-A,YER053C-A,YDR034C-A,0.0286475896287477,4
YER053C-A_YJL127W-A,YER053C-A,YJL127W-A,0.0342825265795306,4
YER053C-A_YDR276C,YER053C-A,YDR276C,0.0369258148798015,4
YER053C-A_YNL097W-A,YER053C-A,YNL097W-A,0.0621876185257482,4
YER053C-A_tG(UCC)G,YER053C-A,tG(UCC)G,0.019557643002285,4
YER053C-A_tK(UUU)Q,YER053C-A,tK(UUU)Q,0.0174489803214187,4
YER053C-A_YMR272W-A,YER053C-A,YMR272W-A,0.088963601470544,4
YER053C-A_tV(UAC)Q,YER053C-A,tV(UAC)Q,0.015637341294665,4
YER053C-A_YLR162W-A,YER053C-A,YLR162W-A,0.0361343599506426,4
YER053C-A_snR32,YER053C-A,snR32,0.0101329070562132,4
YER053C-A_YAL037C-A,YER053C-A,YAL037C-A,0.0255741737798278,4
YER053C-A_snR65,YER053C-A,snR65,0.0316318939865615,4
YER053C-A_YGR105W,YER053C-A,YGR105W,0.0180009273429252,4
YER053C-A_YCR024C-A,YER053C-A,YCR024C-A,0.0581326199012901,4
YDR524C-B_YLR110C,YDR524C-B,YLR110C,0.013618676518445,4
YDR524C-B_YBL006W-A,YDR524C-B,YBL006W-A,0.0322832692464097,4
YDR524C-B_YLR149C-A,YDR524C-B,YLR149C-A,0.0285765902237593,4
YDR524C-B_YER019C-A,YDR524C-B,YER019C-A,0.0104062230363378,4
YDR524C-B_tT(UGU)H,YDR524C-B,tT(UGU)H,0.0208542743930055,4
YDR524C-B_YBL039C-A,YDR524C-B,YBL039C-A,0.015948053933625,4
YDR524C-B_YMR122W-A,YDR524C-B,YMR122W-A,0.0222301952520261,4
YDR524C-B_YAR035C-A,YDR524C-B,YAR035C-A,0.0237489122329505,4
YDR524C-B_YFL067W,YDR524C-B,YFL067W,0.0101315251569345,4
YDR524C-B_YBR223W-A,YDR524C-B,YBR223W-A,0.0191570961876348,4
YDR524C-B_YKL156W,YDR524C-B,YKL156W,0.0160851168928489,4
YDR524C-B_YKL096W-A,YDR524C-B,YKL096W-A,0.0172049709590918,4
YDR524C-B_YPL152W-A,YDR524C-B,YPL152W-A,0.0304571303645662,4
YDR524C-B_snR38,YDR524C-B,snR38,-0.0193675084732006,4
YDR524C-B_YER153C,YDR524C-B,YER153C,0.0107306784042651,4
YDR524C-B_tR(CCG)L,YDR524C-B,tR(CCG)L,-0.0333988047979515,4
YDR524C-B_snR48,YDR524C-B,snR48,0.0112623742675864,4
YDR524C-B_YHR022C-A,YDR524C-B,YHR022C-A,0.0191036811337213,4
YDR524C-B_YMR141W-A,YDR524C-B,YMR141W-A,0.0126288390476666,4
YDR524C-B_YHR032C-A,YDR524C-B,YHR032C-A,0.0130920532363219,4
YDR524C-B_YBR221W-A,YDR524C-B,YBR221W-A,-0.0151415137503051,4
YDR524C-B_tL(UAA)Q,YDR524C-B,tL(UAA)Q,-0.0129898267392107,4
YDR524C-B_snR72,YDR524C-B,snR72,-0.0176733401691484,4
YDR524C-B_tN(GUU)Q,YDR524C-B,tN(GUU)Q,-0.02321221275793,4
YDR524C-B_YNL130C-A,YDR524C-B,YNL130C-A,0.0250357831541352,4
YDR524C-B_YOL155W-A,YDR524C-B,YOL155W-A,0.0164088481579293,4
YDR524C-B_YPL096C-A,YDR524C-B,YPL096C-A,0.0231939201760505,4
YDR524C-B_YBR191W-A,YDR524C-B,YBR191W-A,0.0217774308038176,4
YDR524C-B_YLR099W-A,YDR524C-B,YLR099W-A,0.0244850089932152,4
YDR524C-B_YMR251W-A,YDR524C-B,YMR251W-A,0.0173096206286593,4
YDR524C-B_snR78,YDR524C-B,snR78,-0.0157927162528132,4
YDR524C-B_snR14,YDR524C-B,snR14,0.0167682717381792,4
YGL014C-A_snR39B,YGL014C-A,snR39B,0.0254338013100686,4
YGL188C-A_YNL103W-A,YGL188C-A,YNL103W-A,0.0103970945694503,4
tN(GUU)Q_snR62,tN(GUU)Q,snR62,0.0100382712212181,4
tR(CCU)J_YML007C-A,tR(CCU)J,YML007C-A,-0.0440705157597997,4
snR55_YOR161W-A,snR55,YOR161W-A,0.0227285003883803,4
snR55_snR60,snR55,snR60,0.0141139530072447,4
snR55_YDR524W-C,snR55,YDR524W-C,0.0103893656254014,4
YKL100W-A_snR73,YKL100W-A,snR73,0.0157237613489358,4
YKL100W-A_snR54,YKL100W-A,snR54,0.0156235585252113,4
YKL100W-A_YGL006W-A,YKL100W-A,YGL006W-A,0.0112465867197655,4
YKL100W-A_YEL008C-A,YKL100W-A,YEL008C-A,0.0486007888568661,4
YKL100W-A_YKL162C-A,YKL100W-A,YKL162C-A,0.021002416538773,4
YKL100W-A_YLR347W-A,YKL100W-A,YLR347W-A,0.0191454872060625,4
YKL100W-A_snR64,YKL100W-A,snR64,0.0383215519674812,4
YKL100W-A_YNL145W,YKL100W-A,YNL145W,0.0139082312088864,4
YKL100W-A_snR66,YKL100W-A,snR66,0.0178493767818038,4
YKL100W-A_YDR320W-B,YKL100W-A,YDR320W-B,0.0107972810844588,4
YKL100W-A_YEL017C-A,YKL100W-A,YEL017C-A,0.0249367271406602,4
YKL100W-A_YOR186C-A,YKL100W-A,YOR186C-A,0.0150069258971722,4
YKL100W-A_YGL188C-A,YKL100W-A,YGL188C-A,0.016786893949492,4
YKL100W-A_YDR169C-A,YKL100W-A,YDR169C-A,0.0139793191587952,4
YKL100W-A_YNL144W-A,YKL100W-A,YNL144W-A,0.0235473343318474,4
YKL100W-A_YMR242W-A,YKL100W-A,YMR242W-A,0.0100065971460534,4
snR59_snR40,snR59,snR40,0.0182188894965349,4
snR59_YBR126W-A,snR59,YBR126W-A,0.0124380549103746,4
YCR047W-A_YJL205C,YCR047W-A,YJL205C,0.0158759428738798,4
YCR047W-A_YCR038W-A,YCR047W-A,YCR038W-A,0.0230007356067644,4
YCR047W-A_snR40,YCR047W-A,snR40,0.0267561708188056,4
YLR099W-A_YLR149C-A,YLR099W-A,YLR149C-A,0.0152107559147709,4
YLR099W-A_YAR035C-A,YLR099W-A,YAR035C-A,0.0124614755788585,4
YLR099W-A_YBR191W-A,YLR099W-A,YBR191W-A,0.0114413281435303,4
snR39_snR189,snR39,snR189,0.0217788753393513,4
snR39_tY(GUA)Q,snR39,tY(GUA)Q,0.0181343195886476,4
snR39_YEL032C-A,snR39,YEL032C-A,0.138645880306065,4
snR39_YPL142C,snR39,YPL142C,0.017556293409639,4
snR39_YIL008W,snR39,YIL008W,0.012581692360381,4
snR39_YPR010C-A,snR39,YPR010C-A,0.0116406487964965,4
snR39_YBL071C-B,snR39,YBL071C-B,0.0601358245393572,4
snR39_YKL018C-A,snR39,YKL018C-A,0.0118618350004549,4
snR39_YJL205C,snR39,YJL205C,0.0572780324301522,4
snR39_YML007C-A,snR39,YML007C-A,-0.0675869214519738,4
snR39_YGR068W-A,snR39,YGR068W-A,-0.0676261838508034,4
snR39_YDL232W,snR39,YDL232W,0.15345308464936,4
snR39_snR18,snR39,snR18,0.146133059089427,4
snR39_YCR038W-A,snR39,YCR038W-A,0.0841123331497902,4
snR39_snR76,snR39,snR76,-0.0727047293957237,4
snR39_YFR003C,snR39,YFR003C,0.0105300637616575,4
snR39_YCR095W-A,snR39,YCR095W-A,0.0120222731308857,4
snR39_tS(GCU)Q1,snR39,tS(GCU)Q1,0.0245105057847402,4
snR39_snR87,snR39,snR87,0.127226886310558,4
snR39_YEL008C-A,snR39,YEL008C-A,0.0864517809443517,4
snR39_YKL162C-A,snR39,YKL162C-A,0.0436950922946536,4
snR39_snR69,snR39,snR69,0.0425439096512875,4
snR39_YDL159W-A,snR39,YDL159W-A,0.0350217222716252,4
snR39_YMR307C-A,snR39,YMR307C-A,0.019831670186086,4
snR39_snR71,snR39,snR71,0.0190478943814806,4
snR39_YNL153C,snR39,YNL153C,0.0136406193315715,4
snR39_snR60,snR39,snR60,0.0305936054940934,4
snR39_YOR008W-B,snR39,YOR008W-B,0.0127700997279186,4
snR39_snR128,snR39,snR128,0.0566971815162044,4
snR39_YDR246W-A,snR39,YDR246W-A,0.0207279184076368,4
snR39_YPL047W,snR39,YPL047W,0.0149598232710808,4
snR39_YKL145W-A,snR39,YKL145W-A,0.0210564822643746,4
snR39_YHR072W-A,snR39,YHR072W-A,0.0250564731250838,4
snR39_snR58,snR39,snR58,0.0494920039108007,4
snR39_YIR044C,snR39,YIR044C,0.0160017667192174,4
snR39_snR40,snR39,snR40,0.0879270298291444,4
snR39_YOR282W,snR39,YOR282W,0.012562023026235,4
snR39_snR38,snR39,snR38,0.0577359739470038,4
snR39_YLR388W,snR39,YLR388W,0.0465995338158411,4
snR39_YJL052C-A,snR39,YJL052C-A,0.0461549141927674,4
snR39_YGR174W-A,snR39,YGR174W-A,0.0270907370380911,4
snR39_snR67,snR39,snR67,0.0658174071227892,4
snR39_YPL189C-A,snR39,YPL189C-A,-0.0723557066035582,4
snR39_YLR146W-A,snR39,YLR146W-A,0.0138023974804854,4
snR39_YOR302W,snR39,YOR302W,0.0782210209629591,4
snR39_YOL097W-A,snR39,YOL097W-A,0.0355546185175594,4
snR39_tR(CCG)L,snR39,tR(CCG)L,0.0884634218341267,4
snR39_YNL015W,snR39,YNL015W,0.0158964649777947,4
snR39_YKR057W,snR39,YKR057W,0.0672884110593373,4
snR39_YDL067C,snR39,YDL067C,0.0341771933288497,4
snR39_YLR230W,snR39,YLR230W,0.0216161398966191,4
snR39_YJR151W-A,snR39,YJR151W-A,0.138114029100277,4
snR39_YBR141W-A,snR39,YBR141W-A,0.125818981704422,4
snR39_YJL047C-A,snR39,YJL047C-A,0.028336231833356,4
snR39_snR46,snR39,snR46,0.0142625889484498,4
snR39_YPL251W,snR39,YPL251W,0.0263276595754523,4
snR39_YGR183C,snR39,YGR183C,0.0160929953705114,4
snR39_YJL136C,snR39,YJL136C,0.0199656462893991,4
snR39_YBR221W-A,snR39,YBR221W-A,0.0386732973357989,4
snR39_tL(UAA)Q,snR39,tL(UAA)Q,0.0316448138839367,4
snR39_YIL002W-A,snR39,YIL002W-A,0.0114780199686347,4
snR39_snR72,snR39,snR72,0.0518985507113415,4
snR39_YMR046W-A,snR39,YMR046W-A,0.0122958681944245,4
snR39_YDR115W,snR39,YDR115W,0.0149996506752166,4
snR39_YLR390W,snR39,YLR390W,0.0126941686740035,4
snR39_YBL107W-A,snR39,YBL107W-A,0.0181057460130437,4
snR39_YBR196C-B,snR39,YBR196C-B,0.0143894405237512,4
snR39_YDR510W,snR39,YDR510W,0.0121375776048226,4
snR39_tN(GUU)Q,snR39,tN(GUU)Q,0.0608070354495613,4
snR39_YBL071W-A,snR39,YBL071W-A,0.025693783083971,4
snR39_tR(CCU)J,snR39,tR(CCU)J,0.115023582828242,4
snR39_YDL240C-A,snR39,YDL240C-A,0.0187976277040354,4
snR39_YLR264C-A,snR39,YLR264C-A,0.0189223039786787,4
snR39_tS(CGA)C,snR39,tS(CGA)C,0.0295612331659479,4
snR39_YDR118W-A,snR39,YDR118W-A,0.0212645594585584,4
snR39_snR55,snR39,snR55,0.074284340484101,4
snR39_YDL025W-A,snR39,YDL025W-A,0.0495402145419231,4
snR39_snR59,snR39,snR59,0.036131664103737,4
snR39_snR62,snR39,snR62,0.0281376107165125,4
snR39_YCR047W-A,snR39,YCR047W-A,0.0514216103831857,4
snR39_YOL038C-A,snR39,YOL038C-A,0.0351319346918733,4
snR39_YHL015W-A,snR39,YHL015W-A,0.161548286540308,4
snR39_YBR121C-A,snR39,YBR121C-A,0.0100638369801759,4
snR39_YOR293C-A,snR39,YOR293C-A,0.0150960245540227,4
snR39_YPL252C,snR39,YPL252C,0.016609073958817,4
snR39_snR78,snR39,snR78,0.0466032422574013,4
snR39_YDR510C-A,snR39,YDR510C-A,0.0210387799177618,4
snR39_YBR126W-A,snR39,YBR126W-A,0.0623975582270014,4
snR39_YFR033C,snR39,YFR033C,0.0118919145597567,4
snR39_YPL250W-A,snR39,YPL250W-A,0.0151241072013683,4
YHL015W-A_snR39,YHL015W-A,snR39,0.164889820223327,4
snR39B_snR66,snR39B,snR66,0.0180370895329233,4
snR39B_snR79,snR39B,snR79,0.103115690505646,4
YCR024C-A_YKL106C-A,YCR024C-A,YKL106C-A,0.0471525353431526,4
YCR024C-A_YLR262C-A,YCR024C-A,YLR262C-A,0.0152216362527418,4
YCR024C-A_YDR354C-A,YCR024C-A,YDR354C-A,0.0460827327437667,4
YCR024C-A_YOR008C-A,YCR024C-A,YOR008C-A,0.0112933884165501,4
YCR024C-A_YML007C-A,YCR024C-A,YML007C-A,0.0505595114556443,4
YCR024C-A_YGR068W-A,YCR024C-A,YGR068W-A,0.0731618417565611,4
YCR024C-A_YPL098C,YCR024C-A,YPL098C,0.0148219566795067,4
YCR024C-A_YLR402W,YCR024C-A,YLR402W,0.0455602794950272,4
YCR024C-A_YLR110C,YCR024C-A,YLR110C,0.018890314631061,4
YCR024C-A_YBL006W-A,YCR024C-A,YBL006W-A,0.043565173643081,4
YCR024C-A_YLR149C-A,YCR024C-A,YLR149C-A,0.0332957492886291,4
YCR024C-A_tS(GCU)Q1,YCR024C-A,tS(GCU)Q1,-0.0108122426894161,4
YCR024C-A_tT(CGU)K,YCR024C-A,tT(CGU)K,0.0113226374401919,4
YCR024C-A_YLR327C,YCR024C-A,YLR327C,0.0154056533115151,4
YCR024C-A_YCL048W-A,YCR024C-A,YCL048W-A,0.0168544316381044,4
YCR024C-A_YOL077W-A,YCR024C-A,YOL077W-A,0.0119220697450025,4
YCR024C-A_YER019C-A,YCR024C-A,YER019C-A,0.0142696225502141,4
YCR024C-A_tT(UGU)H,YCR024C-A,tT(UGU)H,0.0272892950361082,4
YCR024C-A_YBL039C-A,YCR024C-A,YBL039C-A,0.0208037713348303,4
YCR024C-A_YOR314W-A,YCR024C-A,YOR314W-A,0.0101275711700905,4
YCR024C-A_YLR349W,YCR024C-A,YLR349W,0.012012415815118,4
YCR024C-A_YMR122W-A,YCR024C-A,YMR122W-A,0.0307054057060268,4
YCR024C-A_YAR035C-A,YCR024C-A,YAR035C-A,0.0278396550274655,4
YCR024C-A_YNL097W-A,YCR024C-A,YNL097W-A,0.0588705742616109,4
YCR024C-A_YKL156C-A,YCR024C-A,YKL156C-A,0.0608484329071559,4
YCR024C-A_YDR193W,YCR024C-A,YDR193W,0.0130588834313101,4
YCR024C-A_YFL067W,YCR024C-A,YFL067W,0.0132668138255815,4
YCR024C-A_YDL133C-A,YCR024C-A,YDL133C-A,0.0212231981279658,4
YCR024C-A_YBR223W-A,YCR024C-A,YBR223W-A,0.0248939819803485,4
YCR024C-A_YPL037C,YCR024C-A,YPL037C,0.0177377882186428,4
YCR024C-A_YOL133W,YCR024C-A,YOL133W,0.0129687746095455,4
YCR024C-A_YCL057C-A,YCR024C-A,YCL057C-A,0.016216528075121,4
YCR024C-A_YKL156W,YCR024C-A,YKL156W,0.0217448816511747,4
YCR024C-A_tS(UGA)Q2,YCR024C-A,tS(UGA)Q2,0.0100263256819735,4
YCR024C-A_YBR230W-A,YCR024C-A,YBR230W-A,0.0177875627643329,4
YCR024C-A_YGR236C,YCR024C-A,YGR236C,0.0123017352083632,4
YCR024C-A_YKL096W-A,YCR024C-A,YKL096W-A,0.0223510273080727,4
YCR024C-A_YPL152W-A,YCR024C-A,YPL152W-A,0.0385903165176579,4
YCR024C-A_YML009C,YCR024C-A,YML009C,0.0174809736120893,4
YCR024C-A_YER153C,YCR024C-A,YER153C,0.0149983479208188,4
YCR024C-A_YPL189C-A,YCR024C-A,YPL189C-A,0.0751952096703639,4
YCR024C-A_YNL135C,YCR024C-A,YNL135C,0.0102162233716348,4
YCR024C-A_snR50,YCR024C-A,snR50,0.0354355689984759,4
YCR024C-A_YDR210W,YCR024C-A,YDR210W,0.0152204234410999,4
YCR024C-A_tR(CCG)L,YCR024C-A,tR(CCG)L,-0.0363389001154013,4
YCR024C-A_YLR043C,YCR024C-A,YLR043C,0.0125155690194246,4
YCR024C-A_YMR182W-A,YCR024C-A,YMR182W-A,0.0357747871733585,4
YCR024C-A_YFR049W,YCR024C-A,YFR049W,0.0154038642493279,4
YCR024C-A_YLL018C-A,YCR024C-A,YLL018C-A,0.0301385926997655,4
YCR024C-A_snR48,YCR024C-A,snR48,0.0143552714276765,4
YCR024C-A_YLR162W-A,YCR024C-A,YLR162W-A,0.0286214462707582,4
YCR024C-A_YER057C,YCR024C-A,YER057C,0.0106653338170233,4
YCR024C-A_YBR056C-B,YCR024C-A,YBR056C-B,0.030355079350802,4
YCR024C-A_YHR022C-A,YCR024C-A,YHR022C-A,0.0234538016276002,4
YCR024C-A_YMR141W-A,YCR024C-A,YMR141W-A,0.0158835721278951,4
YCR024C-A_YDL181W,YCR024C-A,YDL181W,0.0146719428288869,4
YCR024C-A_YGR209C,YCR024C-A,YGR209C,0.0124517716382623,4
YCR024C-A_YHR032C-A,YCR024C-A,YHR032C-A,0.0165161076484307,4
YCR024C-A_YDR462W,YCR024C-A,YDR462W,0.0106359387917392,4
YCR024C-A_YHR021C,YCR024C-A,YHR021C,0.0137270687364102,4
YCR024C-A_YEL059C-A,YCR024C-A,YEL059C-A,0.0161583549539619,4
YCR024C-A_YDR524C-B,YCR024C-A,YDR524C-B,0.0557305738037573,4
YCR024C-A_YAR020C,YCR024C-A,YAR020C,0.0130355431851217,4
YCR024C-A_YBL021C,YCR024C-A,YBL021C,0.0132176365262052,4
YCR024C-A_YDR482C,YCR024C-A,YDR482C,0.0172695526826379,4
YCR024C-A_tR(CCU)J,YCR024C-A,tR(CCU)J,-0.0469070257572599,4
YCR024C-A_YMR174C,YCR024C-A,YMR174C,0.0101168808094233,4
YCR024C-A_YNL130C-A,YCR024C-A,YNL130C-A,0.0316648270664828,4
YCR024C-A_snR8,YCR024C-A,snR8,0.022317945377431,4
YCR024C-A_YDR377W,YCR024C-A,YDR377W,0.0119394455429389,4
YCR024C-A_tS(CGA)C,YCR024C-A,tS(CGA)C,-0.0130402542483489,4
YCR024C-A_YDR073W,YCR024C-A,YDR073W,0.0111074955541487,4
YCR024C-A_YOL155W-A,YCR024C-A,YOL155W-A,0.021641610214743,4
YCR024C-A_YPL096C-A,YCR024C-A,YPL096C-A,0.0317163012753782,4
YCR024C-A_YBR191W-A,YCR024C-A,YBR191W-A,0.0253132492038669,4
YCR024C-A_YIL134C-A,YCR024C-A,YIL134C-A,0.010159224132392,4
YCR024C-A_YLR099W-A,YCR024C-A,YLR099W-A,0.0334396015575586,4
YCR024C-A_tQ(UUG)E2,YCR024C-A,tQ(UUG)E2,0.0113226374401917,4
YCR024C-A_YMR251W-A,YCR024C-A,YMR251W-A,0.0217965727055336,4
YCR024C-A_YDL032W,YCR024C-A,YDL032W,0.0104891513127602,4
YCR024C-A_YJL064W,YCR024C-A,YJL064W,0.0204507503184635,4
YCR024C-A_YLR154W-F,YCR024C-A,YLR154W-F,0.0445166662724565,4
YCR024C-A_YER138W-A,YCR024C-A,YER138W-A,0.0284201712290526,4
YCR024C-A_YLR204W,YCR024C-A,YLR204W,0.0160470985965724,4
YCR024C-A_YAL044C,YCR024C-A,YAL044C,0.0104280907025165,4
YCR024C-A_YDL114W-A,YCR024C-A,YDL114W-A,0.0275718821160426,4
YCR024C-A_snR14,YCR024C-A,snR14,0.0216615643895824,4
YCR024C-A_YPL135C-A,YCR024C-A,YPL135C-A,0.0637687844079242,4
snR79_YBL039W-B,snR79,YBL039W-B,0.011372145069102,4
snR79_snR73,snR79,snR73,0.0325721443691249,4
snR79_YDL232W,snR79,YDL232W,0.139416841741612,4
snR79_YOR376W-A,snR79,YOR376W-A,0.03631807099055,4
snR79_snR76,snR79,snR76,0.104958478601758,4
snR79_YLR347W-A,snR79,YLR347W-A,0.0410785231606377,4
snR79_snR66,snR79,snR66,0.0385766841502353,4
snR79_YNL244C,snR79,YNL244C,0.0103751129419084,4
snR79_YFL017W-A,snR79,YFL017W-A,0.0109447364694305,4
snR79_YKL156C-A,snR79,YKL156C-A,0.171894068920776,4
snR79_YPL135W,snR79,YPL135W,0.0121633455011053,4
snR79_YDR461W,snR79,YDR461W,0.0398793083424063,4
snR79_snR190,snR79,snR190,0.0201064176857718,4
snR79_YNL103W-A,snR79,YNL103W-A,0.0654735514139149,4
snR79_YER091C-A,snR79,YER091C-A,0.0160721992771525,4
snR79_tV(AAC)O,snR79,tV(AAC)O,-0.194341476395938,4
snR79_YDL247W-A,snR79,YDL247W-A,0.0540215608768933,4
snR79_snR74,snR79,snR74,0.0490160918777016,4
snR79_YDL133C-A,snR79,YDL133C-A,0.0623462811176563,4
snR79_YFR012W-A,snR79,YFR012W-A,0.0241513707710644,4
snR79_YBR131C-A,snR79,YBR131C-A,0.0261990317986249,4
snR79_YMR182W-A,snR79,YMR182W-A,0.102547791387185,4
snR79_snR43,snR79,snR43,0.0147550719385014,4
snR79_YGL041C,snR79,YGL041C,0.0116630226458953,4
snR79_YJR151W-A,snR79,YJR151W-A,0.121312101747636,4
snR79_YMR013W-A,snR79,YMR013W-A,0.0104630953553363,4
snR79_snR6,snR79,snR6,0.0240945523512405,4
snR79_YDR119W-A,snR79,YDR119W-A,0.0259641647263303,4
snR79_YGR122C-A,snR79,YGR122C-A,0.0169660290556572,4
snR79_YGL014C-A,snR79,YGL014C-A,0.0531135374053723,4
snR79_YGL188C-A,snR79,YGL188C-A,0.0338232846332842,4
snR79_YLR163W-A,snR79,YLR163W-A,0.0673724790155998,4
snR79_snR10,snR79,snR10,0.0210793484644508,4
snR79_snR53,snR79,snR53,0.0429967322308145,4
snR79_YDR371C-A,snR79,YDR371C-A,0.0551809578351603,4
snR79_YJL077W-A,snR79,YJL077W-A,0.0818969615405602,4
snR79_tE(UUC)M,snR79,tE(UUC)M,0.0122598456169867,4
snR79_snR39B,snR79,snR39B,0.108968812988753,4
snR79_YLR299C-A,snR79,YLR299C-A,0.09727744192215,4
snR79_YMR242W-A,snR79,YMR242W-A,0.019920268500249,4
YLR154W-F_YPR182W,YLR154W-F,YPR182W,0.0241553248339177,4
YLR154W-F_YLR262C-A,YLR154W-F,YLR262C-A,0.0102774754777125,4
YLR154W-F_YDR354C-A,YLR154W-F,YDR354C-A,0.0269456647984394,4
YLR154W-F_YPL098C,YLR154W-F,YPL098C,0.0104854745492211,4
YLR154W-F_YJR018W,YLR154W-F,YJR018W,0.0101488200535808,4
YLR154W-F_YNR046W,YLR154W-F,YNR046W,0.0105049821788866,4
YLR154W-F_YJL062W-A,YLR154W-F,YJL062W-A,0.0137609953065962,4
YLR154W-F_YMR002W,YLR154W-F,YMR002W,0.0139047974879343,4
YLR154W-F_YCL057C-A,YLR154W-F,YCL057C-A,0.0113301582255344,4
YLR154W-F_YML009C,YLR154W-F,YML009C,0.0116291692647428,4
YLR154W-F_YLR264W,YLR154W-F,YLR264W,0.0103817322086278,4
YLR154W-F_YER090C-A,YLR154W-F,YER090C-A,0.0158809988849087,4
YLR154W-F_snR24,YLR154W-F,snR24,0.0200298370953838,4
YLR154W-F_snR50,YLR154W-F,snR50,0.0224456011697192,4
YLR154W-F_YDR210W,YLR154W-F,YDR210W,0.0105366165532215,4
YLR154W-F_snR81,YLR154W-F,snR81,0.0120955142971756,4
YLR154W-F_YDL067C,YLR154W-F,YDL067C,0.0125540047728804,4
YLR154W-F_YLL018C-A,YLR154W-F,YLL018C-A,0.0208839585965016,4
YLR154W-F_YBR056C-B,YLR154W-F,YBR056C-B,0.019966352891055,4
YLR154W-F_YLR286W-A,YLR154W-F,YLR286W-A,0.0119194038896297,4
YLR154W-F_YPR133W-A,YLR154W-F,YPR133W-A,0.0103001594437615,4
YLR154W-F_YEL059C-A,YLR154W-F,YEL059C-A,0.0104108241795828,4
YLR154W-F_YGL014C-A,YLR154W-F,YGL014C-A,0.0147665074723485,4
YLR154W-F_YLR438C-A,YLR154W-F,YLR438C-A,0.0190019696189179,4
YLR154W-F_YDR482C,YLR154W-F,YDR482C,0.0114693870709226,4
YLR154W-F_snR85,YLR154W-F,snR85,0.0143113176966053,4
YLR154W-F_snR8,YLR154W-F,snR8,0.0154299416943101,4
YLR154W-F_YGR161W-C,YLR154W-F,YGR161W-C,0.012648242459329,4
YLR154W-F_snR39B,YLR154W-F,snR39B,0.0252675682239465,4
YLR154W-F_YKR049C,YLR154W-F,YKR049C,0.0104819331692596,4
YLR154W-F_YER138W-A,YLR154W-F,YER138W-A,0.019062596707765,4
YLR154W-F_YDL114W-A,YLR154W-F,YDL114W-A,0.0193590615042101,4
YLR154W-F_YLR399W-A,YLR154W-F,YLR399W-A,0.0234694830667033,4
YER138W-A_snR39B,YER138W-A,snR39B,0.0225371668320306,4
YBR126W-A_snR55,YBR126W-A,snR55,0.024473961922513,4
YLR399W-A_YIL156W-B,YLR399W-A,YIL156W-B,0.0131327046871004,4
YLR399W-A_snR65,YLR399W-A,snR65,0.0167839873879616,4
YLR399W-A_YPL271W,YLR399W-A,YPL271W,0.0101107757575299,4
YPL135C-A_YKL106C-A,YPL135C-A,YKL106C-A,0.0446031523811237,4
YPL135C-A_YLR262C-A,YPL135C-A,YLR262C-A,0.0133416823176322,4
YPL135C-A_YDR354C-A,YPL135C-A,YDR354C-A,0.0381314686865812,4
YPL135C-A_YGR068W-A,YPL135C-A,YGR068W-A,0.0598522186706799,4
YPL135C-A_YPL098C,YPL135C-A,YPL098C,0.0129293622136063,4
YPL135C-A_YLR402W,YPL135C-A,YLR402W,0.0388197745838139,4
YPL135C-A_YNL296W,YPL135C-A,YNL296W,0.0102780298005395,4
YPL135C-A_YOR376W-A,YPL135C-A,YOR376W-A,0.0108871819057746,4
YPL135C-A_YLR110C,YPL135C-A,YLR110C,0.0152483366510825,4
YPL135C-A_YBL006W-A,YPL135C-A,YBL006W-A,0.0367484551163729,4
YPL135C-A_YLR327C,YPL135C-A,YLR327C,0.0132627051077176,4
YPL135C-A_YCL048W-A,YPL135C-A,YCL048W-A,0.0136623442103583,4
YPL135C-A_YER039C-A,YPL135C-A,YER039C-A,0.0121129384970287,4
YPL135C-A_YER019C-A,YPL135C-A,YER019C-A,0.0120012518151535,4
YPL135C-A_YBL039C-A,YPL135C-A,YBL039C-A,0.0161137271882329,4
YPL135C-A_YOR210W,YPL135C-A,YOR210W,0.0103488869116104,4
YPL135C-A_YLR349W,YPL135C-A,YLR349W,0.0102038401477053,4
YPL135C-A_YMR122W-A,YPL135C-A,YMR122W-A,0.0249697568838581,4
YPL135C-A_YNL097W-A,YPL135C-A,YNL097W-A,0.0507265198376208,4
YPL135C-A_YMR002W,YPL135C-A,YMR002W,0.0169903871520125,4
YPL135C-A_YDR193W,YPL135C-A,YDR193W,0.0109119435117324,4
YPL135C-A_YFL067W,YPL135C-A,YFL067W,0.0104202137377483,4
YPL135C-A_YBR223W-A,YPL135C-A,YBR223W-A,0.0197668523929772,4
YPL135C-A_YPL037C,YPL135C-A,YPL037C,0.0145973508242639,4
YPL135C-A_YOL133W,YPL135C-A,YOL133W,0.0108242217805722,4
YPL135C-A_YCL057C-A,YPL135C-A,YCL057C-A,0.0141758660910526,4
YPL135C-A_YKL156W,YPL135C-A,YKL156W,0.0180743471094028,4
YPL135C-A_YBR230W-A,YPL135C-A,YBR230W-A,0.0147277266711591,4
YPL135C-A_YGR236C,YPL135C-A,YGR236C,0.0105948985267678,4
YPL135C-A_YKL096W-A,YPL135C-A,YKL096W-A,0.0181791271600135,4
YPL135C-A_YPL152W-A,YPL135C-A,YPL152W-A,0.0314326251667145,4
YPL135C-A_YML009C,YPL135C-A,YML009C,0.0151846193723829,4
YPL135C-A_YER153C,YPL135C-A,YER153C,0.012555260061928,4
YPL135C-A_snR50,YPL135C-A,snR50,0.0301253028719444,4
YPL135C-A_YDR210W,YPL135C-A,YDR210W,0.0134096473180354,4
YPL135C-A_YLR043C,YPL135C-A,YLR043C,0.0103031943912662,4
YPL135C-A_YFR049W,YPL135C-A,YFR049W,0.0130269388709577,4
YPL135C-A_YLL018C-A,YPL135C-A,YLL018C-A,0.0263231553748577,4
YPL135C-A_snR48,YPL135C-A,snR48,0.0112772015230445,4
YPL135C-A_YBR056C-B,YPL135C-A,YBR056C-B,0.0259275013511986,4
YPL135C-A_YHR022C-A,YPL135C-A,YHR022C-A,0.0178978597393552,4
YPL135C-A_YCL009C,YPL135C-A,YCL009C,0.0105133551645751,4
YPL135C-A_YMR141W-A,YPL135C-A,YMR141W-A,0.0130287111773646,4
YPL135C-A_YDL181W,YPL135C-A,YDL181W,0.0125611749457645,4
YPL135C-A_YGR209C,YPL135C-A,YGR209C,0.0105145041996896,4
YPL135C-A_YHR032C-A,YPL135C-A,YHR032C-A,0.012924814694309,4
YPL135C-A_YGL106W,YPL135C-A,YGL106W,0.011460041079623,4
YPL135C-A_YHR021C,YPL135C-A,YHR021C,0.0115301726645061,4
YPL135C-A_YEL059C-A,YPL135C-A,YEL059C-A,0.0138010438301239,4
YPL135C-A_YDR524C-B,YPL135C-A,YDR524C-B,0.0448655203929615,4
YPL135C-A_YLR437C,YPL135C-A,YLR437C,0.0107471858767637,4
YPL135C-A_YAR020C,YPL135C-A,YAR020C,0.0105246363917231,4
YPL135C-A_YLR438C-A,YPL135C-A,YLR438C-A,0.0229924025344144,4
YPL135C-A_YBL021C,YPL135C-A,YBL021C,0.0114217587591127,4
YPL135C-A_YDR482C,YPL135C-A,YDR482C,0.0148288365498706,4
YPL135C-A_YJL184W,YPL135C-A,YJL184W,0.0108818049594442,4
YPL135C-A_YNL130C-A,YPL135C-A,YNL130C-A,0.0258751028939774,4
YPL135C-A_snR8,YPL135C-A,snR8,0.0195684873293508,4
YPL135C-A_YDR377W,YPL135C-A,YDR377W,0.0100924293094518,4
YPL135C-A_YOL155W-A,YPL135C-A,YOL155W-A,0.0181028221616131,4
YPL135C-A_YPL096C-A,YPL135C-A,YPL096C-A,0.0255106726326293,4
YPL135C-A_YLR099W-A,YPL135C-A,YLR099W-A,0.0276798749678911,4
YPL135C-A_YMR251W-A,YPL135C-A,YMR251W-A,0.017929139592826,4
YPL135C-A_YJR085C,YPL135C-A,YJR085C,0.0113332144159359,4
YPL135C-A_YJL064W,YPL135C-A,YJL064W,0.017295789517958,4
YPL135C-A_YKR049C,YPL135C-A,YKR049C,0.012820669009494,4
YPL135C-A_YCR024C-A,YPL135C-A,YCR024C-A,0.0638602532368854,4
YPL135C-A_YLR154W-F,YPL135C-A,YLR154W-F,0.0400360679217519,4
YPL135C-A_YER138W-A,YPL135C-A,YER138W-A,0.0247287800734623,4
YPL135C-A_YLR204W,YPL135C-A,YLR204W,0.0138786758797851,4
YPL135C-A_YDL114W-A,YPL135C-A,YDL114W-A,0.0240036975444572,4
YPL135C-A_snR14,YPL135C-A,snR14,0.0175261874798599,4
YKL106C-A_YEL032C-A,YKL106C-A,YEL032C-A,0.0870850317581164,5
YKL106C-A_YNL024C-A,YKL106C-A,YNL024C-A,0.0163601330616324,5
YKL106C-A_YCR038W-A,YKL106C-A,YCR038W-A,0.0324826705008634,5
YKL106C-A_snR87,YKL106C-A,snR87,0.0460373828356649,5
YKL106C-A_YHR072W-A,YKL106C-A,YHR072W-A,0.0169913276491835,5
YKL106C-A_YBR141W-A,YKL106C-A,YBR141W-A,0.0826375846737848,5
YKL106C-A_YDR118W-A,YKL106C-A,YDR118W-A,0.0105172457722895,5
YKL106C-A_YCR047W-A,YKL106C-A,YCR047W-A,0.0422928434083542,5
YKL106C-A_YOR167C,YKL106C-A,YOR167C,0.0185136240523708,5
YKL106C-A_snR39,YKL106C-A,snR39,0.0977010504204191,5
YKL106C-A_YHL015W-A,YKL106C-A,YHL015W-A,0.0371064998946127,5
YKL106C-A_YCR024C-A,YKL106C-A,YCR024C-A,0.0426951569379242,5
YKL106C-A_YLR154W-F,YKL106C-A,YLR154W-F,0.0407212877841837,5
YPR182W_YLR402W,YPR182W,YLR402W,0.0480847206085284,5
YPR182W_YIL156W-B,YPR182W,YIL156W-B,0.0209947377546296,5
YPR182W_YNL097W-A,YPR182W,YNL097W-A,0.0389258358363543,5
YPR182W_YPL136W,YPR182W,YPL136W,0.0109591521194412,5
YPR182W_YDR193W,YPR182W,YDR193W,0.0102153823065822,5
YPR182W_YOR146W,YPR182W,YOR146W,0.0135652506758374,5
YPR182W_YJR034W,YPR182W,YJR034W,0.0116865138399791,5
YPR182W_YOL039W,YPR182W,YOL039W,0.0107999820877728,5
YPR182W_YER053C-A,YPR182W,YER053C-A,0.0373707069815577,5
YPR182W_YPL271W,YPR182W,YPL271W,0.0171645645571737,5
YPR182W_YLR399W-A,YPR182W,YLR399W-A,0.0258197248003207,5
YEL032C-A_snR189,YEL032C-A,snR189,0.0222184527274383,5
YEL032C-A_YKL106C-A,YEL032C-A,YKL106C-A,0.0872404485390899,5
YEL032C-A_snR18,YEL032C-A,snR18,0.147638868453357,5
YEL032C-A_YCR038W-A,YEL032C-A,YCR038W-A,0.0466105794265998,5
YEL032C-A_YDL061C,YEL032C-A,YDL061C,0.083109018083598,5
YEL032C-A_YLR154W-E,YEL032C-A,YLR154W-E,0.0251251345580167,5
YEL032C-A_tV(AAC)O,YEL032C-A,tV(AAC)O,0.179832917820586,5
YEL032C-A_YDR246W-A,YEL032C-A,YDR246W-A,0.0183706671822275,5
YEL032C-A_YIR044C,YEL032C-A,YIR044C,0.0171135351626353,5
YEL032C-A_YMR272W-A,YEL032C-A,YMR272W-A,0.121009314097754,5
YEL032C-A_YHR073W-A,YEL032C-A,YHR073W-A,0.0495968643606866,5
YEL032C-A_YJL052C-A,YEL032C-A,YJL052C-A,0.0409295115474209,5
YEL032C-A_YJL047C-A,YEL032C-A,YJL047C-A,0.0147225490545582,5
YEL032C-A_YGR064W,YEL032C-A,YGR064W,0.0157090769945797,5
YEL032C-A_YBR221W-A,YEL032C-A,YBR221W-A,0.02186445273805,5
YEL032C-A_YPR133W-A,YEL032C-A,YPR133W-A,0.0273963592558587,5
YEL032C-A_YOR394C-A,YEL032C-A,YOR394C-A,0.021668128572776,5
YEL032C-A_snR65,YEL032C-A,snR65,0.0478886566832657,5
YEL032C-A_YDL196W,YEL032C-A,YDL196W,0.0100817429331849,5
YEL032C-A_snR62,YEL032C-A,snR62,0.0204804521815699,5
YEL032C-A_YCR047W-A,YEL032C-A,YCR047W-A,0.060368226444704,5
YEL032C-A_YOL038C-A,YEL032C-A,YOL038C-A,0.027623465323672,5
YEL032C-A_snR39,YEL032C-A,snR39,0.137887259251326,5
YEL032C-A_YHL015W-A,YEL032C-A,YHL015W-A,0.058137095283808,5
YEL032C-A_YLR379W,YEL032C-A,YLR379W,0.016146187762643,5
YEL032C-A_YNL162W-A,YEL032C-A,YNL162W-A,0.0266331468340345,5
YBL071C-B_YGR068W-A,YBL071C-B,YGR068W-A,0.0124157888853832,5
YOR161W-A_YML007C-A,YOR161W-A,YML007C-A,0.0370243561218399,5
YOR161W-A_snR76,YOR161W-A,snR76,0.0455184027830237,5
YOR161W-A_YEL008C-A,YOR161W-A,YEL008C-A,0.0637758516211757,5
YOR161W-A_snR69,YOR161W-A,snR69,-0.0347233086660474,5
YOR161W-A_tT(UGU)H,YOR161W-A,tT(UGU)H,0.037589024801461,5
YOR161W-A_YAR035C-A,YOR161W-A,YAR035C-A,0.0298063709349127,5
YOR161W-A_YDL133C-A,YOR161W-A,YDL133C-A,0.0211033310210277,5
YOR161W-A_YGL063C-A,YOR161W-A,YGL063C-A,0.0129022048104256,5
YOR161W-A_YPL152W-A,YOR161W-A,YPL152W-A,0.0747574939796378,5
YOR161W-A_YPL189C-A,YOR161W-A,YPL189C-A,0.0431926727422596,5
YOR161W-A_tR(CCG)L,YOR161W-A,tR(CCG)L,-0.0224816392203709,5
YOR161W-A_YMR194C-B,YOR161W-A,YMR194C-B,0.0130182873095969,5
YOR161W-A_YMR141W-A,YOR161W-A,YMR141W-A,0.012128447319293,5
YOR161W-A_YDR524C-B,YOR161W-A,YDR524C-B,0.0346888343420066,5
YOR161W-A_YIL134C-A,YOR161W-A,YIL134C-A,0.0122447288193021,5
YOR161W-A_YMR251W-A,YOR161W-A,YMR251W-A,0.0385414483199809,5
YOR161W-A_YOL038C-A,YOR161W-A,YOL038C-A,-0.015256595708551,5
YOR161W-A_YGL007C-A,YOR161W-A,YGL007C-A,0.0326325474309107,5
YOR161W-A_snR39B,YOR161W-A,snR39B,0.0844094738532079,5
YOR161W-A_YMR242W-A,YOR161W-A,YMR242W-A,0.0255398164117328,5
snR77_tV(AAC)O,snR77,tV(AAC)O,0.191107849995398,5
snR77_YMR272W-A,snR77,YMR272W-A,0.13932556029793,5
snR77_YJR151W-A,snR77,YJR151W-A,-0.138023803689105,5
snR77_YMR013C-A,snR77,YMR013C-A,0.0263800326073685,5
YML007C-A_tP(UGG)Q,YML007C-A,tP(UGG)Q,0.0189442255487637,5
YML007C-A_YML058W,YML007C-A,YML058W,0.0108732224412565,5
YML007C-A_snR57,YML007C-A,snR57,0.0101378888657278,5
YML007C-A_YOR161W-A,YML007C-A,YOR161W-A,0.0375710189511626,5
YML007C-A_YGR169C-A,YML007C-A,YGR169C-A,0.0100927760242979,5
YML007C-A_YOR314W-A,YML007C-A,YOR314W-A,0.0105413257832758,5
YML007C-A_snR71,YML007C-A,snR71,0.0144250328907028,5
YML007C-A_YPR036W-A,YML007C-A,YPR036W-A,0.0141466267421921,5
YML007C-A_YAR035C-A,YML007C-A,YAR035C-A,0.0177302081670121,5
YML007C-A_tE(UUC)Q,YML007C-A,tE(UUC)Q,0.0189442255487638,5
YML007C-A_YKL096W-A,YML007C-A,YKL096W-A,0.0172273549067299,5
YML007C-A_YEL017C-A,YML007C-A,YEL017C-A,0.0180705354063354,5
YML007C-A_tM(CAU)Q2,YML007C-A,tM(CAU)Q2,0.0136298395560049,5
YML007C-A_snR24,YML007C-A,snR24,0.0286242486802465,5
YML007C-A_YDR210W,YML007C-A,YDR210W,0.0172141132443679,5
YML007C-A_YHR022C-A,YML007C-A,YHR022C-A,0.0111937628342177,5
YML007C-A_YDR524C-B,YML007C-A,YDR524C-B,0.0232654634527548,5
YML007C-A_tR(CCU)J,YML007C-A,tR(CCU)J,-0.0189813466016425,5
YML007C-A_YLR099W-A,YML007C-A,YLR099W-A,0.02227702992212,5
YML007C-A_YMR251W-A,YML007C-A,YMR251W-A,0.0253879359841216,5
YML007C-A_YGL007C-A,YML007C-A,YGL007C-A,0.0227682229467897,5
YML007C-A_YLL019W-A,YML007C-A,YLL019W-A,0.0171258492279467,5
YML007C-A_snR78,YML007C-A,snR78,-0.0101232939721557,5
YGR068W-A_YER138W-A,YGR068W-A,YER138W-A,0.0135335224528741,5
YDL232W_YBL039W-B,YDL232W,YBL039W-B,0.0223573945989483,5
YDL232W_YKL106C-A,YDL232W,YKL106C-A,0.124148745768044,5
YDL232W_tY(GUA)Q,YDL232W,tY(GUA)Q,0.0154887177566577,5
YDL232W_RNA170,YDL232W,RNA170,0.0296457291347289,5
YDL232W_snR73,YDL232W,snR73,0.0336780148121082,5
YDL232W_snR61,YDL232W,snR61,0.014152120354543,5
YDL232W_YIL008W,YDL232W,YIL008W,0.0160707533144564,5
YDL232W_tQ(UUG)B,YDL232W,tQ(UUG)B,0.0453639526052281,5
YDL232W_YEL020C-B,YDL232W,YEL020C-B,0.0109314996106977,5
YDL232W_YJR140W-A,YDL232W,YJR140W-A,0.0190022528690431,5
YDL232W_YNL024C-A,YDL232W,YNL024C-A,0.0354025949840829,5
YDL232W_snR18,YDL232W,snR18,0.170980172649272,5
YDL232W_YBL006W-A,YDL232W,YBL006W-A,0.0845316757332602,5
YDL232W_snR56,YDL232W,snR56,0.0155715472532216,5
YDL232W_YCR095W-A,YDL232W,YCR095W-A,0.017397718198686,5
YDL232W_YML054C-A,YDL232W,YML054C-A,0.0144352234069866,5
YDL232W_tS(GCU)Q1,YDL232W,tS(GCU)Q1,0.0142717285797464,5
YDL232W_snR87,YDL232W,snR87,0.0905859307488944,5
YDL232W_YBL001C,YDL232W,YBL001C,0.0180159571477092,5
YDL232W_YKL162C-A,YDL232W,YKL162C-A,0.0600252207478676,5
YDL232W_snR69,YDL232W,snR69,0.0839455947339679,5
YDL232W_YDR276C,YDL232W,YDR276C,-0.082663035753538,5
YDL232W_YBR103C-A,YDL232W,YBR103C-A,0.0155413444657691,5
YDL232W_YPR160W-A,YDL232W,YPR160W-A,0.0906778715765354,5
YDL232W_YDL159W-A,YDL232W,YDL159W-A,0.0324200674652176,5
YDL232W_tT(UGU)H,YDL232W,tT(UGU)H,-0.0825671943627069,5
YDL232W_tL(GAG)G,YDL232W,tL(GAG)G,0.0267180635470061,5
YDL232W_YPR169W-A,YDL232W,YPR169W-A,0.0397629738156881,5
YDL232W_YNL145W,YDL232W,YNL145W,0.0673722951377199,5
YDL232W_snR66,YDL232W,snR66,0.0579886597354319,5
YDL232W_YNL244C,YDL232W,YNL244C,0.0148759429380801,5
YDL232W_YKL156C-A,YDL232W,YKL156C-A,0.145623062332276,5
YDL232W_YOR335W-A,YDL232W,YOR335W-A,0.0280529734633806,5
YDL232W_YBL073W,YDL232W,YBL073W,0.0124123353704098,5
YDL232W_YDL247W-A,YDL232W,YDL247W-A,0.0582775517155093,5
YDL232W_snR74,YDL232W,snR74,0.0640019735402592,5
YDL232W_YML012W,YDL232W,YML012W,0.0165729466705891,5
YDL232W_YDR320W-B,YDL232W,YDR320W-B,0.0295674198927456,5
YDL232W_YDR034W-B,YDL232W,YDR034W-B,0.0126929864413927,5
YDL232W_YOR282W,YDL232W,YOR282W,0.0189092405433019,5
YDL232W_snR38,YDL232W,snR38,0.0250107505435191,5
YDL232W_tD(GUC)N,YDL232W,tD(GUC)N,0.0369842807362297,5
YDL232W_YFR012W-A,YDL232W,YFR012W-A,0.0322281884329624,5
YDL232W_YGR174W-A,YDL232W,YGR174W-A,0.0448470383471317,5
YDL232W_snR67,YDL232W,snR67,0.107934426134439,5
YDL232W_YER090C-A,YDL232W,YER090C-A,0.0542889670324945,5
YDL232W_YMR182W-A,YDL232W,YMR182W-A,0.153734969746836,5
YDL232W_YNL015W,YDL232W,YNL015W,0.0255667406399089,5
YDL232W_YNR032C-A,YDL232W,YNR032C-A,0.0151133520636799,5
YDL232W_snR43,YDL232W,snR43,0.0174285471054816,5
YDL232W_YGL041C,YDL232W,YGL041C,0.0136176456921386,5
YDL232W_YML058W-A,YDL232W,YML058W-A,0.0103215067412846,5
YDL232W_YJR151W-A,YDL232W,YJR151W-A,0.235893735609834,5
YDL232W_YBR141W-A,YDL232W,YBR141W-A,0.178673969338591,5
YDL232W_tR(ACG)Q2,YDL232W,tR(ACG)Q2,0.0404728400448261,5
YDL232W_snR6,YDL232W,snR6,0.0382283524785127,5
YDL232W_snR46,YDL232W,snR46,0.0264962514027303,5
YDL232W_tC(GCA)Q,YDL232W,tC(GCA)Q,0.0362709356788576,5
YDL232W_YIR018C-A,YDL232W,YIR018C-A,0.0102334360900564,5
YDL232W_snR72,YDL232W,snR72,0.0483420260671081,5
YDL232W_YGR122C-A,YDL232W,YGR122C-A,0.0283984738759085,5
YDL232W_snR70,YDL232W,snR70,0.0186292304800039,5
YDL232W_YGL014C-A,YDL232W,YGL014C-A,0.0632579227638249,5
YDL232W_YGL188C-A,YDL232W,YGL188C-A,0.0683958265656464,5
YDL232W_YBR196C-B,YDL232W,YBR196C-B,0.0168138956368073,5
YDL232W_tR(CCU)J,YDL232W,tR(CCU)J,0.0891372547044734,5
YDL232W_YDR169C-A,YDL232W,YDR169C-A,0.0417923129287889,5
YDL232W_YNL130C-A,YDL232W,YNL130C-A,0.0488254883706271,5
YDL232W_YHR180C-B,YDL232W,YHR180C-B,0.0144927663592616,5
YDL232W_tS(CGA)C,YDL232W,tS(CGA)C,0.0172126148653228,5
YDL232W_YDR118W-A,YDL232W,YDR118W-A,0.021227796612998,5
YDL232W_snR55,YDL232W,snR55,0.0604045416674476,5
YDL232W_YDL025W-A,YDL232W,YDL025W-A,0.0344798200869167,5
YDL232W_YKL100W-A,YDL232W,YKL100W-A,0.0829333554736753,5
YDL232W_snR53,YDL232W,snR53,0.052001239347363,5
YDL232W_YNL144W-A,YDL232W,YNL144W-A,0.0973808947226836,5
YDL232W_snR36,YDL232W,snR36,0.0144129045328213,5
YDL232W_YOR192C-C,YDL232W,YOR192C-C,0.0108112441695637,5
YDL232W_snR39,YDL232W,snR39,0.201085369270482,5
YDL232W_tR(ACG)J,YDL232W,tR(ACG)J,0.0428236671377503,5
YDL232W_YCR024C-A,YDL232W,YCR024C-A,0.0765022151691175,5
YDL232W_YHL006W-A,YDL232W,YHL006W-A,0.024564165069354,5
YDL232W_YLR299C-A,YDL232W,YLR299C-A,0.104429624169289,5
YDL232W_YBL100W-C,YDL232W,YBL100W-C,0.0177533305208291,5
YDL232W_snR78,YDL232W,snR78,0.0451285984912987,5
YDL232W_YDR510C-A,YDL232W,YDR510C-A,0.0143266164856432,5
YDL232W_YBR126W-A,YDL232W,YBR126W-A,0.0709588458177255,5
YDL232W_snR14,YDL232W,snR14,0.0271256013606049,5
snR18_YKL106C-A,snR18,YKL106C-A,0.0918256969227888,5
snR18_tY(GUA)Q,snR18,tY(GUA)Q,0.010912374653836,5
snR18_YEL032C-A,snR18,YEL032C-A,0.143099340193917,5
snR18_snR61,snR18,snR61,0.0105344255545479,5
snR18_YIL008W,snR18,YIL008W,0.0103022203600215,5
snR18_YCR020W-B,snR18,YCR020W-B,0.011870596005721,5
snR18_YDL232W,snR18,YDL232W,0.175152757257781,5
snR18_snR56,snR18,snR56,0.0100831881845695,5
snR18_YML054C-A,snR18,YML054C-A,0.0110563886415155,5
snR18_snR87,snR18,snR87,0.0608150639615176,5
snR18_snR69,snR18,snR69,0.0728889507894696,5
snR18_YDL159W-A,snR18,YDL159W-A,0.0222826316477323,5
snR18_YLR154W-E,snR18,YLR154W-E,0.0247597720924295,5
snR18_YPR169W-A,snR18,YPR169W-A,0.0258955273558663,5
snR18_tV(AAC)O,snR18,tV(AAC)O,0.125355068864165,5
snR18_YHR072W-A,snR18,YHR072W-A,0.0272919777151493,5
snR18_YOR282W,snR18,YOR282W,0.0129680871327017,5
snR18_YPL152W-A,snR18,YPL152W-A,-0.0971737903120925,5
snR18_tD(GUC)N,snR18,tD(GUC)N,0.0239488653251399,5
snR18_YHR073W-A,snR18,YHR073W-A,0.0504208591423452,5
snR18_YGR174W-A,snR18,YGR174W-A,0.0329945153159305,5
snR18_YLL009C,snR18,YLL009C,0.0174932293712829,5
snR18_tR(CCG)L,snR18,tR(CCG)L,0.0444785780736506,5
snR18_YJL047C-A,snR18,YJL047C-A,0.0151614115848828,5
snR18_YPR133W-A,snR18,YPR133W-A,0.0276465488937279,5
snR18_snR70,snR18,snR70,0.0142729997788021,5
snR18_YBL107W-A,snR18,YBL107W-A,0.010152734427911,5
snR18_YHR180C-B,snR18,YHR180C-B,0.010525020092057,5
snR18_YDR118W-A,snR18,YDR118W-A,0.016558582650454,5
snR18_YDL025W-A,snR18,YDL025W-A,0.0273071758050731,5
snR18_snR59,snR18,snR59,0.0376868301747198,5
snR18_YCR047W-A,snR18,YCR047W-A,0.0618772612564341,5
snR18_YOR167C,snR18,YOR167C,0.0283896948202344,5
snR18_YOL038C-A,snR18,YOL038C-A,0.029976332562089,5
snR18_snR39,snR18,snR39,0.172049412103885,5
snR18_YHL015W-A,snR18,YHL015W-A,0.0539613785568676,5
snR18_YMR175W-A,snR18,YMR175W-A,0.0173362353944628,5
snR18_snR78,snR18,snR78,0.0300517235848933,5
snR18_YDR510C-A,snR18,YDR510C-A,0.0116270718172509,5
YLR402W_YPR182W,YLR402W,YPR182W,0.0485672383207029,5
YLR402W_YDR511W,YLR402W,YDR511W,0.0104861162067136,5
YLR402W_YDR354C-A,YLR402W,YDR354C-A,0.0188033470863896,5
YLR402W_tP(UGG)Q,YLR402W,tP(UGG)Q,0.0244329331579609,5
YLR402W_YML058W,YLR402W,YML058W,0.015367223386864,5
YLR402W_YBL071C-B,YLR402W,YBL071C-B,0.0169786427259875,5
YLR402W_YOR161W-A,YLR402W,YOR161W-A,0.0417919217448246,5
YLR402W_YGR063C,YLR402W,YGR063C,0.0169030266348217,5
YLR402W_YML007C-A,YLR402W,YML007C-A,0.0332669762927486,5
YLR402W_YPL098C,YLR402W,YPL098C,0.0126655071047437,5
YLR402W_YLR110C,YLR402W,YLR110C,0.0177351562844935,5
YLR402W_YML129C,YLR402W,YML129C,0.0411650543620488,5
YLR402W_YIL156W-B,YLR402W,YIL156W-B,0.0227258975902609,5
YLR402W_YCL048W-A,YLR402W,YCL048W-A,0.0147573742912351,5
YLR402W_YGR169C-A,YLR402W,YGR169C-A,0.0142750196101311,5
YLR402W_YDR276C,YLR402W,YDR276C,0.0503145130691003,5
YLR402W_tT(UGU)H,YLR402W,tT(UGU)H,0.0382698154090073,5
YLR402W_YOR314W-A,YLR402W,YOR314W-A,0.0136004146112877,5
YLR402W_YOR210W,YLR402W,YOR210W,0.0116395564425094,5
YLR402W_snR161,YLR402W,snR161,0.0107211020383276,5
YLR402W_snR71,YLR402W,snR71,0.0202293880718997,5
YLR402W_YNR003W-A,YLR402W,YNR003W-A,0.0139098941168271,5
YLR402W_YMR122W-A,YLR402W,YMR122W-A,0.0210990845750045,5
YLR402W_YNL097W-A,YLR402W,YNL097W-A,0.0407976763849176,5
YLR402W_YMR002W,YLR402W,YMR002W,0.0236540673205855,5
YLR402W_YPL136W,YLR402W,YPL136W,0.0115478791812493,5
YLR402W_snR128,YLR402W,snR128,0.032872413653714,5
YLR402W_YDR193W,YLR402W,YDR193W,0.0110264211606082,5
YLR402W_YDR476C,YLR402W,YDR476C,0.0140274235544911,5
YLR402W_YDL012C,YLR402W,YDL012C,0.0122412335313687,5
YLR402W_tE(UUC)Q,YLR402W,tE(UUC)Q,0.0244329331579604,5
YLR402W_YPL037C,YLR402W,YPL037C,0.0143633483051157,5
YLR402W_YCL057C-A,YLR402W,YCL057C-A,0.0159712280309223,5
YLR402W_YHR073C-B,YLR402W,YHR073C-B,0.0116778554832732,5
YLR402W_YGL030W,YLR402W,YGL030W,0.0100022788449673,5
YLR402W_tS(UGA)Q2,YLR402W,tS(UGA)Q2,0.0130516498152803,5
YLR402W_YBR230W-A,YLR402W,YBR230W-A,0.0159054172217854,5
YLR402W_YGR236C,YLR402W,YGR236C,0.0196323495466805,5
YLR402W_YDR134C,YLR402W,YDR134C,0.0101832264872634,5
YLR402W_YBR162W-A,YLR402W,YBR162W-A,0.0133281590848941,5
YLR402W_tM(CAU)Q2,YLR402W,tM(CAU)Q2,0.0175788109135617,5
YLR402W_YOR302W,YLR402W,YOR302W,0.0489449818000944,5
YLR402W_snR24,YLR402W,snR24,0.0446400254712893,5
YLR402W_YOR146W,YLR402W,YOR146W,0.0150964198793861,5
YLR402W_YFR049W,YLR402W,YFR049W,0.0119691687002573,5
YLR402W_YDR139C,YLR402W,YDR139C,0.010591681610852,5
YLR402W_tV(UAC)Q,YLR402W,tV(UAC)Q,0.0226061562630931,5
YLR402W_YJR034W,YLR402W,YJR034W,0.0125655835852768,5
YLR402W_YOL039W,YLR402W,YOL039W,0.0118255377456016,5
YLR402W_YBR056C-B,YLR402W,YBR056C-B,0.0245530672370309,5
YLR402W_YLR286W-A,YLR402W,YLR286W-A,0.0242706687947374,5
YLR402W_YKL023C-A,YLR402W,YKL023C-A,0.0108674894074659,5
YLR402W_YER058W,YLR402W,YER058W,0.0107528902305931,5
YLR402W_YGL106W,YLR402W,YGL106W,0.0128132926194132,5
YLR402W_YBR016W,YLR402W,YBR016W,0.0194631105623284,5
YLR402W_YPR002C-A,YLR402W,YPR002C-A,0.010979517550842,5
YLR402W_YEL059C-A,YLR402W,YEL059C-A,0.0163734671447034,5
YLR402W_YER078W-A,YLR402W,YER078W-A,0.0111149778235336,5
YLR402W_YHR143W-A,YLR402W,YHR143W-A,0.0128947909276079,5
YLR402W_YMR256C,YLR402W,YMR256C,0.0189616734258748,5
YLR402W_YDR482C,YLR402W,YDR482C,0.0138161899727483,5
YLR402W_YMR174C,YLR402W,YMR174C,0.0118906089241576,5
YLR402W_YJR114W,YLR402W,YJR114W,0.0213365596737357,5
YLR402W_YPL096C-A,YLR402W,YPL096C-A,0.0199638085509038,5
YLR402W_YNR042W,YLR402W,YNR042W,0.0120073050126268,5
YLR402W_YJR085C,YLR402W,YJR085C,0.0176935934400576,5
YLR402W_YGL007C-A,YLR402W,YGL007C-A,0.0274928456859909,5
YLR402W_YDL032W,YLR402W,YDL032W,0.0113232401306251,5
YLR402W_YJL064W,YLR402W,YJL064W,0.0178560431554332,5
YLR402W_YLL019W-A,YLR402W,YLL019W-A,0.0226449868981859,5
YLR402W_YBR200W-A,YLR402W,YBR200W-A,0.0101650003739556,5
YLR402W_YJR020W,YLR402W,YJR020W,0.0128153989674122,5
YLR402W_YLR204W,YLR402W,YLR204W,0.0167654704344959,5
YLR402W_YPL271W,YLR402W,YPL271W,0.0183498700725971,5
YLR402W_YAL044C,YLR402W,YAL044C,0.0101631277037098,5
YLR402W_YLR287C-A,YLR402W,YLR287C-A,0.0131096703240508,5
YCR038W-A_YJL205C,YCR038W-A,YJL205C,0.0115607643098292,5
YCR038W-A_snR50,YCR038W-A,snR50,0.0117118232331928,5
YCR038W-A_YKR057W,YCR038W-A,YKR057W,0.0128262962758934,5
YCR038W-A_YLR438C-A,YCR038W-A,YLR438C-A,0.0108447622714281,5
YCR038W-A_snR59,YCR038W-A,snR59,0.0128110118108162,5
YCR038W-A_YBR126W-A,YCR038W-A,YBR126W-A,0.0123973381546363,5
YCR038W-A_YDL114W-A,YCR038W-A,YDL114W-A,0.0116201994792279,5
YDL061C_YEL032C-A,YDL061C,YEL032C-A,0.0857774880845479,5
YDL061C_YJL052C-A,YDL061C,YJL052C-A,0.0221730412299874,5
YDL061C_snR62,YDL061C,snR62,0.0102494652469315,5
snR76_snR54,snR76,snR54,0.0195755987043152,5
snR76_YEL008C-A,snR76,YEL008C-A,0.0564952385157061,5
snR76_snR39B,snR76,snR39B,0.0747827833529662,5
YML129C_YPR182W,YML129C,YPR182W,0.0411403787344733,5
YML129C_YJL136W-A,YML129C,YJL136W-A,0.0303911878203276,5
YML129C_YDL061C,YML129C,YDL061C,0.0385128763544477,5
YML129C_YJL127W-A,YML129C,YJL127W-A,0.0215121341363519,5
YML129C_YDR276C,YML129C,YDR276C,0.0446753513264621,5
YML129C_YPR160W-A,YML129C,YPR160W-A,-0.0292101030794534,5
YML129C_YOR381W-A,YML129C,YOR381W-A,0.0103384003541363,5
YML129C_YFR012W-A,YML129C,YFR012W-A,-0.0111631021415173,5
YML129C_snR75,YML129C,snR75,0.0215004397392669,5
YML129C_YOR302W,YML129C,YOR302W,0.0561008579121491,5
YML129C_YKL023C-A,YML129C,YKL023C-A,0.0116885527082962,5
YML129C_YER053C-A,YML129C,YER053C-A,0.041530230626784,5
YML129C_snR13,YML129C,snR13,0.0136655479591643,5
YML129C_YLR185W,YML129C,YLR185W,0.0151644243784537,5
YML129C_YMR013C-A,YML129C,YMR013C-A,0.0127873425410626,5
YML129C_YJR112W-A,YML129C,YJR112W-A,0.0131272745649008,5
YML129C_YGR105W,YML129C,YGR105W,0.0148973085189636,5
YEL008C-A_snR64,YEL008C-A,snR64,0.0483009438005816,5
YEL008C-A_YDL133C-A,YEL008C-A,YDL133C-A,0.0279962939140126,5
YEL008C-A_YPL152W-A,YEL008C-A,YPL152W-A,0.0825732055079585,5
YEL008C-A_YPL189C-A,YEL008C-A,YPL189C-A,0.0566546943647886,5
YEL008C-A_YDR524W-C,YEL008C-A,YDR524W-C,0.0171068514968684,5
YEL008C-A_YMR141W-A,YEL008C-A,YMR141W-A,0.0167561907842807,5
YEL008C-A_snR39B,YEL008C-A,snR39B,0.105127676997028,5
YEL008C-A_snR79,YEL008C-A,snR79,0.126930769472966,5
YLR347W-A_YGL014C-A,YLR347W-A,YGL014C-A,0.0105855687493398,5
snR69_YHR072W-A,snR69,YHR072W-A,0.0115341437617098,5
snR69_YHR073W-A,snR69,YHR073W-A,0.0204929219327514,5
snR69_YGR174W-A,snR69,YGR174W-A,0.0146741456375406,5
snR69_tR(CCG)L,snR69,tR(CCG)L,0.0188084765566473,5
snR69_YDL025W-A,snR69,YDL025W-A,0.0118454949244612,5
snR69_YCR047W-A,snR69,YCR047W-A,0.0254339286574992,5
YCL048W-A_YMR182W-A,YCL048W-A,YMR182W-A,-0.0119870423740241,5
YDR276C_YPR182W,YDR276C,YPR182W,0.0437378944362874,5
YDR276C_tQ(UUG)B,YDR276C,tQ(UUG)B,-0.015173949523461,5
YDR276C_YLR402W,YDR276C,YLR402W,0.0497569522138966,5
YDR276C_YML129C,YDR276C,YML129C,0.0433366113127105,5
YDR276C_YPR160W-A,YDR276C,YPR160W-A,-0.0303207406656211,5
YDR276C_snR74,YDR276C,snR74,-0.0204851050211947,5
YDR276C_YFR012W-A,YDR276C,YFR012W-A,-0.0111593770862466,5
YDR276C_YMR182W-A,YDR276C,YMR182W-A,-0.0471470281930222,5
YDR276C_tV(UAC)Q,YDR276C,tV(UAC)Q,0.0235172099458945,5
YDR276C_YJR151W-A,YDR276C,YJR151W-A,-0.0789049329143284,5
YDR276C_tR(ACG)Q2,YDR276C,tR(ACG)Q2,-0.0135379039224311,5
YDR276C_tC(GCA)Q,YDR276C,tC(GCA)Q,-0.0121323940166592,5
YDR276C_snR53,YDR276C,snR53,-0.016573251402834,5
YDR276C_YNL144W-A,YDR276C,YNL144W-A,-0.0301122961784139,5
YDR276C_tR(ACG)J,YDR276C,tR(ACG)J,-0.0143242404208584,5
snR64_YKL156C-A,snR64,YKL156C-A,0.0565367614326716,5
snR64_YNL103W-A,snR64,YNL103W-A,0.0225831574240902,5
snR64_YOR186C-A,snR64,YOR186C-A,0.0126607530230511,5
snR64_YLR163W-A,snR64,YLR163W-A,0.0219673353373888,5
snR64_YOL155W-A,snR64,YOL155W-A,0.0129723541973501,5
snR64_YPL135C-A,snR64,YPL135C-A,0.029896588152042,5
YPR160W-A_tQ(UUG)B,YPR160W-A,tQ(UUG)B,0.0150115982696429,5
YPR160W-A_tR(ACG)Q2,YPR160W-A,tR(ACG)Q2,0.013393057277694,5
YPR160W-A_tC(GCA)Q,YPR160W-A,tC(GCA)Q,0.0120025854010859,5
YPR160W-A_tR(ACG)J,YPR160W-A,tR(ACG)J,0.0141709804941187,5
YPR160W-A_YLR299C-A,YPR160W-A,YLR299C-A,0.0346064690171142,5
snR71_tR(CCU)J,snR71,tR(CCU)J,-0.0111862026289213,5
YMR122W-A_YLR099W-A,YMR122W-A,YLR099W-A,0.0123392056303474,5
YNL097W-A_YDR354C-A,YNL097W-A,YDR354C-A,0.0207500056297993,5
YNL097W-A_YLR062C,YNL097W-A,YLR062C,0.0103907228727518,5
YNL097W-A_YPL098C,YNL097W-A,YPL098C,0.0120193049167588,5
YNL097W-A_YPL136W,YNL097W-A,YPL136W,0.011050816277422,5
YNL097W-A_snR128,YNL097W-A,snR128,0.0306800191287425,5
YNL097W-A_snR40,YNL097W-A,snR40,0.030684138353365,5
YNL097W-A_YLR388W,YNL097W-A,YLR388W,0.0136968815193014,5
YNL097W-A_YLR264W,YNL097W-A,YLR264W,0.0155264297844096,5
YNL097W-A_YOR302W,YNL097W-A,YOR302W,0.0506383385215392,5
YNL097W-A_YNL086W,YNL097W-A,YNL086W,0.0107386468059204,5
YNL097W-A_YJR034W,YNL097W-A,YJR034W,0.011431128267156,5
YNL097W-A_YER053C-A,YNL097W-A,YER053C-A,0.040114065490776,5
YNL097W-A_YLR185W,YNL097W-A,YLR185W,0.0138904329924904,5
YNL097W-A_YFR036W,YNL097W-A,YFR036W,0.0114719330977516,5
YNL097W-A_YJR112W-A,YNL097W-A,YJR112W-A,0.012298372395894,5
YNL097W-A_YJL184W,YNL097W-A,YJL184W,0.0100621673780921,5
YNL097W-A_YGR105W,YNL097W-A,YGR105W,0.0125538597934006,5
YNL097W-A_YDL114W-A,YNL097W-A,YDL114W-A,0.0189300092169158,5
YNL097W-A_YLR399W-A,YNL097W-A,YLR399W-A,0.0288603890795666,5
YNL097W-A_YPL135C-A,YNL097W-A,YPL135C-A,0.032447372859247,5
YMR002W_YLR286W-A,YMR002W,YLR286W-A,0.0103498857011721,5
YKL156C-A_snR73,YKL156C-A,snR73,0.018568681626332,5
YKL156C-A_YBR072C-A,YKL156C-A,YBR072C-A,0.0107254489774299,5
YKL156C-A_tQ(UUG)B,YKL156C-A,tQ(UUG)B,0.0230182281345319,5
YKL156C-A_snR77,YKL156C-A,snR77,-0.0948334611263352,5
YKL156C-A_YOR376W-A,YKL156C-A,YOR376W-A,0.0281084987366132,5
YKL156C-A_YBL001C,YKL156C-A,YBL001C,0.0101024348286175,5
YKL156C-A_YLR347W-A,YKL156C-A,YLR347W-A,0.031523721292259,5
YKL156C-A_snR64,YKL156C-A,snR64,0.0542020953133198,5
YKL156C-A_YPR160W-A,YKL156C-A,YPR160W-A,0.0461046442121982,5
YKL156C-A_tL(GAG)G,YKL156C-A,tL(GAG)G,0.0135570744328624,5
YKL156C-A_snR60,YKL156C-A,snR60,0.0165945022307657,5
YKL156C-A_YOR335W-A,YKL156C-A,YOR335W-A,0.0142344241616558,5
YKL156C-A_snR190,YKL156C-A,snR190,0.0133721043716917,5
YKL156C-A_YNL103W-A,YKL156C-A,YNL103W-A,0.044803574462066,5
YKL156C-A_YDL247W-A,YKL156C-A,YDL247W-A,0.0312660988490612,5
YKL156C-A_YDR320W-B,YKL156C-A,YDR320W-B,0.0161859171140363,5
YKL156C-A_snR38,YKL156C-A,snR38,0.0136884610852581,5
YKL156C-A_YOR186C-A,YKL156C-A,YOR186C-A,0.0234049571842646,5
YKL156C-A_snR43,YKL156C-A,snR43,0.0109948622403375,5
YKL156C-A_YJR151W-A,YKL156C-A,YJR151W-A,0.119695386092709,5
YKL156C-A_tR(ACG)Q2,YKL156C-A,tR(ACG)Q2,0.0205364173953591,5
YKL156C-A_tC(GCA)Q,YKL156C-A,tC(GCA)Q,0.0184043193805089,5
YKL156C-A_YLR162W,YKL156C-A,YLR162W,0.0110721828982411,5
YKL156C-A_YGR122C-A,YKL156C-A,YGR122C-A,0.0144361663753529,5
YKL156C-A_YGL014C-A,YKL156C-A,YGL014C-A,0.0359545857381462,5
YKL156C-A_YLR163W-A,YKL156C-A,YLR163W-A,0.0412670936272754,5
YKL156C-A_snR10,YKL156C-A,snR10,0.0156386482035243,5
YKL156C-A_YDR169C-A,YKL156C-A,YDR169C-A,0.0232184972009086,5
YKL156C-A_YNL130C-A,YKL156C-A,YNL130C-A,0.0290398240618787,5
YKL156C-A_YOL155W-A,YKL156C-A,YOL155W-A,0.0229616782949868,5
YKL156C-A_YKL100W-A,YKL156C-A,YKL100W-A,0.0487827506598491,5
YKL156C-A_snR53,YKL156C-A,snR53,0.0265842092537002,5
YKL156C-A_YBR191W-A,YKL156C-A,YBR191W-A,0.020944429661525,5
YKL156C-A_YDR371C-A,YKL156C-A,YDR371C-A,0.0301448196302703,5
YKL156C-A_YJL077W-A,YKL156C-A,YJL077W-A,0.0508989765428402,5
YKL156C-A_YPR076W,YKL156C-A,YPR076W,0.0193748109299999,5
YKL156C-A_tR(ACG)J,YKL156C-A,tR(ACG)J,0.0217292560088866,5
YKL156C-A_YCR024C-A,YKL156C-A,YCR024C-A,0.043469336746553,5
YKL156C-A_YLR299C-A,YKL156C-A,YLR299C-A,0.0609474097399059,5
YKL156C-A_snR79,YKL156C-A,snR79,0.127933369337276,5
YKL156C-A_YLR154W-F,YKL156C-A,YLR154W-F,0.03865057458486,5
YKL156C-A_snR14,YKL156C-A,snR14,0.0151846005395112,5
snR128_YIL156W-B,snR128,YIL156W-B,0.0137550103742724,5
snR128_snR40,snR128,snR40,0.0201421498026824,5
snR128_YLR264W,snR128,YLR264W,0.0103847375743437,5
snR128_YLL018C-A,snR128,YLL018C-A,0.0136875190044,5
snR128_YBR056C-B,snR128,YBR056C-B,0.015573182362916,5
snR128_YJL064W,snR128,YJL064W,0.010822931993823,5
snR128_YLR204W,snR128,YLR204W,0.0101850678230003,5
snR128_YPL271W,snR128,YPL271W,0.0110915570794493,5
snR128_YDL114W-A,snR128,YDL114W-A,0.0121824077974275,5
YNL103W-A_snR54,YNL103W-A,snR54,0.0112725571258983,5
YNL103W-A_YOR376W-A,YNL103W-A,YOR376W-A,0.011409432390601,5
YNL103W-A_YLR149C-A,YNL103W-A,YLR149C-A,0.0136372858077463,5
YNL103W-A_YLR347W-A,YNL103W-A,YLR347W-A,0.0129230814973334,5
YNL103W-A_YGL014C-A,YNL103W-A,YGL014C-A,0.0138396544344127,5
YNL103W-A_YNL130C-A,YNL103W-A,YNL130C-A,0.0115051774149302,5
YNL103W-A_YKL100W-A,YNL103W-A,YKL100W-A,0.0187776198155322,5
YNL103W-A_snR53,YNL103W-A,snR53,0.0109901408702267,5
YNL103W-A_YDR371C-A,YNL103W-A,YDR371C-A,0.0128158930114908,5
YNL103W-A_YJL077W-A,YNL103W-A,YJL077W-A,0.0219681644487253,5
YNL103W-A_YLR299C-A,YNL103W-A,YLR299C-A,0.0251735217144013,5
tV(AAC)O_snR189,tV(AAC)O,snR189,0.0259939041733986,5
tV(AAC)O_YEL032C-A,tV(AAC)O,YEL032C-A,0.18221339451603,5
tV(AAC)O_YBR072C-A,tV(AAC)O,YBR072C-A,-0.0135144792137048,5
tV(AAC)O_snR54,tV(AAC)O,snR54,-0.0409525499852615,5
tV(AAC)O_snR77,tV(AAC)O,snR77,0.182513816816918,5
tV(AAC)O_snR18,tV(AAC)O,snR18,0.132298407970266,5
tV(AAC)O_YJL136W-A,tV(AAC)O,YJL136W-A,0.0692165980643546,5
tV(AAC)O_YDL061C,tV(AAC)O,YDL061C,0.0946567365305154,5
tV(AAC)O_snR76,tV(AAC)O,snR76,-0.0884844331894992,5
tV(AAC)O_YLR149C-A,tV(AAC)O,YLR149C-A,-0.0485751539308169,5
tV(AAC)O_YDR034C-A,tV(AAC)O,YDR034C-A,0.0524797676606762,5
tV(AAC)O_YJL127W-A,tV(AAC)O,YJL127W-A,0.0479015302576494,5
tV(AAC)O_snR31,tV(AAC)O,snR31,0.0127575755166037,5
tV(AAC)O_tF(GAA)Q,tV(AAC)O,tF(GAA)Q,0.070985702315644,5
tV(AAC)O_YNL103W-A,tV(AAC)O,YNL103W-A,-0.0528185346828976,5
tV(AAC)O_YER091C-A,tV(AAC)O,YER091C-A,-0.0145839309593118,5
tV(AAC)O_YDR246W-A,tV(AAC)O,YDR246W-A,0.0205949282401652,5
tV(AAC)O_tG(UCC)G,tV(AAC)O,tG(UCC)G,0.0282144553001776,5
tV(AAC)O_YDL184C,tV(AAC)O,YDL184C,0.113127859969813,5
tV(AAC)O_YIR044C,tV(AAC)O,YIR044C,0.0202730896130418,5
tV(AAC)O_tK(UUU)Q,tV(AAC)O,tK(UUU)Q,0.0251724338794209,5
tV(AAC)O_YMR272W-A,tV(AAC)O,YMR272W-A,0.137841491366701,5
tV(AAC)O_YOR381W-A,tV(AAC)O,YOR381W-A,0.022511344320775,5
tV(AAC)O_YHR073W-A,tV(AAC)O,YHR073W-A,0.0454387073005307,5
tV(AAC)O_YBR131C-A,tV(AAC)O,YBR131C-A,-0.0205009039479352,5
tV(AAC)O_YJL052C-A,tV(AAC)O,YJL052C-A,0.047752954181735,5
tV(AAC)O_YIL105W-A,tV(AAC)O,YIL105W-A,0.0239414605764038,5
tV(AAC)O_YDR524W-C,tV(AAC)O,YDR524W-C,-0.0244255662716011,5
tV(AAC)O_YLR162W-A,tV(AAC)O,YLR162W-A,0.0402271312909431,5
tV(AAC)O_YGR064W,tV(AAC)O,YGR064W,0.0164395352358359,5
tV(AAC)O_YBR221W-A,tV(AAC)O,YBR221W-A,0.0260226975011057,5
tV(AAC)O_tL(UAA)Q,tV(AAC)O,tL(UAA)Q,0.0285642411247665,5
tV(AAC)O_snR13,tV(AAC)O,snR13,0.0290588862217406,5
tV(AAC)O_YMR013C-A,tV(AAC)O,YMR013C-A,0.0286692816821938,5
tV(AAC)O_YMR230W-A,tV(AAC)O,YMR230W-A,0.010467091624039,5
tV(AAC)O_tN(GUU)Q,tV(AAC)O,tN(GUU)Q,0.0592642556088524,5
tV(AAC)O_YLR163W-A,tV(AAC)O,YLR163W-A,-0.0517861827952075,5
tV(AAC)O_YOR394C-A,tV(AAC)O,YOR394C-A,0.0237064116885384,5
tV(AAC)O_YPL102C,tV(AAC)O,YPL102C,0.0151864646180141,5
tV(AAC)O_YLR264C-A,tV(AAC)O,YLR264C-A,0.0170802475080276,5
tV(AAC)O_YAL037C-A,tV(AAC)O,YAL037C-A,0.0528740320710882,5
tV(AAC)O_snR65,tV(AAC)O,snR65,0.0541724969426505,5
tV(AAC)O_YJL077W-A,tV(AAC)O,YJL077W-A,-0.0668791074453013,5
tV(AAC)O_YDL196W,tV(AAC)O,YDL196W,0.0109211038935454,5
tV(AAC)O_snR62,tV(AAC)O,snR62,0.0223491845981672,5
tV(AAC)O_YOL038C-A,tV(AAC)O,YOL038C-A,0.0279477502303767,5
tV(AAC)O_YLR379W,tV(AAC)O,YLR379W,0.0169994838709919,5
tV(AAC)O_YNL162W-A,tV(AAC)O,YNL162W-A,0.0315712118684825,5
tV(AAC)O_snR79,tV(AAC)O,snR79,-0.177898386958048,5
tV(AAC)O_YOL083C-A,tV(AAC)O,YOL083C-A,0.0218172765388276,5
YDL247W-A_snR53,YDL247W-A,snR53,0.0106856436945522,5
snR40_YDR354C-A,snR40,YDR354C-A,0.0149220490815231,5
snR40_YJL205C,snR40,YJL205C,0.0135043864301848,5
snR40_YCR038W-A,snR40,YCR038W-A,0.0194156643916946,5
snR40_YJL062W-A,snR40,YJL062W-A,0.0113689373864653,5
snR40_snR128,snR40,snR128,0.0198185946466653,5
snR40_YLR388W,snR40,YLR388W,0.010522966435472,5
snR40_YLR264W,snR40,YLR264W,0.0118427321199523,5
snR40_snR50,snR40,snR50,0.0135891620788801,5
snR40_YKR057W,snR40,YKR057W,0.0151143795152291,5
snR40_YDL067C,snR40,YDL067C,0.0121489592005011,5
snR40_YLR438C-A,snR40,YLR438C-A,0.0125848664344051,5
snR40_snR85,snR40,snR85,0.0131422117933668,5
snR40_snR59,snR40,snR59,0.0142014471053434,5
snR40_YHL015W-A,snR40,YHL015W-A,0.0194396902246799,5
snR40_YBR126W-A,snR40,YBR126W-A,0.0130489095439386,5
snR40_YDL114W-A,snR40,YDL114W-A,0.0143406900809123,5
YMR272W-A_YPR182W,YMR272W-A,YPR182W,0.0715958919084379,5
YMR272W-A_YEL032C-A,YMR272W-A,YEL032C-A,0.124878256131298,5
YMR272W-A_YBR252W,YMR272W-A,YBR252W,0.0186535498584418,5
YMR272W-A_YLR062C,YMR272W-A,YLR062C,0.0204371063188579,5
YMR272W-A_snR77,YMR272W-A,snR77,0.137692646641152,5
YMR272W-A_YLR402W,YMR272W-A,YLR402W,0.0703103913134327,5
YMR272W-A_YJL136W-A,YMR272W-A,YJL136W-A,0.0552118270885555,5
YMR272W-A_YDL061C,YMR272W-A,YDL061C,0.072636646555855,5
YMR272W-A_YML129C,YMR272W-A,YML129C,0.0838228448029583,5
YMR272W-A_YDR155C,YMR272W-A,YDR155C,0.0148588169277393,5
YMR272W-A_YJL127W-A,YMR272W-A,YJL127W-A,0.0390218144244111,5
YMR272W-A_YDR276C,YMR272W-A,YDR276C,0.074050962920535,5
YMR272W-A_snR31,YMR272W-A,snR31,0.0108367554562813,5
YMR272W-A_YNL097W-A,YMR272W-A,YNL097W-A,0.0689979524835917,5
YMR272W-A_YPL136W,YMR272W-A,YPL136W,0.0204621586322285,5
YMR272W-A_tV(AAC)O,YMR272W-A,tV(AAC)O,0.141093729872058,5
YMR272W-A_YDL247W-A,YMR272W-A,YDL247W-A,-0.0318822996241914,5
YMR272W-A_tG(UCC)G,YMR272W-A,tG(UCC)G,0.0190088350342021,5
YMR272W-A_YGL030W,YMR272W-A,YGL030W,0.0177713044636798,5
YMR272W-A_tK(UUU)Q,YMR272W-A,tK(UUU)Q,0.0169593436390126,5
YMR272W-A_YDL045W-A,YMR272W-A,YDL045W-A,0.0129289089405636,5
YMR272W-A_YOR381W-A,YMR272W-A,YOR381W-A,0.0184047505705483,5
YMR272W-A_YFR012W-A,YMR272W-A,YFR012W-A,-0.0176312959230091,5
YMR272W-A_YJL052C-A,YMR272W-A,YJL052C-A,0.0372020776243149,5
YMR272W-A_snR75,YMR272W-A,snR75,0.0380423872034295,5
YMR272W-A_YOR302W,YMR272W-A,YOR302W,0.101815008822043,5
YMR272W-A_YCR087C-A,YMR272W-A,YCR087C-A,0.0103674468534681,5
YMR272W-A_YJR151W-A,YMR272W-A,YJR151W-A,-0.118019981744551,5
YMR272W-A_YLR162W-A,YMR272W-A,YLR162W-A,0.0280661156472783,5
YMR272W-A_YGR064W,YMR272W-A,YGR064W,0.0129379833258835,5
YMR272W-A_YKL023C-A,YMR272W-A,YKL023C-A,0.0211280348094037,5
YMR272W-A_YER053C-A,YMR272W-A,YER053C-A,0.076478742476649,5
YMR272W-A_snR13,YMR272W-A,snR13,0.0252764405132535,5
YMR272W-A_YLR185W,YMR272W-A,YLR185W,0.0276984279084423,5
YMR272W-A_YMR013C-A,YMR272W-A,YMR013C-A,0.0226400821675644,5
YMR272W-A_snR32,YMR272W-A,snR32,0.0124967660432907,5
YMR272W-A_YJR112W-A,YMR272W-A,YJR112W-A,0.0240460822369519,5
YMR272W-A_YDL240C-A,YMR272W-A,YDL240C-A,0.0110584925403123,5
YMR272W-A_YPL102C,YMR272W-A,YPL102C,0.0127803659862438,5
YMR272W-A_YIL052C,YMR272W-A,YIL052C,0.0161748350747523,5
YMR272W-A_YGR105W,YMR272W-A,YGR105W,0.0274655249982365,5
YMR272W-A_snR62,YMR272W-A,snR62,0.0152045939685771,5
YMR272W-A_YLR379W,YMR272W-A,YLR379W,0.0134651615485967,5
YMR272W-A_YNL162W-A,YMR272W-A,YNL162W-A,0.022361319466053,5
YMR272W-A_YOL083C-A,YMR272W-A,YOL083C-A,0.0161381148084301,5
YMR272W-A_YPL271W,YMR272W-A,YPL271W,0.0327313702889181,5
YMR272W-A_YLR399W-A,YMR272W-A,YLR399W-A,0.0513358517626821,5
YMR272W-A_YNL190W,YMR272W-A,YNL190W,0.0157770907581857,5
YPL152W-A_snR57,YPL152W-A,snR57,0.0198557871247552,5
YPL152W-A_YOR161W-A,YPL152W-A,YOR161W-A,0.0755863147941559,5
YPL152W-A_YML007C-A,YPL152W-A,YML007C-A,0.0487725568612648,5
YPL152W-A_snR18,YPL152W-A,snR18,-0.10093751619798,5
YPL152W-A_YLR402W,YPL152W-A,YLR402W,0.0570937137967189,5
YPL152W-A_snR76,YPL152W-A,snR76,0.056360358795124,5
YPL152W-A_YEL008C-A,YPL152W-A,YEL008C-A,0.0819677345235597,5
YPL152W-A_snR69,YPL152W-A,snR69,-0.044209302378269,5
YPL152W-A_tT(UGU)H,YPL152W-A,tT(UGU)H,0.0504978263597312,5
YPL152W-A_YAR035C-A,YPL152W-A,YAR035C-A,0.0377770950208063,5
YPL152W-A_YDR461W,YPL152W-A,YDR461W,0.0245663322543562,5
YPL152W-A_YDL133C-A,YPL152W-A,YDL133C-A,0.0264816422092147,5
YPL152W-A_YGL063C-A,YPL152W-A,YGL063C-A,0.016584804430803,5
YPL152W-A_YGR174W-A,YPL152W-A,YGR174W-A,-0.0202972628999864,5
YPL152W-A_YPL189C-A,YPL152W-A,YPL189C-A,0.0568595613189335,5
YPL152W-A_snR24,YPL152W-A,snR24,0.0487741791153204,5
YPL152W-A_tR(CCG)L,YPL152W-A,tR(CCG)L,-0.0283438020528771,5
YPL152W-A_YMR194C-B,YPL152W-A,YMR194C-B,0.0164638031643563,5
YPL152W-A_YDR524W-C,YPL152W-A,YDR524W-C,0.0167665862719885,5
YPL152W-A_YHR022C-A,YPL152W-A,YHR022C-A,0.0220822299306478,5
YPL152W-A_YMR141W-A,YPL152W-A,YMR141W-A,0.0152145767492991,5
YPL152W-A_YDR524C-B,YPL152W-A,YDR524C-B,0.0452759953362739,5
YPL152W-A_YIL134C-A,YPL152W-A,YIL134C-A,0.0157841668082933,5
YPL152W-A_YLR099W-A,YPL152W-A,YLR099W-A,0.0419986970716801,5
YPL152W-A_YMR251W-A,YPL152W-A,YMR251W-A,0.0500251082149309,5
YPL152W-A_YOL038C-A,YPL152W-A,YOL038C-A,-0.0189120323699288,5
YPL152W-A_snR39,YPL152W-A,snR39,-0.0948254833590497,5
YPL152W-A_YGL007C-A,YPL152W-A,YGL007C-A,0.0429159331689006,5
YPL152W-A_snR39B,YPL152W-A,snR39B,0.107486706702842,5
YPL152W-A_snR79,YPL152W-A,snR79,0.113482889328823,5
YPL152W-A_YMR242W-A,YPL152W-A,YMR242W-A,0.0326019004038958,5
YHR073W-A_snR65,YHR073W-A,snR65,0.0138450112853325,5
YEL017C-A_YLR262C-A,YEL017C-A,YLR262C-A,0.0109831651623463,5
YPL189C-A_YLR262C-A,YPL189C-A,YLR262C-A,0.0152737454179481,5
YPL189C-A_YOR161W-A,YPL189C-A,YOR161W-A,0.0424182352500367,5
YPL189C-A_snR64,YPL189C-A,snR64,0.0302019623663245,5
YPL189C-A_YDR461W,YPL189C-A,YDR461W,0.0160801605624449,5
YPL189C-A_YEL017C-A,YPL189C-A,YEL017C-A,0.0256633564215479,5
YPL189C-A_YDR119W-A,YPL189C-A,YDR119W-A,0.0100325586925989,5
YPL189C-A_YDR524C-B,YPL189C-A,YDR524C-B,0.0306057501494702,5
YPL189C-A_YMR242W-A,YPL189C-A,YMR242W-A,0.0193232815562963,5
YPL189C-A_YPL135C-A,YPL189C-A,YPL135C-A,0.0337269838349396,5
YOR302W_YPR182W,YOR302W,YPR182W,0.046440460735094,5
YOR302W_YBR252W,YOR302W,YBR252W,0.0123406966303494,5
YOR302W_YLR062C,YOR302W,YLR062C,0.0137003763249898,5
YOR302W_snR77,YOR302W,snR77,0.0818148302475647,5
YOR302W_YLR402W,YOR302W,YLR402W,0.0452527828409737,5
YOR302W_YJL136W-A,YOR302W,YJL136W-A,0.0341817484550716,5
YOR302W_YDL061C,YOR302W,YDL061C,0.0467860797970947,5
YOR302W_YML129C,YOR302W,YML129C,0.0521263140752945,5
YOR302W_YJL127W-A,YOR302W,YJL127W-A,0.0241921743689467,5
YOR302W_YDR276C,YOR302W,YDR276C,0.0446975421278226,5
YOR302W_YNL097W-A,YOR302W,YNL097W-A,0.047992107456064,5
YOR302W_YMR272W-A,YOR302W,YMR272W-A,0.0975382009704956,5
YOR302W_YOR381W-A,YOR302W,YOR381W-A,0.0111421494832813,5
YOR302W_YJL052C-A,YOR302W,YJL052C-A,0.0237078314456748,5
YOR302W_snR75,YOR302W,snR75,0.0232242435969592,5
YOR302W_YKL023C-A,YOR302W,YKL023C-A,0.0137989951778453,5
YOR302W_YER053C-A,YOR302W,YER053C-A,0.0508027007847157,5
YOR302W_snR13,YOR302W,snR13,0.0162104292525101,5
YOR302W_YLR185W,YOR302W,YLR185W,0.0181267597333221,5
YOR302W_YMR013C-A,YOR302W,YMR013C-A,0.0135291753666585,5
YOR302W_YJR112W-A,YOR302W,YJR112W-A,0.015832267454241,5
YOR302W_YIL052C,YOR302W,YIL052C,0.0107066118968507,5
YOR302W_YGR105W,YOR302W,YGR105W,0.0177372916088763,5
YOR302W_YLR399W-A,YOR302W,YLR399W-A,0.0350329879564873,5
YOR302W_YNL190W,YOR302W,YNL190W,0.0100555121657638,5
snR24_YDR354C-A,snR24,YDR354C-A,0.0144474820996056,5
snR24_tP(UGG)Q,snR24,tP(UGG)Q,0.0193613985364076,5
snR24_YML058W,snR24,YML058W,0.0123906624825137,5
snR24_snR57,snR24,snR57,0.0101652449847441,5
snR24_YBL071C-B,snR24,YBL071C-B,0.0139667114859034,5
snR24_YGR063C,snR24,YGR063C,0.0126392267850175,5
snR24_YML007C-A,snR24,YML007C-A,0.0274609630713429,5
snR24_YGR068W-A,snR24,YGR068W-A,0.0201269812053128,5
snR24_YLR110C,snR24,YLR110C,0.0140166417246918,5
snR24_YIL156W-B,snR24,YIL156W-B,0.0166749589752574,5
snR24_YCL048W-A,snR24,YCL048W-A,0.0111530874173285,5
snR24_YGR169C-A,snR24,YGR169C-A,0.0115596505915914,5
snR24_tT(UGU)H,snR24,tT(UGU)H,0.0300997733117007,5
snR24_YOR314W-A,snR24,YOR314W-A,0.0109709825734321,5
snR24_snR71,snR24,snR71,0.0159756865550836,5
snR24_YNR003W-A,snR24,YNR003W-A,0.0102577718595065,5
snR24_YPR036W-A,snR24,YPR036W-A,0.0154295409692133,5
snR24_YMR122W-A,snR24,YMR122W-A,0.0168933343803859,5
snR24_YAR035C-A,snR24,YAR035C-A,0.0156776177921152,5
snR24_YMR002W,snR24,YMR002W,0.0184632468063223,5
snR24_snR128,snR24,snR128,0.0252064480605772,5
snR24_YDR476C,snR24,YDR476C,0.0110981123819407,5
snR24_tE(UUC)Q,snR24,tE(UUC)Q,0.0193613985364075,5
snR24_YPL037C,snR24,YPL037C,0.011395822126683,5
snR24_YCL057C-A,snR24,YCL057C-A,0.0128609833515425,5
snR24_tS(UGA)Q2,snR24,tS(UGA)Q2,0.0102363302658736,5
snR24_YBR230W-A,snR24,YBR230W-A,0.0126629873266071,5
snR24_YGR236C,snR24,YGR236C,0.0156110087453457,5
snR24_YKL096W-A,snR24,YKL096W-A,0.0179275763232998,5
snR24_YEL017C-A,snR24,YEL017C-A,0.0200440050856316,5
snR24_YBR162W-A,snR24,YBR162W-A,0.010409572098147,5
snR24_tM(CAU)Q2,snR24,tM(CAU)Q2,0.0139299838334282,5
snR24_YDR210W,snR24,YDR210W,0.0184087931692084,5
snR24_snR81,snR24,snR81,0.0115834264964267,5
snR24_YOR146W,snR24,YOR146W,0.0110914994813785,5
snR24_tV(UAC)Q,snR24,tV(UAC)Q,0.0166650767105626,5
snR24_YLL018C-A,snR24,YLL018C-A,0.0153385851822529,5
snR24_YBR056C-B,snR24,YBR056C-B,0.019208780883075,5
snR24_YLR286W-A,snR24,YLR286W-A,0.0191041971393218,5
snR24_YHR022C-A,snR24,YHR022C-A,0.0109853328736997,5
snR24_YDL181W,snR24,YDL181W,0.0108813459696095,5
snR24_YBR016W,snR24,YBR016W,0.0152529557583043,5
snR24_YEL059C-A,snR24,YEL059C-A,0.0134934246414693,5
snR24_YDR524C-B,snR24,YDR524C-B,0.0256101235967862,5
snR24_YMR256C,snR24,YMR256C,0.0147004642323465,5
snR24_YDR482C,snR24,YDR482C,0.0109115283707929,5
snR24_tR(CCU)J,snR24,tR(CCU)J,-0.0166619097252703,5
snR24_snR8,snR24,snR8,0.0170531619669326,5
snR24_YJR114W,snR24,YJR114W,0.0167772543183856,5
snR24_YDR377W,snR24,YDR377W,0.010909862063719,5
snR24_YPL096C-A,snR24,YPL096C-A,0.0157983301334761,5
snR24_YLR099W-A,snR24,YLR099W-A,0.0248288444028702,5
snR24_YMR251W-A,snR24,YMR251W-A,0.025387319859211,5
snR24_YJR085C,snR24,YJR085C,0.0136729377288181,5
snR24_YGR161W-C,snR24,YGR161W-C,0.0156047315370543,5
snR24_YGL007C-A,snR24,YGL007C-A,0.0224101193429245,5
snR24_YJL064W,snR24,YJL064W,0.0135639939533864,5
snR24_YLL019W-A,snR24,YLL019W-A,0.0178632889208203,5
snR24_YLR204W,snR24,YLR204W,0.0126863513010939,5
snR24_YPL271W,snR24,YPL271W,0.0132772838894294,5
snR24_YLR287C-A,snR24,YLR287C-A,0.0102065957666042,5
YMR182W-A_YDL232W,YMR182W-A,YDL232W,0.148383067503852,5
YJR151W-A_tQ(UUG)B,YJR151W-A,tQ(UUG)B,0.0390254309485563,5
YJR151W-A_snR77,YJR151W-A,snR77,-0.140441749131388,5
YJR151W-A_YDL232W,YJR151W-A,YDL232W,0.237153575899765,5
YJR151W-A_YPR160W-A,YJR151W-A,YPR160W-A,0.0780640396032058,5
YJR151W-A_tL(GAG)G,YJR151W-A,tL(GAG)G,0.0229848565689727,5
YJR151W-A_YKL156C-A,YJR151W-A,YKL156C-A,0.126449336633129,5
YJR151W-A_YOR335W-A,YJR151W-A,YOR335W-A,0.024133244920785,5
YJR151W-A_YDL247W-A,YJR151W-A,YDL247W-A,0.0520893987866562,5
YJR151W-A_YMR272W-A,YJR151W-A,YMR272W-A,-0.120928654842826,5
YJR151W-A_YFR012W-A,YJR151W-A,YFR012W-A,0.0288060652865303,5
YJR151W-A_tR(ACG)Q2,YJR151W-A,tR(ACG)Q2,0.0348177337677426,5
YJR151W-A_tC(GCA)Q,YJR151W-A,tC(GCA)Q,0.0312029445073456,5
YJR151W-A_tR(ACG)J,YJR151W-A,tR(ACG)J,0.0368400892971489,5
YJR151W-A_YLR299C-A,YJR151W-A,YLR299C-A,0.0899313383910103,5
YBR141W-A_YKL106C-A,YBR141W-A,YKL106C-A,0.0845453913000988,5
YBR141W-A_YDL232W,YBR141W-A,YDL232W,0.184730755324707,5
YBR141W-A_YCR024C-A,YBR141W-A,YCR024C-A,0.0589765099856674,5
YBR141W-A_YLR154W-F,YBR141W-A,YLR154W-F,0.0545917647483195,5
YLL018C-A_YGR068W-A,YLL018C-A,YGR068W-A,0.0138025386451706,5
YBR056C-B_YIL156W-B,YBR056C-B,YIL156W-B,0.0105158560301645,5
YBR056C-B_YMR002W,YBR056C-B,YMR002W,0.0109240230919128,5
YBR056C-B_snR24,YBR056C-B,snR24,0.0199149722508782,5
YBR056C-B_YLL018C-A,YBR056C-B,YLL018C-A,0.0102789357535509,5
YBR056C-B_YLR286W-A,YBR056C-B,YLR286W-A,0.0114430938613648,5
YLR286W-A_YMR002W,YLR286W-A,YMR002W,0.0102920108738075,5
YLR286W-A_snR24,YLR286W-A,snR24,0.0191064472990552,5
YLR286W-A_YBR056C-B,YLR286W-A,YBR056C-B,0.0111324122084937,5
YLR286W-A_YLR099W-A,YLR286W-A,YLR099W-A,0.0130841186234293,5
YER053C-A_YBR252W,YER053C-A,YBR252W,0.0101556083670538,5
YER053C-A_YLR062C,YER053C-A,YLR062C,0.0112752730064337,5
YER053C-A_YJL136W-A,YER053C-A,YJL136W-A,0.0276653145083095,5
YER053C-A_YML129C,YER053C-A,YML129C,0.0428460806551371,5
YER053C-A_YJL127W-A,YER053C-A,YJL127W-A,0.0196024469301477,5
YER053C-A_YNL097W-A,YER053C-A,YNL097W-A,0.0401805562592,5
YER053C-A_snR40,YER053C-A,snR40,0.0296499661838522,5
YER053C-A_snR75,YER053C-A,snR75,0.0188855103761009,5
YER053C-A_YOR302W,YER053C-A,YOR302W,0.0546714601939399,5
YER053C-A_YKL023C-A,YER053C-A,YKL023C-A,0.0114214497196383,5
YER053C-A_snR13,YER053C-A,snR13,0.0132157218345148,5
YER053C-A_YLR185W,YER053C-A,YLR185W,0.0149593704107989,5
YER053C-A_YJR112W-A,YER053C-A,YJR112W-A,0.0130822124388826,5
YER053C-A_YGR105W,YER053C-A,YGR105W,0.0145163867830367,5
YER053C-A_YLR399W-A,YER053C-A,YLR399W-A,0.0290957169387682,5
YDR524C-B_YLR262C-A,YDR524C-B,YLR262C-A,0.0117114533503431,5
YDR524C-B_YDR461W,YDR524C-B,YDR461W,0.0126405230395237,5
YDR524C-B_YMR251W-A,YDR524C-B,YMR251W-A,0.0232583488869886,5
YLR163W-A_YOR376W-A,YLR163W-A,YOR376W-A,0.0101032650148355,5
YLR163W-A_YLR149C-A,YLR163W-A,YLR149C-A,0.0132842739046991,5
YLR163W-A_YLR347W-A,YLR163W-A,YLR347W-A,0.0115661205022994,5
YLR163W-A_YDR371C-A,YLR163W-A,YDR371C-A,0.0115838146455131,5
YLR163W-A_YJL077W-A,YLR163W-A,YJL077W-A,0.0206976517376964,5
YBR191W-A_YDL184C,YBR191W-A,YDL184C,-0.013911148872735,5
YBR191W-A_YMR182W-A,YBR191W-A,YMR182W-A,0.0146679170296688,5
YJL077W-A_snR54,YJL077W-A,snR54,0.0146757649331156,5
YJL077W-A_YLR149C-A,YJL077W-A,YLR149C-A,0.0174446367538707,5
YJL077W-A_YLR347W-A,YJL077W-A,YLR347W-A,0.0144402054220543,5
YJL077W-A_YNL103W-A,YJL077W-A,YNL103W-A,0.0219995176518689,5
YJL077W-A_YOR186C-A,YJL077W-A,YOR186C-A,0.0107598340706376,5
YJL077W-A_YLR163W-A,YJL077W-A,YLR163W-A,0.021043789111074,5
YJL077W-A_YOL155W-A,YJL077W-A,YOL155W-A,0.0108254280395407,5
YJL077W-A_YDR371C-A,YJL077W-A,YDR371C-A,0.0146060140811675,5
YCR047W-A_YCR038W-A,YCR047W-A,YCR038W-A,0.0192162028647716,5
YCR047W-A_snR87,YCR047W-A,snR87,0.0271631960291241,5
YCR047W-A_YHR072W-A,YCR047W-A,YHR072W-A,0.0108797733737608,5
YCR047W-A_YHR073W-A,YCR047W-A,YHR073W-A,0.0197286357117608,5
YCR047W-A_YGR174W-A,YCR047W-A,YGR174W-A,0.0116315828335264,5
YCR047W-A_tR(CCG)L,YCR047W-A,tR(CCG)L,0.0155310108770942,5
YCR047W-A_YPR133W-A,YCR047W-A,YPR133W-A,0.0113459517851435,5
YCR047W-A_YDL025W-A,YCR047W-A,YDL025W-A,0.0102197237419936,5
YCR047W-A_snR59,YCR047W-A,snR59,0.0170319175627329,5
YCR047W-A_YOR167C,YCR047W-A,YOR167C,0.0116709023970444,5
YCR047W-A_YHL015W-A,YCR047W-A,YHL015W-A,0.023557392717022,5
YLR099W-A_YPR036W-A,YLR099W-A,YPR036W-A,0.0128352880190095,5
YLR099W-A_YKL096W-A,YLR099W-A,YKL096W-A,0.0149012901871426,5
YLR099W-A_YDR210W,YLR099W-A,YDR210W,0.0153167421364304,5
YLR099W-A_snR8,YLR099W-A,snR8,0.0140703449021678,5
YMR251W-A_YOR161W-A,YMR251W-A,YOR161W-A,0.0378516417035947,5
YMR251W-A_YML007C-A,YMR251W-A,YML007C-A,0.0247066436391641,5
YMR251W-A_YAR035C-A,YMR251W-A,YAR035C-A,0.0187592247133573,5
YMR251W-A_YHR022C-A,YMR251W-A,YHR022C-A,0.0110863556102422,5
YMR251W-A_YMR242W-A,YMR251W-A,YMR242W-A,0.0163001955971012,5
YGR161W-C_YGR068W-A,YGR161W-C,YGR068W-A,0.0125738941195515,5
snR39_YKL106C-A,snR39,YKL106C-A,0.0991870233775721,5
snR39_YDL232W,snR39,YDL232W,0.210629688473001,5
snR39_snR18,snR39,snR18,0.172256436771327,5
snR39_snR69,snR39,snR69,0.0750620858564518,5
snR39_snR70,snR39,snR70,0.015140303282789,5
snR39_YDL025W-A,snR39,YDL025W-A,0.028734900199606,5
snR39_YCR047W-A,snR39,YCR047W-A,0.0636720788435957,5
YHL015W-A_YCR038W-A,YHL015W-A,YCR038W-A,0.0171472773764677,5
YHL015W-A_snR59,YHL015W-A,snR59,0.0149594796806257,5
YHL015W-A_YOR167C,YHL015W-A,YOR167C,0.0101240631601871,5
YGL007C-A_tR(CCU)J,YGL007C-A,tR(CCU)J,-0.0200158396006537,5
YGL007C-A_snR78,YGL007C-A,snR78,-0.0106043513432651,5
snR39B_snR76,snR39B,snR76,0.0754714593346174,5
snR39B_YEL008C-A,snR39B,YEL008C-A,0.102669399034127,5
snR39B_YDL133C-A,snR39B,YDL133C-A,0.0352040235020178,5
snR39B_YPL152W-A,snR39B,YPL152W-A,0.106497615137477,5
snR39B_YPL189C-A,snR39B,YPL189C-A,0.0685604662795593,5
snR39B_YMR194C-B,snR39B,YMR194C-B,0.0203588272417577,5
snR39B_YDR524W-C,snR39B,YDR524W-C,0.0218914930509811,5
snR39B_YMR141W-A,snR39B,YMR141W-A,0.0208421368985172,5
snR39B_snR79,snR39B,snR79,0.159208523324648,5
YCR024C-A_snR87,YCR024C-A,snR87,0.0267045307111121,5
YCR024C-A_YER090C-A,YCR024C-A,YER090C-A,0.0168396761722648,5
YCR024C-A_snR50,YCR024C-A,snR50,0.0172434188045012,5
YCR024C-A_YDL067C,YCR024C-A,YDL067C,0.0169550712843896,5
YCR024C-A_YBR141W-A,YCR024C-A,YBR141W-A,0.0556873416241777,5
YCR024C-A_YLR438C-A,YCR024C-A,YLR438C-A,0.0168842193775489,5
YCR024C-A_snR55,YCR024C-A,snR55,0.0165029169481261,5
YCR024C-A_YKL100W-A,YCR024C-A,YKL100W-A,0.0216912830094693,5
YCR024C-A_YLR154W-F,YCR024C-A,YLR154W-F,0.0300720604937771,5
YCR024C-A_YBR126W-A,YCR024C-A,YBR126W-A,0.0193542969996143,5
YCR024C-A_YPL135C-A,YCR024C-A,YPL135C-A,0.0285881051367109,5
YLR299C-A_YKL156C-A,YLR299C-A,YKL156C-A,0.0607362035284818,5
YLR299C-A_YDL247W-A,YLR299C-A,YDL247W-A,0.0218470287304385,5
snR79_YLR262C-A,snR79,YLR262C-A,0.0373428362793254,5
snR79_YBR072C-A,snR79,YBR072C-A,0.0139124058764285,5
snR79_snR54,snR79,snR54,0.0427780329575624,5
snR79_YOL164W-A,snR79,YOL164W-A,0.0111858979574151,5
snR79_snR76,snR79,snR76,0.0993158355503312,5
snR79_YLR149C-A,snR79,YLR149C-A,0.0497004498737557,5
snR79_YEL008C-A,snR79,YEL008C-A,0.122978956176322,5
snR79_snR64,snR79,snR64,0.0797507690257347,5
snR79_YFL017W-A,snR79,YFL017W-A,0.0104786272665376,5
snR79_snR60,snR79,snR60,0.0193859952224826,5
snR79_YKL156C-A,snR79,YKL156C-A,0.129479030477439,5
snR79_YPL135W,snR79,YPL135W,0.0112906852914238,5
snR79_YDR461W,snR79,YDR461W,0.0457160322482327,5
snR79_YNL103W-A,snR79,YNL103W-A,0.0557133406838987,5
snR79_YER091C-A,snR79,YER091C-A,0.0164284859138782,5
snR79_tV(AAC)O,snR79,tV(AAC)O,-0.179941399177997,5
snR79_YBR113W,snR79,YBR113W,0.0124182870473908,5
snR79_YDL133C-A,snR79,YDL133C-A,0.0453483280044163,5
snR79_YPL152W-A,snR79,YPL152W-A,0.113253541374104,5
snR79_YEL017C-A,snR79,YEL017C-A,0.0556082605770943,5
snR79_YBR131C-A,snR79,YBR131C-A,0.0214555024760115,5
snR79_YOR186C-A,snR79,YOR186C-A,0.0283204377229379,5
snR79_YPL189C-A,snR79,YPL189C-A,0.0768808067857443,5
snR79_YMR194C-B,snR79,YMR194C-B,0.0247237587787506,5
snR79_YDR524W-C,snR79,YDR524W-C,0.028126246090328,5
snR79_YMR141W-A,snR79,YMR141W-A,0.0273517065832522,5
snR79_YDR119W-A,snR79,YDR119W-A,0.0260810059955974,5
snR79_YLR163W-A,snR79,YLR163W-A,0.055500221162954,5
snR79_YOL155W-A,snR79,YOL155W-A,0.029466651006959,5
snR79_YDR371C-A,snR79,YDR371C-A,0.0359263481087957,5
snR79_YJL077W-A,snR79,YJL077W-A,0.0720304491363555,5
snR79_snR39B,snR79,snR39B,0.159744331064272,5
snR79_YMR158C-A,snR79,YMR158C-A,0.0121763629613375,5
snR79_snR4,snR79,snR4,0.0119691759935625,5
snR79_YMR242W-A,snR79,YMR242W-A,0.0451692125664527,5
YLR154W-F_YER090C-A,YLR154W-F,YER090C-A,0.016067129428017,5
YLR154W-F_snR50,YLR154W-F,snR50,0.0168332951283122,5
YLR154W-F_YDL067C,YLR154W-F,YDL067C,0.0164466992016152,5
YLR154W-F_YBR141W-A,YLR154W-F,YBR141W-A,0.053410708271837,5
YLR154W-F_YLR438C-A,YLR154W-F,YLR438C-A,0.0163984983329398,5
YLR154W-F_snR85,YLR154W-F,snR85,0.0164450907849598,5
YLR154W-F_snR55,YLR154W-F,snR55,0.0156606762768443,5
YLR154W-F_YKL100W-A,YLR154W-F,YKL100W-A,0.0202281586708591,5
YLR154W-F_YCR024C-A,YLR154W-F,YCR024C-A,0.0305700426979511,5
YLR154W-F_YBR126W-A,YLR154W-F,YBR126W-A,0.0184285804624122,5
YLR154W-F_YPL135C-A,YLR154W-F,YPL135C-A,0.0284366361199918,5
YDL114W-A_YKR057W,YDL114W-A,YKR057W,0.0101121389788282,5
YLR399W-A_YJL205C,YLR399W-A,YJL205C,0.0118656948292861,5
YLR399W-A_snR40,YLR399W-A,snR40,0.021303780799797,5
YLR399W-A_YLR264W,YLR399W-A,YLR264W,0.0105847710055454,5
YLR399W-A_YKR057W,YLR399W-A,YKR057W,0.0133291837969396,5
YLR399W-A_YDL114W-A,YLR399W-A,YDL114W-A,0.0135182895038679,5
YPL135C-A_YLR262C-A,YPL135C-A,YLR262C-A,0.0126413249285177,5
YPL135C-A_YDR354C-A,YPL135C-A,YDR354C-A,0.0172671573911385,5
YPL135C-A_YBL071C-B,YPL135C-A,YBL071C-B,0.0157062779034009,5
YPL135C-A_YGR068W-A,YPL135C-A,YGR068W-A,0.0257067022625489,5
YPL135C-A_YLR327C,YPL135C-A,YLR327C,0.0104810390779382,5
YPL135C-A_snR64,YPL135C-A,snR64,0.0283349601742938,5
YPL135C-A_YJL062W-A,YPL135C-A,YJL062W-A,0.0119897970757036,5
YPL135C-A_YDR461W,YPL135C-A,YDR461W,0.0125454057725254,5
YPL135C-A_snR128,YPL135C-A,snR128,0.0249342419259699,5
YPL135C-A_YCL057C-A,YPL135C-A,YCL057C-A,0.0122743061609449,5
YPL135C-A_YKL156W,YPL135C-A,YKL156W,0.0101174242139203,5
YPL135C-A_snR58,YPL135C-A,snR58,0.0134502614409028,5
YPL135C-A_snR40,YPL135C-A,snR40,0.0231836720654231,5
YPL135C-A_YML009C,YPL135C-A,YML009C,0.0103775708539485,5
YPL135C-A_YEL017C-A,YPL135C-A,YEL017C-A,0.021034628084982,5
YPL135C-A_YLR264W,YPL135C-A,YLR264W,0.0123044164373675,5
YPL135C-A_YER090C-A,YPL135C-A,YER090C-A,0.0132381842751162,5
YPL135C-A_snR50,YPL135C-A,snR50,0.0146963572566831,5
YPL135C-A_YOL097W-A,YPL135C-A,YOL097W-A,0.0131994195133626,5
YPL135C-A_snR81,YPL135C-A,snR81,0.0134339087902947,5
YPL135C-A_YDL067C,YPL135C-A,YDL067C,0.0154609653819717,5
YPL135C-A_YBR141W-A,YPL135C-A,YBR141W-A,0.0419273135136016,5
YPL135C-A_YLL018C-A,YPL135C-A,YLL018C-A,0.0188140210028767,5
YPL135C-A_YBR056C-B,YPL135C-A,YBR056C-B,0.018497874137972,5
YPL135C-A_YDL181W,YPL135C-A,YDL181W,0.0104172985674373,5
YPL135C-A_YBR126W-B,YPL135C-A,YBR126W-B,0.0130772214563574,5
YPL135C-A_YLR438C-A,YPL135C-A,YLR438C-A,0.0145348971838436,5
YPL135C-A_YDR482C,YPL135C-A,YDR482C,0.0107838805842641,5
YPL135C-A_snR85,YPL135C-A,snR85,0.0164453726994736,5
YPL135C-A_snR8,YPL135C-A,snR8,0.0179572172847738,5
YPL135C-A_YGR161W-C,YPL135C-A,YGR161W-C,0.016326810078723,5
YPL135C-A_YLR154W-F,YPL135C-A,YLR154W-F,0.0282696901474333,5
YPL135C-A_YER138W-A,YPL135C-A,YER138W-A,0.01675138950057,5
YKL106C-A_YEL032C-A,YKL106C-A,YEL032C-A,0.0850711105815829,6
YKL106C-A_RNA170,YKL106C-A,RNA170,0.0161785697945221,6
YKL106C-A_YJL205C,YKL106C-A,YJL205C,0.0333695242562282,6
YKL106C-A_YDL232W,YKL106C-A,YDL232W,0.118780095518413,6
YKL106C-A_snR18,YKL106C-A,snR18,0.117054572797856,6
YKL106C-A_YJL136W-A,YKL106C-A,YJL136W-A,0.0375195005033611,6
YKL106C-A_YBL006W-A,YKL106C-A,YBL006W-A,0.0371507721340918,6
YKL106C-A_snR87,YKL106C-A,snR87,0.0527740432059496,6
YKL106C-A_YKL162C-A,YKL106C-A,YKL162C-A,0.0226321961948922,6
YKL106C-A_YDL159W-A,YKL106C-A,YDL159W-A,0.0174726458155624,6
YKL106C-A_tF(GAA)Q,YKL106C-A,tF(GAA)Q,0.0216846776047155,6
YKL106C-A_YLR154W-E,YKL106C-A,YLR154W-E,0.0179775676273021,6
YKL106C-A_YPR169W-A,YKL106C-A,YPR169W-A,0.0210819894609716,6
YKL106C-A_YMR307C-A,YKL106C-A,YMR307C-A,0.013722893623329,6
YKL106C-A_YGL147C,YKL106C-A,YGL147C,0.0104304144690313,6
YKL106C-A_tV(AAC)O,YKL106C-A,tV(AAC)O,0.068755860445794,6
YKL106C-A_YDR246W-A,YKL106C-A,YDR246W-A,0.0113858711269006,6
YKL106C-A_snR74,YKL106C-A,snR74,0.0149255745098745,6
YKL106C-A_snR38,YKL106C-A,snR38,0.0142134478079316,6
YKL106C-A_tD(GUC)N,YKL106C-A,tD(GUC)N,0.0135220201693362,6
YKL106C-A_YHR073W-A,YKL106C-A,YHR073W-A,0.0368364296525142,6
YKL106C-A_YGR174W-A,YKL106C-A,YGR174W-A,0.0216433773084878,6
YKL106C-A_tR(CCG)L,YKL106C-A,tR(CCG)L,0.0315803006879224,6
YKL106C-A_YMR182W-A,YKL106C-A,YMR182W-A,0.0375734025776495,6
YKL106C-A_YNL015W,YKL106C-A,YNL015W,0.0135409637152923,6
YKL106C-A_YBR141W-A,YKL106C-A,YBR141W-A,0.0853362819317667,6
YKL106C-A_snR6,YKL106C-A,snR6,0.0107699955048603,6
YKL106C-A_snR46,YKL106C-A,snR46,0.0116473253569772,6
YKL106C-A_YBR221W-A,YKL106C-A,YBR221W-A,0.0131164976239206,6
YKL106C-A_tL(UAA)Q,YKL106C-A,tL(UAA)Q,0.0113791134595737,6
YKL106C-A_snR72,YKL106C-A,snR72,0.0186846322450727,6
YKL106C-A_YGL188C-A,YKL106C-A,YGL188C-A,0.0224556842714277,6
YKL106C-A_YBR196C-B,YKL106C-A,YBR196C-B,0.0149556531278982,6
YKL106C-A_tN(GUU)Q,YKL106C-A,tN(GUU)Q,0.0236090532118348,6
YKL106C-A_tR(CCU)J,YKL106C-A,tR(CCU)J,0.040900896994474,6
YKL106C-A_snR65,YKL106C-A,snR65,0.0302261793697405,6
YKL106C-A_YDL025W-A,YKL106C-A,YDL025W-A,0.0171574277771623,6
YKL106C-A_snR59,YKL106C-A,snR59,0.0384272689117857,6
YKL106C-A_YNL144W-A,YKL106C-A,YNL144W-A,0.0288638625554842,6
YKL106C-A_YCR047W-A,YKL106C-A,YCR047W-A,0.046305693187875,6
YKL106C-A_YOL038C-A,YKL106C-A,YOL038C-A,0.0201196583689962,6
YKL106C-A_snR39,YKL106C-A,snR39,0.11364419043167,6
YKL106C-A_YNL162W-A,YKL106C-A,YNL162W-A,0.0109048565296676,6
YKL106C-A_YLR299C-A,YKL106C-A,YLR299C-A,0.0288497022566665,6
YKL106C-A_snR78,YKL106C-A,snR78,0.021643377308488,6
YPR182W_YGR068W-A,YPR182W,YGR068W-A,0.0223140435391716,6
YPR182W_YLR402W,YPR182W,YLR402W,0.0385062195386234,6
YPR182W_YIL156W-B,YPR182W,YIL156W-B,0.0143588252235195,6
YPR182W_YMR256C,YPR182W,YMR256C,0.0140824043600605,6
YPR182W_YDR482C,YPR182W,YDR482C,0.0109553658362937,6
YPR182W_YJL077W-A,YPR182W,YJL077W-A,0.015119939419661,6
YPR182W_YGR161W-C,YPR182W,YGR161W-C,0.0158278522926933,6
YPR182W_YJL064W,YPR182W,YJL064W,0.0118017608183139,6
YEL032C-A_snR189,YEL032C-A,snR189,0.0135372376549671,6
YEL032C-A_YKL106C-A,YEL032C-A,YKL106C-A,0.0870404463675029,6
YEL032C-A_YDL232W,YEL032C-A,YDL232W,0.154552924937784,6
YEL032C-A_snR18,YEL032C-A,snR18,0.133704279413843,6
YEL032C-A_snR87,YEL032C-A,snR87,0.0654197766036124,6
YEL032C-A_YDR034C-A,YEL032C-A,YDR034C-A,0.0229323617297886,6
YEL032C-A_snR69,YEL032C-A,snR69,0.0582548628324826,6
YEL032C-A_YLR154W-E,YEL032C-A,YLR154W-E,0.0225260168817033,6
YEL032C-A_YNL145W,YEL032C-A,YNL145W,0.0271822003776849,6
YEL032C-A_snR38,YEL032C-A,snR38,0.0197749489365029,6
YEL032C-A_YLL009C,YEL032C-A,YLL009C,0.0123632913485879,6
YEL032C-A_YBR141W-A,YEL032C-A,YBR141W-A,0.0804649011291895,6
YEL032C-A_YJL047C-A,YEL032C-A,YJL047C-A,0.0140203191423611,6
YEL032C-A_YPR133W-A,YEL032C-A,YPR133W-A,0.0254848841397212,6
YEL032C-A_YGR122C-A,YEL032C-A,YGR122C-A,0.0114997675618481,6
YEL032C-A_YDR118W-A,YEL032C-A,YDR118W-A,0.0201138430626025,6
YEL032C-A_YAL037C-A,YEL032C-A,YAL037C-A,0.019262258858153,6
YEL032C-A_snR53,YEL032C-A,snR53,0.0157392659361589,6
YEL032C-A_snR59,YEL032C-A,snR59,0.0498446213572834,6
YEL032C-A_snR39,YEL032C-A,snR39,0.140803499920914,6
YEL032C-A_YHL015W-A,YEL032C-A,YHL015W-A,0.062971864019301,6
tP(UGG)Q_YJL136W-A,tP(UGG)Q,YJL136W-A,-0.0255393411233937,6
tP(UGG)Q_snR76,tP(UGG)Q,snR76,0.0382342961634859,6
tP(UGG)Q_tF(GAA)Q,tP(UGG)Q,tF(GAA)Q,-0.0181614259176428,6
tP(UGG)Q_YOR314W-A,tP(UGG)Q,YOR314W-A,0.0216735891451509,6
tP(UGG)Q_snR71,tP(UGG)Q,snR71,0.0291738646960075,6
tP(UGG)Q_tV(AAC)O,tP(UGG)Q,tV(AAC)O,-0.0575846488235317,6
tP(UGG)Q_tE(UUC)Q,tP(UGG)Q,tE(UUC)Q,0.0494212765331312,6
tP(UGG)Q_YHR073C-B,tP(UGG)Q,YHR073C-B,0.027569676099916,6
tP(UGG)Q_YPL152W-A,tP(UGG)Q,YPL152W-A,0.0458895589917608,6
tP(UGG)Q_tM(CAU)Q2,tP(UGG)Q,tM(CAU)Q2,0.0355572239184764,6
tP(UGG)Q_snR24,tP(UGG)Q,snR24,0.0430416455619765,6
tP(UGG)Q_YGL007C-A,tP(UGG)Q,YGL007C-A,0.0381869503409346,6
tP(UGG)Q_YLR299C-A,tP(UGG)Q,YLR299C-A,-0.0194880835666575,6
tP(UGG)Q_YLR120W-A,tP(UGG)Q,YLR120W-A,0.0125741585471682,6
YOR161W-A_YAL037C-A,YOR161W-A,YAL037C-A,-0.0108899992718878,6
YJL205C_YER090C-A,YJL205C,YER090C-A,0.0147140025679952,6
snR77_YLR154W-F,snR77,YLR154W-F,0.0323986366504602,6
YGR068W-A_snR50,YGR068W-A,snR50,0.0129257828706893,6
YDL232W_snR189,YDL232W,snR189,0.0189987101712343,6
YDL232W_YKL106C-A,YDL232W,YKL106C-A,0.118292064384971,6
YDL232W_tY(GUA)Q,YDL232W,tY(GUA)Q,0.0119610932397708,6
YDL232W_YEL032C-A,YDL232W,YEL032C-A,0.150574396847096,6
YDL232W_YIL008W,YDL232W,YIL008W,0.013164071495201,6
YDL232W_YCR020W-B,YDL232W,YCR020W-B,0.012495881016891,6
YDL232W_tQ(UUG)B,YDL232W,tQ(UUG)B,0.0175724283215204,6
YDL232W_YJR140W-A,YDL232W,YJR140W-A,0.0114416529855488,6
YDL232W_snR18,YDL232W,snR18,0.197701933450775,6
YDL232W_YML054C-A,YDL232W,YML054C-A,0.0123238031580221,6
YDL232W_tS(GCU)Q1,YDL232W,tS(GCU)Q1,0.0109075507810731,6
YDL232W_snR87,YDL232W,snR87,0.087906925031628,6
YDL232W_YDR034C-A,YDL232W,YDR034C-A,0.028121050230274,6
YDL232W_snR69,YDL232W,snR69,0.0818217533486746,6
YDL232W_YDL159W-A,YDL232W,YDL159W-A,0.0295444108527672,6
YDL232W_tL(GAG)G,YDL232W,tL(GAG)G,0.0103496549486186,6
YDL232W_YLR154W-E,YDL232W,YLR154W-E,0.0311651260743523,6
YDL232W_YPR169W-A,YDL232W,YPR169W-A,0.033682184044046,6
YDL232W_YNL145W,YDL232W,YNL145W,0.0390726220124311,6
YDL232W_YBL073W,YDL232W,YBL073W,0.0123157592291436,6
YDL232W_tV(AAC)O,YDL232W,tV(AAC)O,0.107469556969156,6
YDL232W_YDL247W-A,YDL232W,YDL247W-A,0.0175846844864614,6
YDL232W_snR74,YDL232W,snR74,0.0271234886350127,6
YDL232W_YIR044C,YDL232W,YIR044C,0.013982896426236,6
YDL232W_snR38,YDL232W,snR38,0.0265421447140571,6
YDL232W_tD(GUC)N,YDL232W,tD(GUC)N,0.0236307247145197,6
YDL232W_YHR073W-A,YDL232W,YHR073W-A,0.0585868150681627,6
YDL232W_YGR174W-A,YDL232W,YGR174W-A,0.0366978862449936,6
YDL232W_YLL009C,YDL232W,YLL009C,0.0174263939828639,6
YDL232W_tR(CCG)L,YDL232W,tR(CCG)L,0.0530169632503817,6
YDL232W_YMR182W-A,YDL232W,YMR182W-A,0.0643317885934521,6
YDL232W_YNL015W,YDL232W,YNL015W,0.0211584117427657,6
YDL232W_YIL105W-A,YDL232W,YIL105W-A,0.0157902677600892,6
YDL232W_YBR141W-A,YDL232W,YBR141W-A,0.104598318329821,6
YDL232W_YJL047C-A,YDL232W,YJL047C-A,0.0203570548195095,6
YDL232W_tR(ACG)Q2,YDL232W,tR(ACG)Q2,0.0156777802596966,6
YDL232W_snR6,YDL232W,snR6,0.0168647156540677,6
YDL232W_tC(GCA)Q,YDL232W,tC(GCA)Q,0.0140501076464343,6
YDL232W_YBR221W-A,YDL232W,YBR221W-A,0.0212795854982077,6
YDL232W_YPR133W-A,YDL232W,YPR133W-A,0.0366397440836632,6
YDL232W_snR72,YDL232W,snR72,0.0326859415244401,6
YDL232W_YGR122C-A,YDL232W,YGR122C-A,0.0161224572444234,6
YDL232W_snR70,YDL232W,snR70,0.0126522830489038,6
YDL232W_YGL188C-A,YDL232W,YGL188C-A,0.0358149851266978,6
YDL232W_YBL107W-A,YDL232W,YBL107W-A,0.0121017131208408,6
YDL232W_tR(CCU)J,YDL232W,tR(CCU)J,0.0705893279760354,6
YDL232W_YLR264C-A,YDL232W,YLR264C-A,0.0108014906095077,6
YDL232W_YHR180C-B,YDL232W,YHR180C-B,0.0101840979541732,6
YDL232W_tS(CGA)C,YDL232W,tS(CGA)C,0.0131552018852854,6
YDL232W_YDR118W-A,YDL232W,YDR118W-A,0.0253439143276996,6
YDL232W_YAL037C-A,YDL232W,YAL037C-A,0.025046106371308,6
YDL232W_YDL025W-A,YDL232W,YDL025W-A,0.0267217326384751,6
YDL232W_snR59,YDL232W,snR59,0.0682258548877026,6
YDL232W_YNL144W-A,YDL232W,YNL144W-A,0.050701678371795,6
YDL232W_YOL038C-A,YDL232W,YOL038C-A,0.0335202751590127,6
YDL232W_snR39,YDL232W,snR39,0.200156495081639,6
YDL232W_YHL015W-A,YDL232W,YHL015W-A,0.0734221427812132,6
YDL232W_tR(ACG)J,YDL232W,tR(ACG)J,0.0165884094755014,6
YDL232W_snR78,YDL232W,snR78,0.0366978862449934,6
snR18_snR189,snR18,snR189,0.0190152075062606,6
snR18_YBL039W-B,snR18,YBL039W-B,0.0169607398153212,6
snR18_YKL106C-A,snR18,YKL106C-A,0.116800902429777,6
snR18_tY(GUA)Q,snR18,tY(GUA)Q,0.0136109026816757,6
snR18_YIL008W,snR18,YIL008W,0.0120998136749487,6
snR18_tP(UGG)Q,snR18,tP(UGG)Q,-0.093467852926542,6
snR18_tQ(UUG)B,snR18,tQ(UUG)B,0.0188024414579701,6
snR18_YDL232W,snR18,YDL232W,0.198742442901678,6
snR18_YJL136W-A,snR18,YJL136W-A,0.0604191608676686,6
snR18_snR56,snR18,snR56,0.0110226518626875,6
snR18_YML054C-A,snR18,YML054C-A,0.0133572291937983,6
snR18_tS(GCU)Q1,snR18,tS(GCU)Q1,0.0124120437154501,6
snR18_snR69,snR18,snR69,0.0811478715650294,6
snR18_YDL159W-A,snR18,YDL159W-A,0.0322870889442599,6
snR18_tF(GAA)Q,snR18,tF(GAA)Q,0.0408027126867507,6
snR18_tL(GAG)G,snR18,tL(GAG)G,0.0110740973143292,6
snR18_YLR154W-E,snR18,YLR154W-E,0.0306757019759273,6
snR18_YPR169W-A,snR18,YPR169W-A,0.0379090250521047,6
snR18_YNL145W,snR18,YNL145W,0.0409142598628539,6
snR18_YBL073W,snR18,YBL073W,0.0125038445903339,6
snR18_tV(AAC)O,snR18,tV(AAC)O,0.129373643692083,6
snR18_YDR246W-A,snR18,YDR246W-A,0.0193527599128495,6
snR18_YDL247W-A,snR18,YDL247W-A,0.0186730476618893,6
snR18_snR74,snR18,snR74,0.0296242514445642,6
snR18_tE(UUC)Q,snR18,tE(UUC)Q,-0.093467852926542,6
snR18_YIR044C,snR18,YIR044C,0.0156502720078006,6
snR18_snR38,snR18,snR38,0.0242719084601984,6
snR18_tD(GUC)N,snR18,tD(GUC)N,0.0261801788924278,6
snR18_YHR073W-A,snR18,YHR073W-A,0.0639246599084177,6
snR18_YFR012W-A,snR18,YFR012W-A,0.0103264203960184,6
snR18_YGR174W-A,snR18,YGR174W-A,0.0420103946224825,6
snR18_YLL009C,snR18,YLL009C,0.0178112080387802,6
snR18_tM(CAU)Q2,snR18,tM(CAU)Q2,-0.0672475016597418,6
snR18_tR(CCG)L,snR18,tR(CCG)L,0.0612569420833314,6
snR18_YMR182W-A,snR18,YMR182W-A,0.0716194410405774,6
snR18_YNL015W,snR18,YNL015W,0.0221805987904165,6
snR18_YIL105W-A,snR18,YIL105W-A,0.0187223534448912,6
snR18_YJL047C-A,snR18,YJL047C-A,0.0218877016896558,6
snR18_tR(ACG)Q2,snR18,tR(ACG)Q2,0.0167751741609245,6
snR18_snR6,snR18,snR6,0.0193185086623931,6
snR18_tC(GCA)Q,snR18,tC(GCA)Q,0.0150335697301852,6
snR18_YBR221W-A,snR18,YBR221W-A,0.0251830122177878,6
snR18_tL(UAA)Q,snR18,tL(UAA)Q,0.0217026831661446,6
snR18_YPR133W-A,snR18,YPR133W-A,0.0391559713787483,6
snR18_snR72,snR18,snR72,0.0367624016998533,6
snR18_YGR122C-A,snR18,YGR122C-A,0.0162362806051794,6
snR18_YMR230W-A,snR18,YMR230W-A,0.0121131771587426,6
snR18_YGL188C-A,snR18,YGL188C-A,0.041253091946866,6
snR18_YBL107W-A,snR18,YBL107W-A,0.0139825814192086,6
snR18_tN(GUU)Q,snR18,tN(GUU)Q,0.0450280949855568,6
snR18_tR(CCU)J,snR18,tR(CCU)J,0.0800593154939295,6
snR18_YHR180C-B,snR18,YHR180C-B,0.0114360106162732,6
snR18_tS(CGA)C,snR18,tS(CGA)C,0.0149697163151481,6
snR18_snR65,snR18,snR65,0.0530865541533385,6
snR18_YDL025W-A,snR18,YDL025W-A,0.0279291766111226,6
snR18_snR59,snR18,snR59,0.0655033166741889,6
snR18_YNL144W-A,snR18,YNL144W-A,0.0564951257283173,6
snR18_YOL038C-A,snR18,YOL038C-A,0.0387035233451834,6
snR18_snR39,snR18,snR39,0.206599166562072,6
snR18_tR(ACG)J,snR18,tR(ACG)J,0.0177495444759889,6
snR18_YLR299C-A,snR18,YLR299C-A,0.047837628083007,6
snR18_snR78,snR18,snR78,0.0420103946224826,6
snR18_YOL083C-A,snR18,YOL083C-A,0.0103351512790384,6
YGL006W-A_YLR163W-A,YGL006W-A,YLR163W-A,0.0131796762283636,6
YLR402W_YPR182W,YLR402W,YPR182W,0.0387224446109973,6
YLR402W_YLR315W,YLR402W,YLR315W,0.010681613279081,6
YLR402W_YDR511W,YLR402W,YDR511W,0.0100157336113256,6
YLR402W_YLR262C-A,YLR402W,YLR262C-A,0.0148677567876032,6
YLR402W_YML058W,YLR402W,YML058W,0.0142444652638966,6
YLR402W_YGR063C,YLR402W,YGR063C,0.0134599119618231,6
YLR402W_YML007C-A,YLR402W,YML007C-A,0.0318263051558254,6
YLR402W_YLR110C,YLR402W,YLR110C,0.0157892985963407,6
YLR402W_YLR149C-A,YLR402W,YLR149C-A,0.0104557444476692,6
YLR402W_YEL008C-A,YLR402W,YEL008C-A,0.0460545872354444,6
YLR402W_YLR327C,YLR402W,YLR327C,0.0141950830978493,6
YLR402W_YCL048W-A,YLR402W,YCL048W-A,0.0129288131658344,6
YLR402W_YGR169C-A,YLR402W,YGR169C-A,0.0154967964145484,6
YLR402W_YDR276C,YLR402W,YDR276C,0.034074599043876,6
YLR402W_YOL077W-A,YLR402W,YOL077W-A,0.0101961948637519,6
YLR402W_YPR036W-A,YLR402W,YPR036W-A,0.0165780803887634,6
YLR402W_YMR122W-A,YLR402W,YMR122W-A,0.0204838934481092,6
YLR402W_YNL097W-A,YLR402W,YNL097W-A,0.0425102081245296,6
YLR402W_YMR002W,YLR402W,YMR002W,0.021180531191271,6
YLR402W_YDR461W,YLR402W,YDR461W,0.02154942729679,6
YLR402W_snR128,YLR402W,snR128,0.0366560953511731,6
YLR402W_YBR223W-A,YLR402W,YBR223W-A,0.0102471485888574,6
YLR402W_YPL037C,YLR402W,YPL037C,0.0136330285231731,6
YLR402W_YCL057C-A,YLR402W,YCL057C-A,0.0170711666064084,6
YLR402W_YBR230W-A,YLR402W,YBR230W-A,0.0144823656723274,6
YLR402W_YGR236C,YLR402W,YGR236C,0.0180961313823357,6
YLR402W_YEL017C-A,YLR402W,YEL017C-A,0.025714440715524,6
YLR402W_YER153C,YLR402W,YER153C,0.010077320037045,6
YLR402W_YBR162W-A,YLR402W,YBR162W-A,0.0127312793593097,6
YLR402W_YPL189C-A,YLR402W,YPL189C-A,0.0503831901098523,6
YLR402W_YOR302W,YLR402W,YOR302W,0.0597665270787718,6
YLR402W_YDR210W,YLR402W,YDR210W,0.0241048834810569,6
YLR402W_YHR022C-A,YLR402W,YHR022C-A,0.0110453145287426,6
YLR402W_YBR016W,YLR402W,YBR016W,0.0171862107718352,6
YLR402W_YEL059C-A,YLR402W,YEL059C-A,0.0154752344834883,6
YLR402W_YDR524C-B,YLR402W,YDR524C-B,0.0351767714921897,6
YLR402W_YMR256C,YLR402W,YMR256C,0.0199654805221785,6
YLR402W_tX(XXX)D,YLR402W,tX(XXX)D,0.0109822650374167,6
YLR402W_YJR114W,YLR402W,YJR114W,0.0190522648332213,6
YLR402W_YDR377W,YLR402W,YDR377W,0.0143592536943668,6
YLR402W_YNR042W,YLR402W,YNR042W,0.0116531499997541,6
YLR402W_YJL077W-A,YLR402W,YJL077W-A,0.0213334296832945,6
YLR402W_YLR099W-A,YLR402W,YLR099W-A,0.0310166531768727,6
YLR402W_YJR085C,YLR402W,YJR085C,0.0173319306016629,6
YLR402W_snR39B,YLR402W,snR39B,0.0617073186634608,6
YLR402W_YDL032W,YLR402W,YDL032W,0.0100474165916618,6
YLR402W_snR79,YLR402W,snR79,0.0756236490363371,6
YLR402W_YPL271W,YLR402W,YPL271W,0.0163773542197409,6
YLR402W_YLR287C-A,YLR402W,YLR287C-A,0.012023908389138,6
YLR402W_YIL087C,YLR402W,YIL087C,0.0101953187979869,6
YLR402W_YPL135C-A,YLR402W,YPL135C-A,0.0405684183565242,6
YBL006W-A_YJL205C,YBL006W-A,YJL205C,0.0155071910686444,6
YBL006W-A_YCR038W-A,YBL006W-A,YCR038W-A,0.0248804749104897,6
YBL006W-A_YER090C-A,YBL006W-A,YER090C-A,0.0161662146272394,6
YBL006W-A_YCR047W-A,YBL006W-A,YCR047W-A,0.0203202395071925,6
snR76_snR71,snR76,snR71,0.0301477036572618,6
snR76_YHR073C-B,snR76,YHR073C-B,0.028470329346156,6
snR76_snR24,snR76,snR24,0.0474371007139132,6
snR76_snR51,snR76,snR51,0.0155360098236845,6
snR76_YKL100W-A,snR76,YKL100W-A,0.0308638513220865,6
snR76_YDL114W-A,snR76,YDL114W-A,0.0254343331162647,6
snR87_YEL032C-A,snR87,YEL032C-A,0.0639929585590412,6
snR87_snR69,snR87,snR69,0.033165880906711,6
YEL008C-A_snR39B,YEL008C-A,snR39B,0.0607436855172995,6
snR69_YOR161W-A,snR69,YOR161W-A,-0.0272902445819733,6
snR69_YDR034C-A,snR69,YDR034C-A,0.0115897837849791,6
snR69_YHR072W-A,snR69,YHR072W-A,0.0114296425679666,6
snR69_YDR118W-A,snR69,YDR118W-A,0.0105521233468787,6
snR69_YAL037C-A,snR69,YAL037C-A,0.0108297964348286,6
YDR276C_YKL096W-A,YDR276C,YKL096W-A,0.0146669334919364,6
snR64_snR40,snR64,snR40,0.020301654776656,6
snR64_YBR056C-B,snR64,YBR056C-B,0.0119745137711899,6
snR64_snR85,snR64,snR85,0.0124813419677646,6
snR64_YCR024C-A,snR64,YCR024C-A,0.0227483886674365,6
snR64_YER138W-A,snR64,YER138W-A,0.0108237299526164,6
YJL062W-A_YKL156C-A,YJL062W-A,YKL156C-A,0.0125753620263502,6
YMR122W-A_YML007C-A,YMR122W-A,YML007C-A,0.0125353633722261,6
YNL097W-A_YOR302W,YNL097W-A,YOR302W,0.0509445103146713,6
YNL097W-A_YBR141W-A,YNL097W-A,YBR141W-A,0.0559658199717338,6
YKL156C-A_YDR354C-A,YKL156C-A,YDR354C-A,0.016568195535609,6
YKL156C-A_YBL071C-B,YKL156C-A,YBL071C-B,0.0145178862531374,6
YKL156C-A_snR77,YKL156C-A,snR77,0.014461819021032,6
YKL156C-A_YGR068W-A,YKL156C-A,YGR068W-A,0.0202562162683249,6
YKL156C-A_YGL006W-A,YKL156C-A,YGL006W-A,0.0101484951686582,6
YKL156C-A_YDL061C,YKL156C-A,YDL061C,0.0144149836475615,6
YKL156C-A_YML129C,YKL156C-A,YML129C,0.0170843176080246,6
YKL156C-A_snR64,YKL156C-A,snR64,0.0210355656923654,6
YKL156C-A_YJL062W-A,YKL156C-A,YJL062W-A,0.0125391118378801,6
YKL156C-A_snR58,YKL156C-A,snR58,0.0129977709617573,6
YKL156C-A_snR40,YKL156C-A,snR40,0.0242021017822135,6
YKL156C-A_YLR388W,YKL156C-A,YLR388W,0.010014183030799,6
YKL156C-A_YLR264W,YKL156C-A,YLR264W,0.0121047823280802,6
YKL156C-A_snR50,YKL156C-A,snR50,0.0151183752729672,6
YKL156C-A_YOL097W-A,YKL156C-A,YOL097W-A,0.014243937316749,6
YKL156C-A_snR81,YKL156C-A,snR81,0.0107902839922204,6
YKL156C-A_YKR057W,YKL156C-A,YKR057W,0.0127357101581632,6
YKL156C-A_YDL067C,YKL156C-A,YDL067C,0.0153112795712646,6
YKL156C-A_YLL018C-A,YKL156C-A,YLL018C-A,0.0162116996873008,6
YKL156C-A_YBR056C-B,YKL156C-A,YBR056C-B,0.0145869373166015,6
YKL156C-A_YLR286W-A,YKL156C-A,YLR286W-A,0.0144621379092681,6
YKL156C-A_YBR126W-B,YKL156C-A,YBR126W-B,0.0108430672761647,6
YKL156C-A_YGL014C-A,YKL156C-A,YGL014C-A,0.0109266288009488,6
YKL156C-A_YLR438C-A,YKL156C-A,YLR438C-A,0.014601210818233,6
YKL156C-A_snR85,YKL156C-A,snR85,0.0147290275097374,6
YKL156C-A_snR8,YKL156C-A,snR8,0.0146064796978099,6
YKL156C-A_snR55,YKL156C-A,snR55,0.0129576009935551,6
YKL156C-A_YKL100W-A,YKL156C-A,YKL100W-A,0.0196787918660327,6
YKL156C-A_YCR024C-A,YKL156C-A,YCR024C-A,0.0284415100914968,6
YKL156C-A_YER138W-A,YKL156C-A,YER138W-A,0.0139451255584072,6
YKL156C-A_YBR126W-A,YKL156C-A,YBR126W-A,0.0131526229839464,6
YKL156C-A_YLR399W-A,YKL156C-A,YLR399W-A,0.0228751364595547,6
YDR461W_YML007C-A,YDR461W,YML007C-A,0.0133399717664583,6
YDR461W_tT(UGU)H,YDR461W,tT(UGU)H,0.0104376047540538,6
snR128_YGL006W-A,snR128,YGL006W-A,0.0133538828160655,6
snR128_YIL156W-B,snR128,YIL156W-B,0.0135186839632936,6
snR128_YNL103W-A,snR128,YNL103W-A,0.011226253817202,6
snR128_YLR286W-A,snR128,YLR286W-A,0.0164370569294088,6
snR128_YDR119W-A,snR128,YDR119W-A,0.0118590113852704,6
snR128_snR8,snR128,snR8,0.0170265820405499,6
snR128_YPL096C-A,snR128,YPL096C-A,0.0123783097770222,6
snR128_YDR371C-A,snR128,YDR371C-A,0.0108894111637202,6
snR128_YMR251W-A,snR128,YMR251W-A,0.0244793589746346,6
snR128_YGR161W-C,snR128,YGR161W-C,0.0149134622115362,6
tV(AAC)O_snR189,tV(AAC)O,snR189,0.010928903569744,6
tV(AAC)O_YBL039W-B,tV(AAC)O,YBL039W-B,0.0109095983753794,6
tV(AAC)O_tP(UGG)Q,tV(AAC)O,tP(UGG)Q,-0.0591613636120208,6
tV(AAC)O_YDL232W,tV(AAC)O,YDL232W,0.112266749340949,6
tV(AAC)O_snR18,tV(AAC)O,snR18,0.133663515541965,6
tV(AAC)O_YJL136W-A,tV(AAC)O,YJL136W-A,0.0405949040077884,6
tV(AAC)O_YDL159W-A,tV(AAC)O,YDL159W-A,0.0195466125863432,6
tV(AAC)O_tF(GAA)Q,tV(AAC)O,tF(GAA)Q,0.0258751405964113,6
tV(AAC)O_YPR169W-A,tV(AAC)O,YPR169W-A,0.0234239641871034,6
tV(AAC)O_YNL145W,tV(AAC)O,YNL145W,0.0240432774408883,6
tV(AAC)O_YDR246W-A,tV(AAC)O,YDR246W-A,0.0122122999859053,6
tV(AAC)O_YDL247W-A,tV(AAC)O,YDL247W-A,0.0109929035992489,6
tV(AAC)O_snR74,tV(AAC)O,snR74,0.017717024928722,6
tV(AAC)O_tE(UUC)Q,tV(AAC)O,tE(UUC)Q,-0.0591613636120216,6
tV(AAC)O_tD(GUC)N,tV(AAC)O,tD(GUC)N,0.0158439498133629,6
tV(AAC)O_YHR073W-A,tV(AAC)O,YHR073W-A,0.0390959574838208,6
tV(AAC)O_YGR174W-A,tV(AAC)O,YGR174W-A,0.0258569391779639,6
tV(AAC)O_YLL009C,tV(AAC)O,YLL009C,0.0104874886328558,6
tV(AAC)O_tR(CCG)L,tV(AAC)O,tR(CCG)L,0.0378861678221628,6
tV(AAC)O_YMR182W-A,tV(AAC)O,YMR182W-A,0.0435684225571541,6
tV(AAC)O_YNL015W,tV(AAC)O,YNL015W,0.0134098015357474,6
tV(AAC)O_YIL105W-A,tV(AAC)O,YIL105W-A,0.0117736823839146,6
tV(AAC)O_YJL047C-A,tV(AAC)O,YJL047C-A,0.0131383746167811,6
tV(AAC)O_snR6,tV(AAC)O,snR6,0.0120507669340163,6
tV(AAC)O_YBR221W-A,tV(AAC)O,YBR221W-A,0.0157879951192169,6
tV(AAC)O_tL(UAA)Q,tV(AAC)O,tL(UAA)Q,0.0137001531735654,6
tV(AAC)O_YPR133W-A,tV(AAC)O,YPR133W-A,0.0237278194982361,6
tV(AAC)O_snR72,tV(AAC)O,snR72,0.0223703141443035,6
tV(AAC)O_YGL188C-A,tV(AAC)O,YGL188C-A,0.0257014209596073,6
tV(AAC)O_tN(GUU)Q,tV(AAC)O,tN(GUU)Q,0.0284246788147515,6
tV(AAC)O_tR(CCU)J,tV(AAC)O,tR(CCU)J,0.0489722378055263,6
tV(AAC)O_snR65,tV(AAC)O,snR65,0.0343183278574237,6
tV(AAC)O_YNL144W-A,tV(AAC)O,YNL144W-A,0.0342356616706189,6
tV(AAC)O_YOL038C-A,tV(AAC)O,YOL038C-A,0.0239608944404964,6
tV(AAC)O_snR39,tV(AAC)O,snR39,0.121397089147496,6
tV(AAC)O_YLR299C-A,tV(AAC)O,YLR299C-A,0.0305940484764123,6
tV(AAC)O_snR78,tV(AAC)O,snR78,0.0258569391779637,6
tE(UUC)Q_tP(UGG)Q,tE(UUC)Q,tP(UGG)Q,0.0494212765331314,6
tE(UUC)Q_snR76,tE(UUC)Q,snR76,0.0382342961634859,6
tE(UUC)Q_YOR314W-A,tE(UUC)Q,YOR314W-A,0.0216735891451501,6
tE(UUC)Q_snR71,tE(UUC)Q,snR71,0.0291738646960077,6
tE(UUC)Q_YHR073C-B,tE(UUC)Q,YHR073C-B,0.0275696760999165,6
tE(UUC)Q_YPL152W-A,tE(UUC)Q,YPL152W-A,0.0458895589917605,6
tE(UUC)Q_tM(CAU)Q2,tE(UUC)Q,tM(CAU)Q2,0.0355572239184765,6
tE(UUC)Q_snR24,tE(UUC)Q,snR24,0.0430416455619762,6
tE(UUC)Q_tN(GUU)Q,tE(UUC)Q,tN(GUU)Q,-0.020126817857731,6
tE(UUC)Q_YGL007C-A,tE(UUC)Q,YGL007C-A,0.0381869503409345,6
tE(UUC)Q_YLR120W-A,tE(UUC)Q,YLR120W-A,0.0125741585471682,6
YDL184C_YJR151W-A,YDL184C,YJR151W-A,0.202039312685172,6
YHR073C-B_YDL114W-A,YHR073C-B,YDL114W-A,0.0206239877957023,6
snR40_YJL205C,snR40,YJL205C,0.0162877547521919,6
snR40_YCR038W-A,snR40,YCR038W-A,0.025379581517976,6
snR40_YDL061C,snR40,YDL061C,0.017177148198823,6
snR40_YBL006W-A,snR40,YBL006W-A,0.0176875568617136,6
snR40_YML129C,snR40,YML129C,0.0195865531679062,6
snR40_YKL162C-A,snR40,YKL162C-A,0.0104871050022803,6
snR40_YER090C-A,snR40,YER090C-A,0.0178653827760958,6
snR40_YKR057W,snR40,YKR057W,0.0162467199960852,6
snR40_snR85,snR40,snR85,0.0168440536773192,6
snR40_YCR047W-A,snR40,YCR047W-A,0.0224452927116977,6
snR40_YBR126W-A,snR40,YBR126W-A,0.0161514381684537,6
YKL096W-A_YML007C-A,YKL096W-A,YML007C-A,0.0142337227708732,6
YKL096W-A_tT(UGU)H,YKL096W-A,tT(UGU)H,0.0113660136729882,6
YMR272W-A_YPR182W,YMR272W-A,YPR182W,0.0354985323679796,6
YMR272W-A_YPL250C,YMR272W-A,YPL250C,0.0100390030297096,6
YMR272W-A_YDR354C-A,YMR272W-A,YDR354C-A,0.0235654291305119,6
YMR272W-A_YDR382W,YMR272W-A,YDR382W,0.0103294768446602,6
YMR272W-A_YBL071C-B,YMR272W-A,YBL071C-B,0.0222404052956692,6
YMR272W-A_YGL123C-A,YMR272W-A,YGL123C-A,0.0118363542770341,6
YMR272W-A_snR77,YMR272W-A,snR77,0.0208404312155312,6
YMR272W-A_YNL024C-A,YMR272W-A,YNL024C-A,0.0102358279807442,6
YMR272W-A_YGR068W-A,YMR272W-A,YGR068W-A,0.0274804634067066,6
YMR272W-A_YPL098C,YMR272W-A,YPL098C,0.0117107989726866,6
YMR272W-A_YGL006W-A,YMR272W-A,YGL006W-A,0.0144052111771455,6
YMR272W-A_YDL061C,YMR272W-A,YDL061C,0.0210730880017204,6
YMR272W-A_YJR018W,YMR272W-A,YJR018W,0.0126215288925275,6
YMR272W-A_YML129C,YMR272W-A,YML129C,0.0227361221748467,6
YMR272W-A_YKL162C-A,YMR272W-A,YKL162C-A,0.011009308105215,6
YMR272W-A_YIL156W-B,YMR272W-A,YIL156W-B,0.0164807438999077,6
YMR272W-A_YLR347W-A,YMR272W-A,YLR347W-A,0.0102116450248435,6
YMR272W-A_YLR327C,YMR272W-A,YLR327C,0.0119510271624108,6
YMR272W-A_snR64,YMR272W-A,snR64,0.0293457765007679,6
YMR272W-A_YCL005W-A,YMR272W-A,YCL005W-A,0.0107243781256137,6
YMR272W-A_YNR046W,YMR272W-A,YNR046W,0.0117318837543902,6
YMR272W-A_YER039C-A,YMR272W-A,YER039C-A,0.0104439573804596,6
YMR272W-A_YJL062W-A,YMR272W-A,YJL062W-A,0.0178778287847507,6
YMR272W-A_YOR210W,YMR272W-A,YOR210W,0.010056418254916,6
YMR272W-A_YPR036W-A,YMR272W-A,YPR036W-A,0.0138723373195459,6
YMR272W-A_YNL097W-A,YMR272W-A,YNL097W-A,0.0397354444263059,6
YMR272W-A_YMR002W,YMR272W-A,YMR002W,0.0165660307367413,6
YMR272W-A_YPL136W,YMR272W-A,YPL136W,0.0100434406514181,6
YMR272W-A_YKL156C-A,YMR272W-A,YKL156C-A,0.0397390989882857,6
YMR272W-A_YBR091C,YMR272W-A,YBR091C,0.0111002843394137,6
YMR272W-A_snR128,YMR272W-A,snR128,0.0352482358818243,6
YMR272W-A_YBR262C,YMR272W-A,YBR262C,0.010091836046449,6
YMR272W-A_YNL103W-A,YMR272W-A,YNL103W-A,0.0142975392342339,6
YMR272W-A_YNL052W,YMR272W-A,YNL052W,0.012232356368535,6
YMR272W-A_YML081C-A,YMR272W-A,YML081C-A,0.0121468314526304,6
YMR272W-A_YDR476C,YMR272W-A,YDR476C,0.0112100179620163,6
YMR272W-A_YJR104C,YMR272W-A,YJR104C,0.0126406404947066,6
YMR272W-A_YHR072W-A,YMR272W-A,YHR072W-A,0.0102534149602611,6
YMR272W-A_YOR161C-C,YMR272W-A,YOR161C-C,0.01125005390919,6
YMR272W-A_YKL156W,YMR272W-A,YKL156W,0.0110409269839827,6
YMR272W-A_snR58,YMR272W-A,snR58,0.01993057118503,6
YMR272W-A_YHL018W,YMR272W-A,YHL018W,0.0105143353244244,6
YMR272W-A_snR40,YMR272W-A,snR40,0.0339385400991039,6
YMR272W-A_YCR075W-A,YMR272W-A,YCR075W-A,0.0119072475041147,6
YMR272W-A_YML009C,YMR272W-A,YML009C,0.0109095380873958,6
YMR272W-A_YEL017C-A,YMR272W-A,YEL017C-A,0.0228515411244605,6
YMR272W-A_YLR388W,YMR272W-A,YLR388W,0.0142005669150307,6
YMR272W-A_YJL052C-A,YMR272W-A,YJL052C-A,0.0137323271979952,6
YMR272W-A_YOR186C-A,YMR272W-A,YOR186C-A,0.0110118881183632,6
YMR272W-A_YLR264W,YMR272W-A,YLR264W,0.0171410507580254,6
YMR272W-A_YKL138C-A,YMR272W-A,YKL138C-A,0.010824421564367,6
YMR272W-A_snR50,YMR272W-A,snR50,0.0203721261815257,6
YMR272W-A_YOL097W-A,YMR272W-A,YOL097W-A,0.0204661169132175,6
YMR272W-A_snR81,YMR272W-A,snR81,0.0142508783666631,6
YMR272W-A_YFR049W,YMR272W-A,YFR049W,0.011180853489838,6
YMR272W-A_YKR057W,YMR272W-A,YKR057W,0.0184591195001048,6
YMR272W-A_YNL086W,YMR272W-A,YNL086W,0.0121724257652681,6
YMR272W-A_YDL067C,YMR272W-A,YDL067C,0.0222835778843569,6
YMR272W-A_YBR141W-A,YMR272W-A,YBR141W-A,0.0571911408611889,6
YMR272W-A_YJR034W,YMR272W-A,YJR034W,0.0113666329580329,6
YMR272W-A_YLL018C-A,YMR272W-A,YLL018C-A,0.0217292298427727,6
YMR272W-A_YBR056C-B,YMR272W-A,YBR056C-B,0.0199868506272285,6
YMR272W-A_YLR286W-A,YMR272W-A,YLR286W-A,0.0207918547058679,6
YMR272W-A_YDL181W,YMR272W-A,YDL181W,0.0119732288884106,6
YMR272W-A_YGL106W,YMR272W-A,YGL106W,0.0113626844109929,6
YMR272W-A_YER053C-A,YMR272W-A,YER053C-A,0.0416295730002551,6
YMR272W-A_snR13,YMR272W-A,snR13,0.0104134504647175,6
YMR272W-A_YEL059C-A,YMR272W-A,YEL059C-A,0.0123293515397093,6
YMR272W-A_YLR185W,YMR272W-A,YLR185W,0.0112410182520768,6
YMR272W-A_YFR036W,YMR272W-A,YFR036W,0.0115744739728578,6
YMR272W-A_YLR437C,YMR272W-A,YLR437C,0.0106781082559406,6
YMR272W-A_YGL014C-A,YMR272W-A,YGL014C-A,0.0162872127974222,6
YMR272W-A_YLR438C-A,YMR272W-A,YLR438C-A,0.0211668852971646,6
YMR272W-A_YDR482C,YMR272W-A,YDR482C,0.0123765029799817,6
YMR272W-A_YJR112W-A,YMR272W-A,YJR112W-A,0.0106933615084166,6
YMR272W-A_YLR163W-A,YMR272W-A,YLR163W-A,0.0168493341674119,6
YMR272W-A_YLR395C,YMR272W-A,YLR395C,0.0110717764209256,6
YMR272W-A_YJL184W,YMR272W-A,YJL184W,0.0100411669559779,6
YMR272W-A_snR85,YMR272W-A,snR85,0.0209140844216648,6
YMR272W-A_snR8,YMR272W-A,snR8,0.020470028336345,6
YMR272W-A_snR55,YMR272W-A,snR55,0.0189185171449476,6
YMR272W-A_YPL096C-A,YMR272W-A,YPL096C-A,0.0136857042934816,6
YMR272W-A_YKL100W-A,YMR272W-A,YKL100W-A,0.0306771793280784,6
YMR272W-A_YGR105W,YMR272W-A,YGR105W,0.0115217392604004,6
YMR272W-A_YCR047W-A,YMR272W-A,YCR047W-A,0.0233396794690574,6
YMR272W-A_YPR076W,YMR272W-A,YPR076W,0.0112918917647994,6
YMR272W-A_YOR167C,YMR272W-A,YOR167C,0.0114564908932869,6
YMR272W-A_YGR161W-C,YMR272W-A,YGR161W-C,0.018538027451785,6
YMR272W-A_YHL015W-A,YMR272W-A,YHL015W-A,0.0322189930861134,6
YMR272W-A_YJL064W,YMR272W-A,YJL064W,0.0133323098816198,6
YMR272W-A_YKR049C,YMR272W-A,YKR049C,0.0109465293000603,6
YMR272W-A_YCR024C-A,YMR272W-A,YCR024C-A,0.0395552923911944,6
YMR272W-A_YJR020W,YMR272W-A,YJR020W,0.0107261668386128,6
YMR272W-A_YLR154W-F,YMR272W-A,YLR154W-F,0.0496222002586664,6
YMR272W-A_YER138W-A,YMR272W-A,YER138W-A,0.0192627159670798,6
YMR272W-A_YBR126W-A,YMR272W-A,YBR126W-A,0.0197155678374221,6
YMR272W-A_YLR204W,YMR272W-A,YLR204W,0.0133375534486701,6
YMR272W-A_YAL046C,YMR272W-A,YAL046C,0.0111266822853914,6
YMR272W-A_YPL271W,YMR272W-A,YPL271W,0.0138049515893107,6
YMR272W-A_YDL114W-A,YMR272W-A,YDL114W-A,0.0248781538042591,6
YMR272W-A_YLR399W-A,YMR272W-A,YLR399W-A,0.0326796352425679,6
YMR272W-A_YPL135C-A,YMR272W-A,YPL135C-A,0.039594921750939,6
YPL152W-A_YML058W,YPL152W-A,YML058W,0.0153235275910261,6
YPL152W-A_YOR161W-A,YPL152W-A,YOR161W-A,0.0438058808130411,6
YPL152W-A_YLR110C,YPL152W-A,YLR110C,0.0165026011459266,6
YPL152W-A_snR76,YPL152W-A,snR76,0.0323805152511101,6
YPL152W-A_YCL048W-A,YPL152W-A,YCL048W-A,0.0133357104681407,6
YPL152W-A_YGR169C-A,YPL152W-A,YGR169C-A,0.0158259929436205,6
YPL152W-A_YOL077W-A,YPL152W-A,YOL077W-A,0.0106422719457991,6
YPL152W-A_YOR314W-A,YPL152W-A,YOR314W-A,0.020433868061836,6
YPL152W-A_YDR461W,YPL152W-A,YDR461W,0.0217068469342445,6
YPL152W-A_YPL037C,YPL152W-A,YPL037C,0.0140308652004851,6
YPL152W-A_YGL063C-A,YPL152W-A,YGL063C-A,0.0153891641359893,6
YPL152W-A_YBR230W-A,YPL152W-A,YBR230W-A,0.0144488039644263,6
YPL152W-A_YGR236C,YPL152W-A,YGR236C,0.0193081978006376,6
YPL152W-A_YKL096W-A,YPL152W-A,YKL096W-A,0.0236488357317468,6
YPL152W-A_YBR131C-A,YPL152W-A,YBR131C-A,0.0159864639087062,6
YPL152W-A_YBR162W-A,YPL152W-A,YBR162W-A,0.0126836873684906,6
YPL152W-A_tM(CAU)Q2,YPL152W-A,tM(CAU)Q2,0.0342662398567273,6
YPL152W-A_YPL189C-A,YPL152W-A,YPL189C-A,0.0521894221036748,6
YPL152W-A_YDR210W,YPL152W-A,YDR210W,0.0254862971810184,6
YPL152W-A_YMR194C-B,YPL152W-A,YMR194C-B,0.0108752368356179,6
YPL152W-A_tV(UAC)Q,YPL152W-A,tV(UAC)Q,0.0367723519187192,6
YPL152W-A_YNL097C-B,YPL152W-A,YNL097C-B,0.0137521162731312,6
YPL152W-A_YMR141W-A,YPL152W-A,YMR141W-A,0.0113540198846327,6
YPL152W-A_YDL181W,YPL152W-A,YDL181W,0.0152352490629472,6
YPL152W-A_YDR524C-B,YPL152W-A,YDR524C-B,0.0359731264612931,6
YPL152W-A_YAR020C,YPL152W-A,YAR020C,0.0130843462077361,6
YPL152W-A_YMR174C,YPL152W-A,YMR174C,0.0145318032144657,6
YPL152W-A_YDR377W,YPL152W-A,YDR377W,0.0148783218052588,6
YPL152W-A_YIL134C-A,YPL152W-A,YIL134C-A,0.0122585791613697,6
YPL152W-A_YLR099W-A,YPL152W-A,YLR099W-A,0.0323059631128925,6
YPL152W-A_YMR251W-A,YPL152W-A,YMR251W-A,0.0420692310751086,6
YPL152W-A_YJR085C,YPL152W-A,YJR085C,0.0176353348252965,6
YPL152W-A_YGL007C-A,YPL152W-A,YGL007C-A,0.0346839637193049,6
YPL152W-A_YLL019W-A,YPL152W-A,YLL019W-A,0.0255832018621934,6
YPL152W-A_YBR200W-A,YPL152W-A,YBR200W-A,0.0109627271426096,6
YPL152W-A_snR79,YPL152W-A,snR79,0.0725485822012035,6
YPL152W-A_YLR120W-A,YPL152W-A,YLR120W-A,0.0121176257674574,6
YEL017C-A_snR8,YEL017C-A,snR8,0.011652198268894,6
snR67_YJR151W-A,snR67,YJR151W-A,0.497536697403133,6
YPL189C-A_YPR182W,YPL189C-A,YPR182W,0.0376095722912037,6
YPL189C-A_YLR315W,YPL189C-A,YLR315W,0.010802378445962,6
YPL189C-A_YDR511W,YPL189C-A,YDR511W,0.0101935842332034,6
YPL189C-A_YLR262C-A,YPL189C-A,YLR262C-A,0.014192749547188,6
YPL189C-A_YML058W,YPL189C-A,YML058W,0.0153274816991204,6
YPL189C-A_YGR063C,YPL189C-A,YGR063C,0.0127621220535563,6
YPL189C-A_YGL006W-A,YPL189C-A,YGL006W-A,0.0179308893107656,6
YPL189C-A_YLR402W,YPL189C-A,YLR402W,0.0504968960399943,6
YPL189C-A_YLR110C,YPL189C-A,YLR110C,0.0161218255468971,6
YPL189C-A_snR76,YPL189C-A,snR76,0.0337528294725808,6
YPL189C-A_YLR327C,YPL189C-A,YLR327C,0.0145616257922539,6
YPL189C-A_YCL048W-A,YPL189C-A,YCL048W-A,0.0134042025360475,6
YPL189C-A_YGR169C-A,YPL189C-A,YGR169C-A,0.0154602795810191,6
YPL189C-A_YDR276C,YPL189C-A,YDR276C,0.0343481561999734,6
YPL189C-A_YOL077W-A,YPL189C-A,YOL077W-A,0.010703615193653,6
YPL189C-A_YMR105W-A,YPL189C-A,YMR105W-A,0.0101990203714946,6
YPL189C-A_YER019C-A,YPL189C-A,YER019C-A,0.010819654372788,6
YPL189C-A_YOR314W-A,YPL189C-A,YOR314W-A,0.0190852450331476,6
YPL189C-A_YOR210W,YPL189C-A,YOR210W,0.0112473302380029,6
YPL189C-A_YNR003W-A,YPL189C-A,YNR003W-A,0.0110156389794768,6
YPL189C-A_YPR036W-A,YPL189C-A,YPR036W-A,0.0175875475672635,6
YPL189C-A_YMR122W-A,YPL189C-A,YMR122W-A,0.0197229016284465,6
YPL189C-A_YDR461W,YPL189C-A,YDR461W,0.0212051715426889,6
YPL189C-A_snR128,YPL189C-A,snR128,0.0378771448425737,6
YPL189C-A_YDL012C,YPL189C-A,YDL012C,0.0107272098706721,6
YPL189C-A_YPL037C,YPL189C-A,YPL037C,0.0144260951629814,6
YPL189C-A_YCL057C-A,YPL189C-A,YCL057C-A,0.016500597922349,6
YPL189C-A_YGL063C-A,YPL189C-A,YGL063C-A,0.01427826926886,6
YPL189C-A_YBR230W-A,YPL189C-A,YBR230W-A,0.0150566697715472,6
YPL189C-A_YGR236C,YPL189C-A,YGR236C,0.0193616037890939,6
YPL189C-A_YKL096W-A,YPL189C-A,YKL096W-A,0.0225607540872888,6
YPL189C-A_YPL152W-A,YPL189C-A,YPL152W-A,0.0513877120209374,6
YPL189C-A_YEL017C-A,YPL189C-A,YEL017C-A,0.0266244466569809,6
YPL189C-A_YBR131C-A,YPL189C-A,YBR131C-A,0.0149852660973393,6
YPL189C-A_YBR162W-A,YPL189C-A,YBR162W-A,0.0126274749715284,6
YPL189C-A_YER180C-A,YPL189C-A,YER180C-A,0.0100301839545199,6
YPL189C-A_YOR302W,YPL189C-A,YOR302W,0.0563198155002284,6
YPL189C-A_YDR210W,YPL189C-A,YDR210W,0.0252136286612428,6
YPL189C-A_YMR194C-B,YPL189C-A,YMR194C-B,0.0105183907920223,6
YPL189C-A_YFR049W,YPL189C-A,YFR049W,0.0133327377856854,6
YPL189C-A_tV(UAC)Q,YPL189C-A,tV(UAC)Q,0.0334058918563687,6
YPL189C-A_YNL097C-B,YPL189C-A,YNL097C-B,0.0132571897231161,6
YPL189C-A_YMR141W-A,YPL189C-A,YMR141W-A,0.0116370517316614,6
YPL189C-A_YDL181W,YPL189C-A,YDL181W,0.0159753406719622,6
YPL189C-A_YDR119W-A,YPL189C-A,YDR119W-A,0.0165159104972885,6
YPL189C-A_YBR016W,YPL189C-A,YBR016W,0.0166570219255309,6
YPL189C-A_YEL059C-A,YPL189C-A,YEL059C-A,0.0157669775506014,6
YPL189C-A_YDR524C-B,YPL189C-A,YDR524C-B,0.0359038374021744,6
YPL189C-A_YAR020C,YPL189C-A,YAR020C,0.0128003864633208,6
YPL189C-A_YMR174C,YPL189C-A,YMR174C,0.0142696678386042,6
YPL189C-A_YJR114W,YPL189C-A,YJR114W,0.01879658512614,6
YPL189C-A_YDR377W,YPL189C-A,YDR377W,0.0147649370532317,6
YPL189C-A_YPL096C-A,YPL189C-A,YPL096C-A,0.0166798178476242,6
YPL189C-A_YDR371C-A,YPL189C-A,YDR371C-A,0.0152435020538044,6
YPL189C-A_YNR042W,YPL189C-A,YNR042W,0.0115093021816741,6
YPL189C-A_YIL134C-A,YPL189C-A,YIL134C-A,0.0118087837251788,6
YPL189C-A_YLR099W-A,YPL189C-A,YLR099W-A,0.0323327458334412,6
YPL189C-A_YMR251W-A,YPL189C-A,YMR251W-A,0.0394309597249413,6
YPL189C-A_YJR085C,YPL189C-A,YJR085C,0.0182488246212645,6
YPL189C-A_YGL007C-A,YPL189C-A,YGL007C-A,0.0320471610735506,6
YPL189C-A_YLL019W-A,YPL189C-A,YLL019W-A,0.0226666901192923,6
YPL189C-A_YBR200W-A,YPL189C-A,YBR200W-A,0.0104306622070616,6
YPL189C-A_snR79,YPL189C-A,snR79,0.072980132392616,6
YPL189C-A_YLR204W,YPL189C-A,YLR204W,0.0154350031515348,6
YPL189C-A_YPL271W,YPL189C-A,YPL271W,0.0163441566967713,6
YPL189C-A_YLR120W-A,YPL189C-A,YLR120W-A,0.0109409074736275,6
YPL189C-A_YIL087C,YPL189C-A,YIL087C,0.0102457112311271,6
YPL189C-A_YPL135C-A,YPL189C-A,YPL135C-A,0.0382605210383902,6
YOR302W_YPR182W,YOR302W,YPR182W,0.0438215685281605,6
YOR302W_YLR315W,YOR302W,YLR315W,0.0118230305957092,6
YOR302W_YDR511W,YOR302W,YDR511W,0.0111316506669275,6
YOR302W_YLR262C-A,YOR302W,YLR262C-A,0.0165489892744505,6
YOR302W_YML058W,YOR302W,YML058W,0.015391636079315,6
YOR302W_YGR063C,YOR302W,YGR063C,0.014889737694708,6
YOR302W_YLR402W,YOR302W,YLR402W,0.0575609766723421,6
YOR302W_YEL008C-A,YOR302W,YEL008C-A,0.0509281013704015,6
YOR302W_YLR327C,YOR302W,YLR327C,0.0158214959098018,6
YOR302W_YCL048W-A,YOR302W,YCL048W-A,0.014000251236896,6
YOR302W_YDR276C,YOR302W,YDR276C,0.0371996196451514,6
YOR302W_YOL077W-A,YOR302W,YOL077W-A,0.0110458766791221,6
YOR302W_YER019C-A,YOR302W,YER019C-A,0.0115282011362667,6
YOR302W_YHR193C,YOR302W,YHR193C,0.0101881941193999,6
YOR302W_YPR036W-A,YOR302W,YPR036W-A,0.0184272602747387,6
YOR302W_YMR122W-A,YOR302W,YMR122W-A,0.0224062231319411,6
YOR302W_YNL097W-A,YOR302W,YNL097W-A,0.0486576887377964,6
YOR302W_YMR002W,YOR302W,YMR002W,0.0235233666772912,6
YOR302W_snR128,YOR302W,snR128,0.0416527604565348,6
YOR302W_YDL012C,YOR302W,YDL012C,0.0123188495967893,6
YOR302W_YBR223W-A,YOR302W,YBR223W-A,0.011128976935107,6
YOR302W_YPL037C,YOR302W,YPL037C,0.014932380040492,6
YOR302W_YCL057C-A,YOR302W,YCL057C-A,0.0189881545345126,6
YOR302W_YBR230W-A,YOR302W,YBR230W-A,0.0159583834625349,6
YOR302W_YGR236C,YOR302W,YGR236C,0.0195778445401436,6
YOR302W_YMR272W-A,YOR302W,YMR272W-A,0.0468925649985222,6
YOR302W_YEL017C-A,YOR302W,YEL017C-A,0.0288688992250796,6
YOR302W_YER153C,YOR302W,YER153C,0.0112552031379494,6
YOR302W_YBR162W-A,YOR302W,YBR162W-A,0.0137183101698931,6
YOR302W_YPL189C-A,YOR302W,YPL189C-A,0.0550264324568352,6
YOR302W_YER180C-A,YOR302W,YER180C-A,0.0101686305257457,6
YOR302W_YDR210W,YOR302W,YDR210W,0.0258963122444409,6
YOR302W_YFR049W,YOR302W,YFR049W,0.0144080314173258,6
YOR302W_YOL039W,YOR302W,YOL039W,0.0108348752449259,6
YOR302W_YDL181W,YOR302W,YDL181W,0.0160596560122587,6
YOR302W_YIR016W,YOR302W,YIR016W,0.0104730217537975,6
YOR302W_YIL156W-A,YOR302W,YIL156W-A,0.0100381487652492,6
YOR302W_YBR016W,YOR302W,YBR016W,0.0189927202915777,6
YOR302W_YEL059C-A,YOR302W,YEL059C-A,0.017125092298017,6
YOR302W_YDR524C-B,YOR302W,YDR524C-B,0.0379554737122292,6
YOR302W_YLR437C,YOR302W,YLR437C,0.0138808974067649,6
YOR302W_YMR256C,YOR302W,YMR256C,0.0215475685959889,6
YOR302W_YDR482C,YOR302W,YDR482C,0.0158358464197712,6
YOR302W_tX(XXX)D,YOR302W,tX(XXX)D,0.01202902462527,6
YOR302W_YJR114W,YOR302W,YJR114W,0.0208719709421857,6
YOR302W_YDR377W,YOR302W,YDR377W,0.0154501181662482,6
YOR302W_YNR042W,YOR302W,YNR042W,0.0129604890088501,6
YOR302W_YJL077W-A,YOR302W,YJL077W-A,0.0230967220893582,6
YOR302W_YLR099W-A,YOR302W,YLR099W-A,0.0335169121426372,6
YOR302W_YJR085C,YOR302W,YJR085C,0.0190407994474749,6
YOR302W_snR39B,YOR302W,snR39B,0.0658109114151865,6
YOR302W_YDL032W,YOR302W,YDL032W,0.0112355162366466,6
YOR302W_YJL064W,YOR302W,YJL064W,0.0170318292035841,6
YOR302W_snR79,YOR302W,snR79,0.0818699362092806,6
YOR302W_YLR204W,YOR302W,YLR204W,0.0170350242635289,6
YOR302W_YPL271W,YOR302W,YPL271W,0.0182839665699424,6
YOR302W_YLR287C-A,YOR302W,YLR287C-A,0.013121468987477,6
YOR302W_YIL087C,YOR302W,YIL087C,0.0111625118890037,6
YOR302W_YPL135C-A,YOR302W,YPL135C-A,0.0464239962780302,6
snR24_snR76,snR24,snR76,0.0476276375464348,6
snR24_snR71,snR24,snR71,0.037601006308083,6
snR24_YHR073C-B,snR24,YHR073C-B,0.0357126510720786,6
snR24_YPL189C-A,snR24,YPL189C-A,0.0415289540905216,6
snR24_YER053C-A,snR24,YER053C-A,0.0435905758092367,6
snR24_YDL114W-A,snR24,YDL114W-A,0.0359869924737044,6
snR50_snR64,snR50,snR64,0.0125165378350612,6
snR50_YCR024C-A,snR50,YCR024C-A,0.0171150163815347,6
YJR151W-A_YMR315W-A,YJR151W-A,YMR315W-A,0.046159232466766,6
YJR151W-A_snR61,YJR151W-A,snR61,0.0671648854655626,6
YJR151W-A_YBL071C-B,YJR151W-A,YBL071C-B,0.089984513042249,6
YJR151W-A_YEL020C-B,YJR151W-A,YEL020C-B,0.0215429438901957,6
YJR151W-A_YJR140W-A,YJR151W-A,YJR140W-A,0.0257096690777365,6
YJR151W-A_YCR038W-A,YJR151W-A,YCR038W-A,-0.107183638671987,6
YJR151W-A_YLR364C-A,YJR151W-A,YLR364C-A,0.0209618403231614,6
YJR151W-A_YEL008C-A,YJR151W-A,YEL008C-A,-0.143969750521585,6
YJR151W-A_YPR160W-A,YJR151W-A,YPR160W-A,0.135527667522022,6
YJR151W-A_snR71,YJR151W-A,snR71,0.104282672811179,6
YJR151W-A_snR66,YJR151W-A,snR66,0.163677334594604,6
YJR151W-A_YOR335W-A,YJR151W-A,YOR335W-A,0.105058481233118,6
YJR151W-A_YDL184C,YJR151W-A,YDL184C,0.205431329993344,6
YJR151W-A_snR58,YJR151W-A,snR58,0.0866416233997794,6
YJR151W-A_YMR272W-B,YJR151W-A,YMR272W-B,0.0340922821659165,6
YJR151W-A_snR75,YJR151W-A,snR75,0.15438737481613,6
YJR151W-A_snR67,YJR151W-A,snR67,0.491125597814043,6
YJR151W-A_snR24,YJR151W-A,snR24,0.15520463805317,6
YJR151W-A_snR51,YJR151W-A,snR51,0.0758164696783738,6
YJR151W-A_YDR524W-C,YJR151W-A,YDR524W-C,-0.0369384841536433,6
YJR151W-A_YLR162W-A,YJR151W-A,YLR162W-A,0.0922043082728737,6
YJR151W-A_YER053C-A,YJR151W-A,YER053C-A,0.129751188268612,6
YJR151W-A_YLR163W-A,YJR151W-A,YLR163W-A,0.150024978777998,6
YJR151W-A_YBR296C-A,YJR151W-A,YBR296C-A,0.0220350779670928,6
YJR151W-A_YDR003W-A,YJR151W-A,YDR003W-A,0.0177640279873856,6
YJR151W-A_YKL100W-A,YJR151W-A,YKL100W-A,0.167080265689639,6
YJR151W-A_snR53,YJR151W-A,snR53,0.0566430401264299,6
YJR151W-A_YDR524C-A,YJR151W-A,YDR524C-A,0.020076253693166,6
YJR151W-A_YHL015W-A,YJR151W-A,YHL015W-A,0.178106018237901,6
YJR151W-A_snR39B,YJR151W-A,snR39B,-0.135011501187709,6
YJR151W-A_YLR154W-F,YJR151W-A,YLR154W-F,0.328164337274035,6
YJR151W-A_YDL114W-A,YJR151W-A,YDL114W-A,0.116240839695783,6
YBR141W-A_YMR295C,YBR141W-A,YMR295C,0.0130827942338338,6
YBR141W-A_YKL106C-A,YBR141W-A,YKL106C-A,0.0832559969665204,6
YBR141W-A_YEL032C-A,YBR141W-A,YEL032C-A,0.0790103629371284,6
YBR141W-A_RNA170,YBR141W-A,RNA170,0.0161976393593332,6
YBR141W-A_YJL205C,YBR141W-A,YJL205C,0.0335037418063087,6
YBR141W-A_YNL024C-A,YBR141W-A,YNL024C-A,0.0161652635191126,6
YBR141W-A_YCR038W-A,YBR141W-A,YCR038W-A,0.0527526427062949,6
YBR141W-A_YJL136W-A,YBR141W-A,YJL136W-A,0.0348663465120551,6
YBR141W-A_YOR376W-A,YBR141W-A,YOR376W-A,0.0152477307685673,6
YBR141W-A_YDL061C,YBR141W-A,YDL061C,0.0332608468142564,6
YBR141W-A_YBR261C,YBR141W-A,YBR261C,0.0134728034229442,6
YBR141W-A_YBL006W-A,YBR141W-A,YBL006W-A,0.0365886146034829,6
YBR141W-A_snR87,YBR141W-A,snR87,0.0486790159115173,6
YBR141W-A_YEL008C-A,YBR141W-A,YEL008C-A,0.051020245877039,6
YBR141W-A_YKL162C-A,YBR141W-A,YKL162C-A,0.0213690816247688,6
YBR141W-A_YFL031C-A,YBR141W-A,YFL031C-A,0.0107252574497885,6
YBR141W-A_YMR307C-A,YBR141W-A,YMR307C-A,0.0132252834860467,6
YBR141W-A_YNL097W-A,YBR141W-A,YNL097W-A,0.0548153548297626,6
YBR141W-A_YDR246W-A,YBR141W-A,YDR246W-A,0.0100602050335885,6
YBR141W-A_YIL102C-A,YBR141W-A,YIL102C-A,0.0102102927737925,6
YBR141W-A_YAL019W-A,YBR141W-A,YAL019W-A,0.0156295752808047,6
YBR141W-A_snR40,YBR141W-A,snR40,0.0490648502327592,6
YBR141W-A_YMR272W-A,YBR141W-A,YMR272W-A,0.055783596534385,6
YBR141W-A_YER090C-A,YBR141W-A,YER090C-A,0.0361327040737699,6
YBR141W-A_YKR057W,YBR141W-A,YKR057W,0.0320206911977629,6
YBR141W-A_snR46,YBR141W-A,snR46,0.0111207829063785,6
YBR141W-A_YJL136C,YBR141W-A,YJL136C,0.0142167634184369,6
YBR141W-A_YHR131W-A,YBR141W-A,YHR131W-A,0.0160676956473412,6
YBR141W-A_YDL160C-A,YBR141W-A,YDL160C-A,0.0111688510364862,6
YBR141W-A_YBR196C-B,YBR141W-A,YBR196C-B,0.0142445236755895,6
YBR141W-A_YPL079W,YBR141W-A,YPL079W,0.011280680047121,6
YBR141W-A_YOL155W-A,YBR141W-A,YOL155W-A,0.0168049860793275,6
YBR141W-A_snR65,YBR141W-A,snR65,0.0261806935375267,6
YBR141W-A_YIL052C,YBR141W-A,YIL052C,0.0114953764766674,6
YBR141W-A_YDL025W-A,YBR141W-A,YDL025W-A,0.0155129026895998,6
YBR141W-A_YAL044W-A,YBR141W-A,YAL044W-A,0.0112748796511957,6
YBR141W-A_YCR047W-A,YBR141W-A,YCR047W-A,0.045374972406538,6
YBR141W-A_YNL162W-A,YBR141W-A,YNL162W-A,0.0107014995874239,6
YBR141W-A_snR7-L,YBR141W-A,snR7-L,0.0100703829477656,6
YBR141W-A_YCR024C-A,YBR141W-A,YCR024C-A,0.0486872853044736,6
YBR141W-A_YLR299C-A,YBR141W-A,YLR299C-A,0.0260240363358774,6
YBR141W-A_YBR126W-A,YBR141W-A,YBR126W-A,0.03169413775357,6
YBR056C-B_snR64,YBR056C-B,snR64,0.0120298646541455,6
YLR286W-A_YLR163W-A,YLR286W-A,YLR163W-A,0.0144529659676044,6
YLR286W-A_YLR154W-F,YLR286W-A,YLR154W-F,0.0334560513887875,6
YER053C-A_YMR272W-A,YER053C-A,YMR272W-A,0.0418404995305578,6
YER053C-A_snR24,YER053C-A,snR24,0.0423634410071283,6
YER053C-A_YKL100W-A,YER053C-A,YKL100W-A,0.0381041980007636,6
YER053C-A_YHL015W-A,YER053C-A,YHL015W-A,0.0388923278212721,6
YDR524C-B_YOR161W-A,YDR524C-B,YOR161W-A,0.0296691520967062,6
YDR524C-B_YLR110C,YDR524C-B,YLR110C,0.0112900392668279,6
YDR524C-B_YGR169C-A,YDR524C-B,YGR169C-A,0.0109305355462503,6
YDR524C-B_YDR461W,YDR524C-B,YDR461W,0.0150780076961264,6
YDR524C-B_YGL063C-A,YDR524C-B,YGL063C-A,0.010060965755702,6
YDR524C-B_YKL096W-A,YDR524C-B,YKL096W-A,0.0160045218964858,6
YDR524C-B_YPL152W-A,YDR524C-B,YPL152W-A,0.0355558898256498,6
YDR524C-B_tV(UAC)Q,YDR524C-B,tV(UAC)Q,0.0224409661751641,6
YDR524C-B_YMR251W-A,YDR524C-B,YMR251W-A,0.0269962138241749,6
YDR524C-B_YLL019W-A,YDR524C-B,YLL019W-A,0.0161701236310035,6
snR8_YLR286W-A,snR8,YLR286W-A,0.0109320111174247,6
YKL100W-A_YJR151W-A,YKL100W-A,YJR151W-A,0.173393361455509,6
YKL100W-A_YER053C-A,YKL100W-A,YER053C-A,0.0397316621093109,6
YCR047W-A_YBL006W-A,YCR047W-A,YBL006W-A,0.0203814645695517,6
YCR047W-A_YKL162C-A,YCR047W-A,YKL162C-A,0.0126097703105792,6
YLR099W-A_YOR161W-A,YLR099W-A,YOR161W-A,0.0257014149320129,6
YMR251W-A_YBR131C-A,YMR251W-A,YBR131C-A,0.013158327112689,6
YMR251W-A_tV(UAC)Q,YMR251W-A,tV(UAC)Q,0.0301546000124974,6
YMR251W-A_YAR020C,YMR251W-A,YAR020C,0.0102747548998126,6
YMR251W-A_YLL019W-A,YMR251W-A,YLL019W-A,0.0198051166202376,6
YMR251W-A_YLR120W-A,YMR251W-A,YLR120W-A,0.0100083780805505,6
snR39_snR189,snR39,snR189,0.0188676750779103,6
snR39_YKL106C-A,snR39,YKL106C-A,0.113111913294585,6
snR39_tY(GUA)Q,snR39,tY(GUA)Q,0.0126939004712246,6
snR39_YEL032C-A,snR39,YEL032C-A,0.137262608571307,6
snR39_YIL008W,snR39,YIL008W,0.0125285536704189,6
snR39_tP(UGG)Q,snR39,tP(UGG)Q,-0.0830759432863672,6
snR39_tQ(UUG)B,snR39,tQ(UUG)B,0.0181486298501666,6
snR39_YDL232W,snR39,YDL232W,0.201356007988435,6
snR39_snR18,snR39,snR18,0.206356522206158,6
snR39_snR56,snR39,snR56,0.0104080436971874,6
snR39_YML054C-A,snR39,YML054C-A,0.0126451016798733,6
snR39_tS(GCU)Q1,snR39,tS(GCU)Q1,0.0115758117777554,6
snR39_snR87,snR39,snR87,0.0832095258318601,6
snR39_snR69,snR39,snR69,0.0813895569614457,6
snR39_YDL159W-A,snR39,YDL159W-A,0.0305628883265373,6
snR39_tF(GAA)Q,snR39,tF(GAA)Q,0.036830893347235,6
snR39_tL(GAG)G,snR39,tL(GAG)G,0.0106890210790837,6
snR39_YLR154W-E,snR39,YLR154W-E,0.0304687295749555,6
snR39_YPR169W-A,snR39,YPR169W-A,0.0352392368680298,6
snR39_YNL145W,snR39,YNL145W,0.0397371824725087,6
snR39_YBL073W,snR39,YBL073W,0.012159191496984,6
snR39_tV(AAC)O,snR39,tV(AAC)O,0.116780150772739,6
snR39_YDL247W-A,snR39,YDL247W-A,0.0180667362212247,6
snR39_snR74,snR39,snR74,0.0282468760734331,6
snR39_tE(UUC)Q,snR39,tE(UUC)Q,-0.0830759432863672,6
snR39_YIR044C,snR39,YIR044C,0.0145801442868895,6
snR39_snR38,snR39,snR38,0.0251293129515171,6
snR39_tD(GUC)N,snR39,tD(GUC)N,0.024720405528893,6
snR39_YHR073W-A,snR39,YHR073W-A,0.0601632694837809,6
snR39_YGR174W-A,snR39,YGR174W-A,0.0390165387950189,6
snR39_YLL009C,snR39,YLL009C,0.0173651768684655,6
snR39_tR(CCG)L,snR39,tR(CCG)L,0.0566205423209238,6
snR39_YMR182W-A,snR39,YMR182W-A,0.0673532575397918,6
snR39_YNL015W,snR39,YNL015W,0.0211900251140159,6
snR39_YIL105W-A,snR39,YIL105W-A,0.0170404906289634,6
snR39_YJL047C-A,snR39,YJL047C-A,0.0208904291087395,6
snR39_tR(ACG)Q2,snR39,tR(ACG)Q2,0.016191856105455,6
snR39_snR6,snR39,snR6,0.0177910036553136,6
snR39_tC(GCA)Q,snR39,tC(GCA)Q,0.0145108119586323,6
snR39_YBR221W-A,snR39,YBR221W-A,0.0229740055294529,6
snR39_tL(UAA)Q,snR39,tL(UAA)Q,0.019666789500516,6
snR39_YPR133W-A,snR39,YPR133W-A,0.0372101163518251,6
snR39_snR72,snR39,snR72,0.0344975832032536,6
snR39_YGR122C-A,snR39,YGR122C-A,0.0159841016492349,6
snR39_snR70,snR39,snR70,0.011712338714517,6
snR39_YMR230W-A,snR39,YMR230W-A,0.010899619573806,6
snR39_YGL188C-A,snR39,YGL188C-A,0.0379801732797707,6
snR39_YBL107W-A,snR39,YBL107W-A,0.0129242707404971,6
snR39_tN(GUU)Q,snR39,tN(GUU)Q,0.0408040820994719,6
snR39_tR(CCU)J,snR39,tR(CCU)J,0.0747691064899096,6
snR39_YHR180C-B,snR39,YHR180C-B,0.010730972878367,6
snR39_tS(CGA)C,snR39,tS(CGA)C,0.013961167266503,6
snR39_snR65,snR39,snR65,0.0471625168343987,6
snR39_YDL025W-A,snR39,YDL025W-A,0.0267060155951333,6
snR39_snR59,snR39,snR59,0.0659624031161528,6
snR39_YNL144W-A,snR39,YNL144W-A,0.0532430321080266,6
snR39_YOL038C-A,snR39,YOL038C-A,0.0357570421623792,6
snR39_tR(ACG)J,snR39,tR(ACG)J,0.0171323449363668,6
snR39_snR78,snR39,snR78,0.039016538795019,6
YHL015W-A_YJR151W-A,YHL015W-A,YJR151W-A,0.182187575342832,6
YGL007C-A_snR76,YGL007C-A,snR76,0.0313104714339214,6
YGL007C-A_snR60,YGL007C-A,snR60,0.0123667228605996,6
YGL007C-A_YHR073C-B,YGL007C-A,YHR073C-B,0.0228897505693564,6
YGL007C-A_YBR131C-A,YGL007C-A,YBR131C-A,0.0126467183082247,6
YGL007C-A_snR51,YGL007C-A,snR51,0.0112097476770753,6
snR39B_snR79,snR39B,snR79,0.0919391979265665,6
YCR024C-A_YJL205C,YCR024C-A,YJL205C,0.0145983078897519,6
YCR024C-A_YGR068W-A,YCR024C-A,YGR068W-A,0.0215213763041868,6
YCR024C-A_YCR038W-A,YCR024C-A,YCR038W-A,0.0229474249002505,6
YCR024C-A_YDL061C,YCR024C-A,YDL061C,0.0164519789691941,6
YCR024C-A_YBL006W-A,YCR024C-A,YBL006W-A,0.0155457576192093,6
YCR024C-A_YML129C,YCR024C-A,YML129C,0.0211963317279595,6
YCR024C-A_snR64,YCR024C-A,snR64,0.0227463042400103,6
YCR024C-A_snR40,YCR024C-A,snR40,0.027628024458164,6
YCR024C-A_YLR388W,YCR024C-A,YLR388W,0.0110460899383266,6
YCR024C-A_YLR264W,YCR024C-A,YLR264W,0.0131771990661202,6
YCR024C-A_YER090C-A,YCR024C-A,YER090C-A,0.0170871974151607,6
YCR024C-A_snR50,YCR024C-A,snR50,0.0171535989984241,6
YCR024C-A_snR81,YCR024C-A,snR81,0.013210903521013,6
YCR024C-A_YKR057W,YCR024C-A,YKR057W,0.0152574474237716,6
YCR024C-A_YLL018C-A,YCR024C-A,YLL018C-A,0.0182783471144723,6
YCR024C-A_YBR056C-B,YCR024C-A,YBR056C-B,0.0162416558738737,6
YCR024C-A_YBR126W-B,YCR024C-A,YBR126W-B,0.0135180426849136,6
YCR024C-A_snR85,YCR024C-A,snR85,0.0170148489114281,6
YCR024C-A_YER138W-A,YCR024C-A,YER138W-A,0.0146686115005244,6
YCR024C-A_YBR126W-A,YCR024C-A,YBR126W-A,0.014807206128362,6
snR79_YPR182W,snR79,YPR182W,0.0553147751990268,6
snR79_YLR315W,snR79,YLR315W,0.0155825670444572,6
snR79_YDR511W,snR79,YDR511W,0.0145780776242458,6
snR79_YLR262C-A,snR79,YLR262C-A,0.021462572447897,6
snR79_YCL035C,snR79,YCL035C,0.0127942215751373,6
snR79_tP(UGG)Q,snR79,tP(UGG)Q,0.0545282631054831,6
snR79_YML058W,snR79,YML058W,0.0212902243992104,6
snR79_YOR161W-A,snR79,YOR161W-A,0.0642680741640154,6
snR79_YER023C-A,snR79,YER023C-A,0.0110196152997838,6
snR79_YOR008C-A,snR79,YOR008C-A,0.0118701486968139,6
snR79_YGR063C,snR79,YGR063C,0.01950427517712,6
snR79_YML007C-A,snR79,YML007C-A,0.0475687176515229,6
snR79_YLR402W,snR79,YLR402W,0.0770967567805306,6
snR79_YLR295C,snR79,YLR295C,0.0116038980043453,6
snR79_YLR110C,snR79,YLR110C,0.0236536477719732,6
snR79_YLR149C-A,snR79,YLR149C-A,0.0153020405352445,6
snR79_YOL109W,snR79,YOL109W,0.0109309654517181,6
snR79_YEL008C-A,snR79,YEL008C-A,0.0654244351612022,6
snR79_YIL156W-B,snR79,YIL156W-B,0.0260885754642021,6
snR79_YLR327C,snR79,YLR327C,0.0206370578016201,6
snR79_YCL048W-A,snR79,YCL048W-A,0.0192116112764216,6
snR79_YGR169C-A,snR79,YGR169C-A,0.0231543048000239,6
snR79_YDR276C,snR79,YDR276C,0.0501843578021839,6
snR79_YPR160W-A,snR79,YPR160W-A,-0.0237672173011662,6
snR79_YOL077W-A,snR79,YOL077W-A,0.0151683082622059,6
snR79_YMR105W-A,snR79,YMR105W-A,0.0137822554585944,6
snR79_YER019C-A,snR79,YER019C-A,0.0149663835509811,6
snR79_tT(UGU)H,snR79,tT(UGU)H,0.0366463348275262,6
snR79_YHR193C,snR79,YHR193C,0.0138950435993655,6
snR79_YOR314W-A,snR79,YOR314W-A,0.0232386471627807,6
snR79_YOR210W,snR79,YOR210W,0.0153359222596831,6
snR79_YNR003W-A,snR79,YNR003W-A,0.0142879794478044,6
snR79_YPR036W-A,snR79,YPR036W-A,0.0242449871469496,6
snR79_YMR122W-A,snR79,YMR122W-A,0.0299745766887328,6
snR79_YAR035C-A,snR79,YAR035C-A,0.0256425310160774,6
snR79_YNL097W-A,snR79,YNL097W-A,0.0590726137117131,6
snR79_YMR002W,snR79,YMR002W,0.0304564920320611,6
snR79_YDR461W,snR79,YDR461W,0.0321480988842879,6
snR79_snR128,snR79,snR128,0.0525738177453802,6
snR79_YIR021W-A,snR79,YIR021W-A,0.0100388775272407,6
snR79_YDR193W,snR79,YDR193W,0.0123172279555243,6
snR79_YDR476C,snR79,YDR476C,0.0174416907554096,6
snR79_YFL067W,snR79,YFL067W,0.0102705637894202,6
snR79_YDL012C,snR79,YDL012C,0.0158571938187608,6
snR79_tE(UUC)Q,snR79,tE(UUC)Q,0.054528263105483,6
snR79_YBR223W-A,snR79,YBR223W-A,0.0149878768392969,6
snR79_YPL037C,snR79,YPL037C,0.0201436526789022,6
snR79_YCL057C-A,snR79,YCL057C-A,0.0246897110427152,6
snR79_YKL156W,snR79,YKL156W,0.0178408925064265,6
snR79_YMR107W,snR79,YMR107W,0.0103043989471135,6
snR79_tS(UGA)Q2,snR79,tS(UGA)Q2,0.0113107751978931,6
snR79_YGL063C-A,snR79,YGL063C-A,0.0206841025348112,6
snR79_YBR230W-A,snR79,YBR230W-A,0.0212630067758219,6
snR79_YGR236C,snR79,YGR236C,0.0270056322875319,6
snR79_YKL096W-A,snR79,YKL096W-A,0.0336418963694344,6
snR79_YMR272W-A,snR79,YMR272W-A,0.0506967579916254,6
snR79_YML101C-A,snR79,YML101C-A,0.0101578449045188,6
snR79_YPL152W-A,snR79,YPL152W-A,0.0726320599099507,6
snR79_YDR134C,snR79,YDR134C,0.0121806270225532,6
snR79_YEL017C-A,snR79,YEL017C-A,0.0372252110169457,6
snR79_YKR046C,snR79,YKR046C,0.0128250474852324,6
snR79_YER153C,snR79,YER153C,0.014399977306229,6
snR79_YBR131C-A,snR79,YBR131C-A,0.0187670025805374,6
snR79_YBR162W-A,snR79,YBR162W-A,0.0188893652265488,6
snR79_tM(CAU)Q2,snR79,tM(CAU)Q2,0.0392315576840165,6
snR79_YPL189C-A,snR79,YPL189C-A,0.0746010767198319,6
snR79_YER180C-A,snR79,YER180C-A,0.0139451068604533,6
snR79_YOR302W,snR79,YOR302W,0.0866600605487457,6
snR79_YDR210W,snR79,YDR210W,0.0360525410348117,6
snR79_YDL130W-A,snR79,YDL130W-A,0.0112378350764202,6
snR79_YDR408C,snR79,YDR408C,0.0115655728985648,6
snR79_YOR146W,snR79,YOR146W,0.0143669600102573,6
snR79_YMR194C-B,snR79,YMR194C-B,0.0143740415762005,6
snR79_YFR049W,snR79,YFR049W,0.0186878404397369,6
snR79_tV(UAC)Q,snR79,tV(UAC)Q,0.0428608249477111,6
snR79_YNL097C-B,snR79,YNL097C-B,0.0185570724631918,6
snR79_YDR077W,snR79,YDR077W,0.0108139378755979,6
snR79_YHR189W,snR79,YHR189W,0.0100740764929006,6
snR79_YLL018C-A,snR79,YLL018C-A,0.0313328603715426,6
snR79_YOL039W,snR79,YOL039W,0.0141171881395156,6
snR79_YHR022C-A,snR79,YHR022C-A,0.0165980948312628,6
snR79_YMR141W-A,snR79,YMR141W-A,0.0156750720920628,6
snR79_YDL181W,snR79,YDL181W,0.0213747515889497,6
snR79_YGR209C,snR79,YGR209C,0.01245872310121,6
snR79_YER058W,snR79,YER058W,0.0127538451959625,6
snR79_YIR016W,snR79,YIR016W,0.0140630319907407,6
snR79_YIL156W-A,snR79,YIL156W-A,0.0132820618954521,6
snR79_YNL055C,snR79,YNL055C,0.0106118644463756,6
snR79_YBR016W,snR79,YBR016W,0.0249816053741808,6
snR79_YCR063W,snR79,YCR063W,0.0106797597906143,6
snR79_YEL059C-A,snR79,YEL059C-A,0.0225983973681284,6
snR79_YDR524C-B,snR79,YDR524C-B,0.0523087172720083,6
snR79_YIR009W,snR79,YIR009W,0.0128896853548199,6
snR79_YLR437C,snR79,YLR437C,0.0175806454501329,6
snR79_YAR020C,snR79,YAR020C,0.0171348873046289,6
snR79_YER078W-A,snR79,YER078W-A,0.0124436843496477,6
snR79_YBL021C,snR79,YBL021C,0.0152327387361601,6
snR79_YMR256C,snR79,YMR256C,0.0292935273731646,6
snR79_YDR482C,snR79,YDR482C,0.0200344741522383,6
snR79_YOR122C,snR79,YOR122C,0.0119389602000628,6
snR79_YGR027C,snR79,YGR027C,0.0120414833940249,6
snR79_YER121W,snR79,YER121W,0.0102334277366174,6
snR79_YMR174C,snR79,YMR174C,0.0192702574265216,6
snR79_tX(XXX)D,snR79,tX(XXX)D,0.0158174123643122,6
snR79_YJR114W,snR79,YJR114W,0.0279234512797546,6
snR79_YBL006C,snR79,YBL006C,0.0108216801654196,6
snR79_YDR377W,snR79,YDR377W,0.021411967208165,6
snR79_YDR073W,snR79,YDR073W,0.0107850396715692,6
snR79_YAL037C-A,snR79,YAL037C-A,-0.0125140163786093,6
snR79_YPL096C-A,snR79,YPL096C-A,0.0222448416843998,6
snR79_YNR042W,snR79,YNR042W,0.0168952182667528,6
snR79_YIL134C-A,snR79,YIL134C-A,0.0156406142016561,6
snR79_YPL234C,snR79,YPL234C,0.010437207307378,6
snR79_YJL077W-A,snR79,YJL077W-A,0.0311708360264204,6
snR79_YIR022W,snR79,YIR022W,0.0105968620976712,6
snR79_YLR099W-A,snR79,YLR099W-A,0.0461852450898341,6
snR79_YMR251W-A,snR79,YMR251W-A,0.0538421950265792,6
snR79_YPR170W-A,snR79,YPR170W-A,0.0113189367717231,6
snR79_YJR085C,snR79,YJR085C,0.0255394985931132,6
snR79_YGR161W-C,snR79,YGR161W-C,0.0283835506830191,6
snR79_YGL007C-A,snR79,YGL007C-A,0.0379004483107992,6
snR79_snR39B,snR79,snR39B,0.0913431129176414,6
snR79_YDL032W,snR79,YDL032W,0.0143462622185032,6
snR79_YJL064W,snR79,YJL064W,0.0216541238928943,6
snR79_YLL019W-A,snR79,YLL019W-A,0.0329234170163186,6
snR79_YOL012C,snR79,YOL012C,0.0114700808726219,6
snR79_YBR200W-A,snR79,YBR200W-A,0.0155229217162912,6
snR79_YBR233W-A,snR79,YBR233W-A,0.0120773975512544,6
snR79_YLR204W,snR79,YLR204W,0.0219457096065898,6
snR79_YPL271W,snR79,YPL271W,0.0237059892736994,6
snR79_YLR120W-A,snR79,YLR120W-A,0.0138735191336144,6
snR79_YLR287C-A,snR79,YLR287C-A,0.0175206486694386,6
snR79_YIL087C,snR79,YIL087C,0.0149795069347259,6
snR79_YPL135C-A,snR79,YPL135C-A,0.057273103286937,6
YLR154W-F_YJR151W-A,YLR154W-F,YJR151W-A,0.326515758121328,6
YER138W-A_YKL156C-A,YER138W-A,YKL156C-A,0.0137807805570372,6
YDL114W-A_YER053C-A,YDL114W-A,YER053C-A,0.030085742117365,6
YLR399W-A_YLR163W-A,YLR399W-A,YLR163W-A,0.0147651248653631,6
YLR399W-A_YLR154W-F,YLR399W-A,YLR154W-F,0.0380545814882923,6
YPL135C-A_YLR262C-A,YPL135C-A,YLR262C-A,0.0121113133047517,6
YPL135C-A_YGR063C,YPL135C-A,YGR063C,0.0107887383592495,6
YPL135C-A_YGR068W-A,YPL135C-A,YGR068W-A,0.0244812143449717,6
YPL135C-A_YLR402W,YPL135C-A,YLR402W,0.0407166597367428,6
YPL135C-A_YML129C,YPL135C-A,YML129C,0.0211387299432959,6
YPL135C-A_YIL156W-B,YPL135C-A,YIL156W-B,0.0154965831202088,6
YPL135C-A_YDR276C,YPL135C-A,YDR276C,0.0260539127422092,6
YPL135C-A_YMR122W-A,YPL135C-A,YMR122W-A,0.0158673976209874,6
YPL135C-A_YMR002W,YPL135C-A,YMR002W,0.0172777366280442,6
YPL135C-A_YDR476C,YPL135C-A,YDR476C,0.0106558718784728,6
YPL135C-A_YCL057C-A,YPL135C-A,YCL057C-A,0.0138533178980078,6
YPL135C-A_YKL156W,YPL135C-A,YKL156W,0.0104566068992479,6
YPL135C-A_YMR272W-A,YPL135C-A,YMR272W-A,0.0400529615291432,6
YPL135C-A_YOR302W,YPL135C-A,YOR302W,0.0477132758926375,6
YPL135C-A_snR50,YPL135C-A,snR50,0.0183788559586231,6
YPL135C-A_YFR049W,YPL135C-A,YFR049W,0.0105101662460711,6
YPL135C-A_YLL018C-A,YPL135C-A,YLL018C-A,0.0201475225734238,6
YPL135C-A_YGL106W,YPL135C-A,YGL106W,0.0102028446818151,6
YPL135C-A_YBR016W,YPL135C-A,YBR016W,0.0136911767512091,6
YPL135C-A_YLR437C,YPL135C-A,YLR437C,0.0104154219614009,6
YPL135C-A_YMR256C,YPL135C-A,YMR256C,0.0150302798681417,6
YPL135C-A_YDR482C,YPL135C-A,YDR482C,0.0118878387974941,6
YPL135C-A_YJR114W,YPL135C-A,YJR114W,0.0147656813032419,6
YPL135C-A_YPL096C-A,YPL135C-A,YPL096C-A,0.012392108384289,6
YPL135C-A_YJL077W-A,YPL135C-A,YJL077W-A,0.0162536229342541,6
YPL135C-A_YGR161W-C,YPL135C-A,YGR161W-C,0.017132235361596,6
YPL135C-A_YJL064W,YPL135C-A,YJL064W,0.012712848381139,6
YPL135C-A_YJR020W,YPL135C-A,YJR020W,0.0102799099738363,6
YPL135C-A_YLR204W,YPL135C-A,YLR204W,0.0125214273133319,6
YKL106C-A_YEL032C-A,YKL106C-A,YEL032C-A,0.0754543295269067,7
YKL106C-A_YDL232W,YKL106C-A,YDL232W,0.149155807053006,7
YKL106C-A_snR87,YKL106C-A,snR87,0.0422213996902567,7
YKL106C-A_YKL162C-A,YKL106C-A,YKL162C-A,0.0264626158240074,7
YKL106C-A_YDL159W-A,YKL106C-A,YDL159W-A,0.0145460821170779,7
YKL106C-A_YPR169W-A,YKL106C-A,YPR169W-A,0.0187778826612614,7
YKL106C-A_YMR307C-A,YKL106C-A,YMR307C-A,0.0137143884375054,7
YKL106C-A_tV(AAC)O,YKL106C-A,tV(AAC)O,0.04385063683063,7
YKL106C-A_YDL133C-A,YKL106C-A,YDL133C-A,0.0256698704030805,7
YKL106C-A_YER090C-A,YKL106C-A,YER090C-A,0.0490308158891004,7
YKL106C-A_snR50,YKL106C-A,snR50,0.0420259366423557,7
YKL106C-A_YMR182W-A,YKL106C-A,YMR182W-A,0.0377665011096056,7
YKL106C-A_YBR141W-A,YKL106C-A,YBR141W-A,0.0815698836269991,7
YKL106C-A_YLR299C-A,YKL106C-A,YLR299C-A,0.0359021692231162,7
YPR182W_YDR354C-A,YPR182W,YDR354C-A,0.0153283874128445,7
YPR182W_YML058W,YPR182W,YML058W,0.0101799405474915,7
YPR182W_YGR068W-A,YPR182W,YGR068W-A,0.0183845519545929,7
YPR182W_YML129C,YPR182W,YML129C,0.0163287644254083,7
YPR182W_YIL156W-B,YPR182W,YIL156W-B,0.0140387778715648,7
YPR182W_YLR327C,YPR182W,YLR327C,0.0107343000744421,7
YPR182W_snR64,YPR182W,snR64,0.0188795769917686,7
YPR182W_YJL062W-A,YPR182W,YJL062W-A,0.0116183166225423,7
YPR182W_YNL103W-A,YPR182W,YNL103W-A,0.0117486420578833,7
YPR182W_snR40,YPR182W,snR40,0.0243309740914943,7
YPR182W_YEL017C-A,YPR182W,YEL017C-A,0.0198532695094284,7
YPR182W_YOL097W-A,YPR182W,YOL097W-A,0.0142226914141012,7
YPR182W_YLL018C-A,YPR182W,YLL018C-A,0.0180217017791718,7
YPR182W_YDL181W,YPR182W,YDL181W,0.0111979914925663,7
YPR182W_YEL059C-A,YPR182W,YEL059C-A,0.011527530397689,7
YPR182W_YDR482C,YPR182W,YDR482C,0.0110651844614024,7
YPR182W_snR8,YPR182W,snR8,0.016077037190221,7
YPR182W_YPL096C-A,YPR182W,YPL096C-A,0.0116124224050017,7
YPR182W_YGR161W-C,YPR182W,YGR161W-C,0.0149978748032035,7
YPR182W_YJL064W,YPR182W,YJL064W,0.0113054684489777,7
YPR182W_YER138W-A,YPR182W,YER138W-A,0.0147438866572386,7
YPR182W_YLR204W,YPR182W,YLR204W,0.0114039503480698,7
YPR182W_YPL271W,YPR182W,YPL271W,0.0126762436508196,7
YPR182W_YLR399W-A,YPR182W,YLR399W-A,0.0242955968699094,7
YEL032C-A_YKL106C-A,YEL032C-A,YKL106C-A,0.0787173328466108,7
YEL032C-A_YDL232W,YEL032C-A,YDL232W,0.159796238943051,7
YEL032C-A_snR87,YEL032C-A,snR87,0.0426754590150261,7
YEL032C-A_YDR034C-A,YEL032C-A,YDR034C-A,0.0271092495842197,7
YEL032C-A_YLR154W-E,YEL032C-A,YLR154W-E,0.020202003710399,7
YEL032C-A_YHR072W-A,YEL032C-A,YHR072W-A,0.0232048618792943,7
YEL032C-A_snR58,YEL032C-A,snR58,0.0489330829411781,7
YEL032C-A_YMR272W-A,YEL032C-A,YMR272W-A,0.0796662266079309,7
YEL032C-A_snR38,YEL032C-A,snR38,0.0235344403919982,7
YEL032C-A_YER053C-A,YEL032C-A,YER053C-A,0.0746311529853945,7
YEL032C-A_YDR118W-A,YEL032C-A,YDR118W-A,0.0196495391204307,7
YEL032C-A_snR59,YEL032C-A,snR59,0.0693435700771775,7
YDR354C-A_YBL071C-B,YDR354C-A,YBL071C-B,0.0122250224066297,7
YDR354C-A_YHL015W-A,YDR354C-A,YHL015W-A,0.0161807737675379,7
YDR354C-A_YLR154W-F,YDR354C-A,YLR154W-F,0.0302516936235812,7
tP(UGG)Q_snR18,tP(UGG)Q,snR18,-0.0979011106174895,7
tP(UGG)Q_YLR149C-A,tP(UGG)Q,YLR149C-A,-0.0185595539230632,7
tP(UGG)Q_snR69,tP(UGG)Q,snR69,-0.0348189008265413,7
tP(UGG)Q_YPR169W-A,tP(UGG)Q,YPR169W-A,-0.0131961348552249,7
tP(UGG)Q_YNL145W,tP(UGG)Q,YNL145W,-0.0205979831679074,7
tP(UGG)Q_tE(UUC)Q,tP(UGG)Q,tE(UUC)Q,0.0521857982148613,7
tP(UGG)Q_YPL152W-A,tP(UGG)Q,YPL152W-A,0.0430105921540066,7
tP(UGG)Q_YHR073W-A,tP(UGG)Q,YHR073W-A,-0.0252595627733955,7
tP(UGG)Q_tM(CAU)Q2,tP(UGG)Q,tM(CAU)Q2,0.0375462198198435,7
tP(UGG)Q_snR24,tP(UGG)Q,snR24,0.0486785892075029,7
tP(UGG)Q_tV(UAC)Q,tP(UGG)Q,tV(UAC)Q,0.0417253550900448,7
tP(UGG)Q_YBR221W-A,tP(UGG)Q,YBR221W-A,-0.0128669156135192,7
tP(UGG)Q_YPR133W-A,tP(UGG)Q,YPR133W-A,-0.0168130874899851,7
tP(UGG)Q_snR59,tP(UGG)Q,snR59,-0.0458960230654361,7
tP(UGG)Q_snR39,tP(UGG)Q,snR39,-0.0719644221635523,7
tP(UGG)Q_YGL007C-A,tP(UGG)Q,YGL007C-A,0.0368711900481947,7
tP(UGG)Q_snR78,tP(UGG)Q,snR78,-0.02513771419818,7
YOR161W-A_YML007C-A,YOR161W-A,YML007C-A,0.0245878317831428,7
YOR161W-A_YJL127W-A,YOR161W-A,YJL127W-A,0.0106531294579321,7
YOR161W-A_snR66,YOR161W-A,snR66,-0.0237099898117913,7
YOR161W-A_YAR035C-A,YOR161W-A,YAR035C-A,0.0120828299113273,7
YOR161W-A_YDR461W,YOR161W-A,YDR461W,0.022503025263249,7
YOR161W-A_snR58,YOR161W-A,snR58,-0.0187447412932992,7
YOR161W-A_YGL063C-A,YOR161W-A,YGL063C-A,0.0126095661889299,7
YOR161W-A_YBR131C-A,YOR161W-A,YBR131C-A,0.0138144867592964,7
YOR161W-A_YOR302W,YOR161W-A,YOR302W,0.0719372842838041,7
YOR161W-A_tV(UAC)Q,YOR161W-A,tV(UAC)Q,0.0304046140354443,7
YOR161W-A_YLR162W-A,YOR161W-A,YLR162W-A,-0.0192341205310861,7
YOR161W-A_YMR256C,YOR161W-A,YMR256C,0.0192645318782967,7
YOR161W-A_tX(XXX)D,YOR161W-A,tX(XXX)D,0.0114187128017665,7
YOR161W-A_YJL077W-A,YOR161W-A,YJL077W-A,0.021056457296648,7
YOR161W-A_YLL019W-A,YOR161W-A,YLL019W-A,0.019958909639332,7
snR77_snR76,snR77,snR76,0.0184144454968084,7
snR77_YOR314W-A,snR77,YOR314W-A,0.0144582972463652,7
snR77_YHR073C-B,snR77,YHR073C-B,0.0217454364231434,7
YGR068W-A_YDR354C-A,YGR068W-A,YDR354C-A,0.0114307366722371,7
YGR068W-A_YDL061C,YGR068W-A,YDL061C,0.0110364277778628,7
YGR068W-A_snR40,YGR068W-A,snR40,0.0192797643186719,7
YGR068W-A_YKR057W,YGR068W-A,YKR057W,0.0105003912379523,7
YGR068W-A_YDL067C,YGR068W-A,YDL067C,0.0122061045363631,7
YGR068W-A_YBR056C-B,YGR068W-A,YBR056C-B,0.0112176352477506,7
YGR068W-A_YLR438C-A,YGR068W-A,YLR438C-A,0.0110758808961642,7
YGR068W-A_snR85,YGR068W-A,snR85,0.0120706033608343,7
YGR068W-A_snR55,YGR068W-A,snR55,0.0109185257989031,7
YGR068W-A_YBR126W-A,YGR068W-A,YBR126W-A,0.0114707876868636,7
YDL232W_snR189,YDL232W,snR189,0.0181827225501267,7
YDL232W_YBL039W-B,YDL232W,YBL039W-B,0.0222247296972686,7
YDL232W_YKL106C-A,YDL232W,YKL106C-A,0.148835809648962,7
YDL232W_tY(GUA)Q,YDL232W,tY(GUA)Q,0.0125054400456835,7
YDL232W_YEL032C-A,YDL232W,YEL032C-A,0.15221782168409,7
YDL232W_YIL008W,YDL232W,YIL008W,0.0140921158200834,7
YDL232W_tP(UGG)Q,YDL232W,tP(UGG)Q,-0.101458606583316,7
YDL232W_YCR020W-B,YDL232W,YCR020W-B,0.0139986352578411,7
YDL232W_tQ(UUG)B,YDL232W,tQ(UUG)B,0.0201982884851232,7
YDL232W_snR18,YDL232W,snR18,0.257393808084089,7
YDL232W_YLR149C-A,YDL232W,YLR149C-A,0.0528681159508726,7
YDL232W_YML054C-A,YDL232W,YML054C-A,0.0106381040370676,7
YDL232W_tS(GCU)Q1,YDL232W,tS(GCU)Q1,0.0114039510940689,7
YDL232W_snR87,YDL232W,snR87,0.0744374054354003,7
YDL232W_YKL162C-A,YDL232W,YKL162C-A,0.0489465010536257,7
YDL232W_snR69,YDL232W,snR69,0.0938109761384995,7
YDL232W_YDL159W-A,YDL232W,YDL159W-A,0.0283361953499065,7
YDL232W_tL(GAG)G,YDL232W,tL(GAG)G,0.0118962110727559,7
YDL232W_YLR154W-E,YDL232W,YLR154W-E,0.036886801032444,7
YDL232W_YPR169W-A,YDL232W,YPR169W-A,0.0367405305010332,7
YDL232W_YMR307C-A,YDL232W,YMR307C-A,0.0246108156502841,7
YDL232W_YNL145W,YDL232W,YNL145W,0.0548290451269491,7
YDL232W_YBL073W,YDL232W,YBL073W,0.0135041753735212,7
YDL232W_tV(AAC)O,YDL232W,tV(AAC)O,0.0846282249600512,7
YDL232W_YDR246W-A,YDL232W,YDR246W-A,0.0178197239178863,7
YDL232W_YDL247W-A,YDL232W,YDL247W-A,0.0211690587265966,7
YDL232W_snR74,YDL232W,snR74,0.0306461258404111,7
YDL232W_tE(UUC)Q,YDL232W,tE(UUC)Q,-0.101458606583317,7
YDL232W_YHR072W-A,YDL232W,YHR072W-A,0.0349150079184372,7
YDL232W_YDL133C-A,YDL232W,YDL133C-A,0.047883715973654,7
YDL232W_YIR044C,YDL232W,YIR044C,0.0134707890781855,7
YDL232W_snR38,YDL232W,snR38,0.0424922740124241,7
YDL232W_tD(GUC)N,YDL232W,tD(GUC)N,0.0214226974261313,7
YDL232W_YHR073W-A,YDL232W,YHR073W-A,0.0723259657851096,7
YDL232W_YFR012W-A,YDL232W,YFR012W-A,0.0117067445955806,7
YDL232W_YGR174W-A,YDL232W,YGR174W-A,0.0373684538196123,7
YDL232W_YLL009C,YDL232W,YLL009C,0.0243024633992398,7
YDL232W_YER090C-A,YDL232W,YER090C-A,0.0875656270980923,7
YDL232W_snR50,YDL232W,snR50,0.0734935052239929,7
YDL232W_YMR247W-A,YDL232W,YMR247W-A,0.011184739071141,7
YDL232W_YMR182W-A,YDL232W,YMR182W-A,0.0724137350123818,7
YDL232W_YNL015W,YDL232W,YNL015W,0.0334974096608712,7
YDL232W_YIL105W-A,YDL232W,YIL105W-A,0.0167189120126199,7
YDL232W_YJL047C-A,YDL232W,YJL047C-A,0.0174329441182885,7
YDL232W_tR(ACG)Q2,YDL232W,tR(ACG)Q2,0.0180205218480768,7
YDL232W_tC(GCA)Q,YDL232W,tC(GCA)Q,0.0161496249862159,7
YDL232W_YBR221W-A,YDL232W,YBR221W-A,0.032123551410446,7
YDL232W_YPR133W-A,YDL232W,YPR133W-A,0.0488372721313365,7
YDL232W_snR72,YDL232W,snR72,0.0341850513128916,7
YDL232W_YGR122C-A,YDL232W,YGR122C-A,0.0153525707887877,7
YDL232W_YMR230W-A,YDL232W,YMR230W-A,0.0104235289562886,7
YDL232W_YGL188C-A,YDL232W,YGL188C-A,0.0383071275630965,7
YDL232W_YBL107W-A,YDL232W,YBL107W-A,0.0241863957043462,7
YDL232W_tR(CCU)J,YDL232W,tR(CCU)J,0.072014847051999,7
YDL232W_tS(CGA)C,YDL232W,tS(CGA)C,0.0137538923213376,7
YDL232W_snR59,YDL232W,snR59,0.128466863790974,7
YDL232W_YNL144W-A,YDL232W,YNL144W-A,0.0546065745864236,7
YDL232W_YOL038C-A,YDL232W,YOL038C-A,0.028909407498327,7
YDL232W_snR39,YDL232W,snR39,0.210271642963166,7
YDL232W_tR(ACG)J,YDL232W,tR(ACG)J,0.0190672270197962,7
YDL232W_YOR293C-A,YDL232W,YOR293C-A,0.0119009856848786,7
YDL232W_YLR299C-A,YDL232W,YLR299C-A,0.0679814082183805,7
YDL232W_snR78,YDL232W,snR78,0.0626436218620941,7
YDL232W_YBR126W-A,YDL232W,YBR126W-A,0.058164571550462,7
snR18_tP(UGG)Q,snR18,tP(UGG)Q,-0.0982484555656889,7
snR18_YDL232W,snR18,YDL232W,0.262718758182356,7
snR18_YLR149C-A,snR18,YLR149C-A,0.0464551345376545,7
snR18_YDL159W-A,snR18,YDL159W-A,0.0255561073955722,7
snR18_YPR169W-A,snR18,YPR169W-A,0.0334043986619639,7
snR18_YNL145W,snR18,YNL145W,0.0484590636115264,7
snR18_tV(AAC)O,snR18,tV(AAC)O,0.0806350859000253,7
snR18_tE(UUC)Q,snR18,tE(UUC)Q,-0.098248455565689,7
snR18_YDL133C-A,snR18,YDL133C-A,0.042727542805586,7
snR18_YIR044C,snR18,YIR044C,0.0120913999948378,7
snR18_YHR073W-A,snR18,YHR073W-A,0.0634851297819064,7
snR18_YER090C-A,snR18,YER090C-A,0.0772752891825427,7
snR18_YJL047C-A,snR18,YJL047C-A,0.0153141892105565,7
snR18_tR(CCU)J,snR18,tR(CCU)J,0.0681246444167236,7
snR18_snR39,snR18,snR39,0.182845728091289,7
snR18_YLR299C-A,snR18,YLR299C-A,0.0629156435979563,7
YGL006W-A_snR67,YGL006W-A,snR67,0.0204068531999899,7
YLR402W_YOR161W-A,YLR402W,YOR161W-A,0.0464338565358098,7
YLR402W_YGR063C,YLR402W,YGR063C,0.0157247179284897,7
YLR402W_YML007C-A,YLR402W,YML007C-A,0.030496647630166,7
YLR402W_YLR110C,YLR402W,YLR110C,0.0156467431820639,7
YLR402W_YCL048W-A,YLR402W,YCL048W-A,0.014930611059125,7
YLR402W_YGR169C-A,YLR402W,YGR169C-A,0.0177742612537736,7
YLR402W_YDR276C,YLR402W,YDR276C,0.0393906583442839,7
YLR402W_YHR193C,YLR402W,YHR193C,0.0101132171708356,7
YLR402W_YMR122W-A,YLR402W,YMR122W-A,0.0210661598890756,7
YLR402W_YAR035C-A,YLR402W,YAR035C-A,0.0144325573083371,7
YLR402W_YMR002W,YLR402W,YMR002W,0.023572531983412,7
YLR402W_YDR461W,YLR402W,YDR461W,0.0280379664577975,7
YLR402W_snR128,YLR402W,snR128,0.0513489936786739,7
YLR402W_YCL057C-A,YLR402W,YCL057C-A,0.0194327312930278,7
YLR402W_YGL063C-A,YLR402W,YGL063C-A,0.0157959103958187,7
YLR402W_YKL096W-A,YLR402W,YKL096W-A,0.0236231315479886,7
YLR402W_YPL152W-A,YLR402W,YPL152W-A,0.0468684308480562,7
YLR402W_YBR131C-A,YLR402W,YBR131C-A,0.0173036535271684,7
YLR402W_YBR162W-A,YLR402W,YBR162W-A,0.0143763115956995,7
YLR402W_YPL189C-A,YLR402W,YPL189C-A,0.0484938660829415,7
YLR402W_YOR302W,YLR402W,YOR302W,0.0902347211850379,7
YLR402W_YDR210W,YLR402W,YDR210W,0.0257132278559145,7
YLR402W_YNL097C-B,YLR402W,YNL097C-B,0.0123929478553978,7
YLR402W_YER058W,YLR402W,YER058W,0.0103167200930371,7
YLR402W_YDR524C-B,YLR402W,YDR524C-B,0.0367808804356637,7
YLR402W_YMR256C,YLR402W,YMR256C,0.024404551851982,7
YLR402W_tX(XXX)D,YLR402W,tX(XXX)D,0.0142217869752068,7
YLR402W_YJR114W,YLR402W,YJR114W,0.0204615224796734,7
YLR402W_YDR377W,YLR402W,YDR377W,0.0149707987206005,7
YLR402W_YNR042W,YLR402W,YNR042W,0.0134942274979606,7
YLR402W_YJL077W-A,YLR402W,YJL077W-A,0.0262241029348165,7
YLR402W_YLR099W-A,YLR402W,YLR099W-A,0.0325365344040489,7
YLR402W_YJR085C,YLR402W,YJR085C,0.0214968069458935,7
YLR402W_YLL019W-A,YLR402W,YLL019W-A,0.0244588740782398,7
YLR402W_YBR200W-A,YLR402W,YBR200W-A,0.0102564639553366,7
YLR402W_snR79,YLR402W,snR79,0.0722035786863703,7
YLR402W_YLR287C-A,YLR402W,YLR287C-A,0.0131850808951191,7
YLR402W_YIL087C,YLR402W,YIL087C,0.0120838240717817,7
YLR402W_YPL135C-A,YLR402W,YPL135C-A,0.0456383363500268,7
snR76_snR24,snR76,snR24,0.048650899793253,7
snR87_YKL156C-A,snR87,YKL156C-A,0.0247688636406429,7
YML129C_snR85,YML129C,snR85,0.0100313218463176,7
YEL008C-A_YBR141W-A,YEL008C-A,YBR141W-A,0.0673998868032649,7
YEL008C-A_snR39B,YEL008C-A,snR39B,0.0410993425112141,7
snR69_snR38,snR69,snR38,0.0139987620293431,7
snR69_snR59,snR69,snR59,0.0432579041323925,7
YDR276C_YML058W,YDR276C,YML058W,0.0106134790619095,7
YDR276C_snR77,YDR276C,snR77,0.0232508233951903,7
YDR276C_YGL006W-A,YDR276C,YGL006W-A,0.015754424706682,7
YDR276C_YIL156W-B,YDR276C,YIL156W-B,0.0122670622357435,7
YDR276C_YOR314W-A,YDR276C,YOR314W-A,0.0143347660091396,7
YDR276C_YNL103W-A,YDR276C,YNL103W-A,0.0113223679700207,7
YDR276C_YHR073C-B,YDR276C,YHR073C-B,0.0200743928700004,7
YDR276C_YBR230W-A,YDR276C,YBR230W-A,0.0112535165381424,7
YDR276C_YGR236C,YDR276C,YGR236C,0.0128442157351217,7
YDR276C_YEL017C-A,YDR276C,YEL017C-A,0.0174526230062962,7
YDR276C_YPL096C-A,YDR276C,YPL096C-A,0.0109790720206819,7
YDR276C_YDR371C-A,YDR276C,YDR371C-A,0.0125710801614027,7
YDR276C_YMR251W-A,YDR276C,YMR251W-A,0.0239495351580214,7
YDR276C_YLR399W-A,YDR276C,YLR399W-A,0.021318200106333,7
snR64_YDR354C-A,snR64,YDR354C-A,0.0114942793095131,7
snR64_YBL071C-B,snR64,YBL071C-B,0.0108777126788726,7
snR64_YDL061C,snR64,YDL061C,0.0116310843902632,7
snR64_YML129C,snR64,YML129C,0.0135940129773352,7
snR64_snR40,snR64,snR40,0.0201265309472608,7
snR64_YOL097W-A,snR64,YOL097W-A,0.0102651565381492,7
snR64_YKR057W,snR64,YKR057W,0.0111700874286054,7
snR64_YDL067C,snR64,YDL067C,0.0127217019123934,7
snR64_YBR056C-B,snR64,YBR056C-B,0.0115659691290243,7
snR64_YLR438C-A,snR64,YLR438C-A,0.0114518202181966,7
snR64_snR85,snR64,snR85,0.0127201402174628,7
snR64_snR55,snR64,snR55,0.0116292179374209,7
snR64_YCR047W-A,snR64,YCR047W-A,0.0148102291799322,7
snR64_YBR126W-A,snR64,YBR126W-A,0.0123243928920382,7
snR71_YHR073C-B,snR71,YHR073C-B,0.0250060203784732,7
snR71_YDL114W-A,snR71,YDL114W-A,0.0247148574221921,7
YNR003W-A_snR67,YNR003W-A,snR67,0.0112721793400845,7
YNL097W-A_YEL008C-A,YNL097W-A,YEL008C-A,0.0424515284576222,7
YNL097W-A_YBR141W-A,YNL097W-A,YBR141W-A,0.0630860563398247,7
YNL097W-A_snR39B,YNL097W-A,snR39B,0.0410787049018886,7
YNL097W-A_YCR024C-A,YNL097W-A,YCR024C-A,0.0383698586387609,7
YNL097W-A_snR79,YNL097W-A,snR79,0.0621902125036669,7
YNL097W-A_YMR242W-A,YNL097W-A,YMR242W-A,0.0139935336938769,7
YNL097W-A_YPL135C-A,YNL097W-A,YPL135C-A,0.0394846567621048,7
YKL156C-A_YEL032C-A,YKL156C-A,YEL032C-A,0.0435147847995223,7
YKL156C-A_YGR068W-A,YKL156C-A,YGR068W-A,0.0227848168452454,7
YKL156C-A_snR87,YKL156C-A,snR87,0.023558931908687,7
YKL156C-A_snR64,YKL156C-A,snR64,0.0236271469221925,7
YKL156C-A_YMR272W-A,YKL156C-A,YMR272W-A,0.0438377585841329,7
YKL156C-A_YCR047W-A,YKL156C-A,YCR047W-A,0.0204754402746213,7
YKL156C-A_YBR126W-A,YKL156C-A,YBR126W-A,0.0177979700731158,7
YDR461W_snR66,YDR461W,snR66,-0.0136973057961085,7
YDR461W_YLR162W-A,YDR461W,YLR162W-A,-0.0110788947253076,7
snR128_YPR182W,snR128,YPR182W,0.0331790751020796,7
snR128_YML058W,snR128,YML058W,0.0131062822274919,7
snR128_YOR161W-A,snR128,YOR161W-A,0.0358657389890044,7
snR128_YGR063C,snR128,YGR063C,0.0127635542054767,7
snR128_YML007C-A,snR128,YML007C-A,0.0234189392502065,7
snR128_YGL006W-A,snR128,YGL006W-A,0.0188259419956242,7
snR128_YLR402W,snR128,YLR402W,0.0507157857509702,7
snR128_YLR110C,snR128,YLR110C,0.0128742407168085,7
snR128_YCL048W-A,snR128,YCL048W-A,0.0122364487748159,7
snR128_YGR169C-A,snR128,YGR169C-A,0.0141713400852564,7
snR128_YDR276C,snR128,YDR276C,0.0325890166281061,7
snR128_YNR003W-A,snR128,YNR003W-A,0.0120104870409964,7
snR128_YMR122W-A,snR128,YMR122W-A,0.0172659212913376,7
snR128_YAR035C-A,snR128,YAR035C-A,0.0108538335892359,7
snR128_YMR002W,snR128,YMR002W,0.0190505820639256,7
snR128_YDR461W,snR128,YDR461W,0.0217619711092179,7
snR128_YNL103W-A,snR128,YNL103W-A,0.0139123324992588,7
snR128_YDL012C,snR128,YDL012C,0.0103663512355488,7
snR128_YPL037C,snR128,YPL037C,0.0121114192189485,7
snR128_YCL057C-A,snR128,YCL057C-A,0.0158438239367372,7
snR128_YGL063C-A,snR128,YGL063C-A,0.0124282149352376,7
snR128_YBR230W-A,snR128,YBR230W-A,0.0140943130073019,7
snR128_YGR236C,snR128,YGR236C,0.0159514742130459,7
snR128_YKL096W-A,snR128,YKL096W-A,0.0189890995980324,7
snR128_YBR131C-A,snR128,YBR131C-A,0.013781700382989,7
snR128_YBR162W-A,snR128,YBR162W-A,0.0115703761200325,7
snR128_YPL189C-A,snR128,YPL189C-A,0.040757496865069,7
snR128_YOR302W,snR128,YOR302W,0.0701275762770194,7
snR128_YDR210W,snR128,YDR210W,0.0210658181995817,7
snR128_YFR049W,snR128,YFR049W,0.0119502003225775,7
snR128_YDL181W,snR128,YDL181W,0.0137129107754896,7
snR128_YBR016W,snR128,YBR016W,0.0152826930637663,7
snR128_YEL059C-A,snR128,YEL059C-A,0.0138980604765554,7
snR128_YDR524C-B,snR128,YDR524C-B,0.0301320874392588,7
snR128_YMR256C,snR128,YMR256C,0.0190108231411217,7
snR128_tX(XXX)D,snR128,tX(XXX)D,0.0108647402662092,7
snR128_YJR114W,snR128,YJR114W,0.0167802873797459,7
snR128_YDR377W,snR128,YDR377W,0.0122313525782023,7
snR128_YDR371C-A,snR128,YDR371C-A,0.015181032545534,7
snR128_YNR042W,snR128,YNR042W,0.0110698282605874,7
snR128_YJL077W-A,snR128,YJL077W-A,0.0200480772700488,7
snR128_YLR099W-A,snR128,YLR099W-A,0.0268881561907724,7
snR128_YMR251W-A,snR128,YMR251W-A,0.0290921456757937,7
snR128_YJR085C,snR128,YJR085C,0.0176557346909458,7
snR128_YLL019W-A,snR128,YLL019W-A,0.0192853366390693,7
snR128_YPL271W,snR128,YPL271W,0.0155005149095303,7
snR128_YLR287C-A,snR128,YLR287C-A,0.0105031509741964,7
snR128_YPL135C-A,snR128,YPL135C-A,0.0376252209702316,7
tV(AAC)O_YKL106C-A,tV(AAC)O,YKL106C-A,0.0455871948418669,7
tV(AAC)O_YJL136W-A,tV(AAC)O,YJL136W-A,0.0168076827177886,7
tV(AAC)O_YKL162C-A,tV(AAC)O,YKL162C-A,0.0156370131798996,7
tV(AAC)O_tF(GAA)Q,tV(AAC)O,tF(GAA)Q,0.0103154890045837,7
tV(AAC)O_YNL145W,tV(AAC)O,YNL145W,0.0170108274542055,7
tV(AAC)O_snR71,tV(AAC)O,snR71,-0.0261446522629749,7
tV(AAC)O_snR74,tV(AAC)O,snR74,0.0114175294607994,7
tV(AAC)O_YDL133C-A,tV(AAC)O,YDL133C-A,0.0166145888713606,7
tV(AAC)O_YHR073W-A,tV(AAC)O,YHR073W-A,0.0229758487302439,7
tV(AAC)O_YGR174W-A,tV(AAC)O,YGR174W-A,0.0141660425907956,7
tV(AAC)O_snR50,tV(AAC)O,snR50,0.0228822809662027,7
tV(AAC)O_tR(CCG)L,tV(AAC)O,tR(CCG)L,0.0196625445448315,7
tV(AAC)O_YMR182W-A,tV(AAC)O,YMR182W-A,0.0276088313521868,7
tV(AAC)O_YNL015W,tV(AAC)O,YNL015W,0.0102346754682028,7
tV(AAC)O_YBR221W-A,tV(AAC)O,YBR221W-A,0.0108647215911868,7
tV(AAC)O_snR72,tV(AAC)O,snR72,0.0128339323947839,7
tV(AAC)O_YGL188C-A,tV(AAC)O,YGL188C-A,0.0150566453949839,7
tV(AAC)O_tN(GUU)Q,tV(AAC)O,tN(GUU)Q,0.0129607615943681,7
tV(AAC)O_tR(CCU)J,tV(AAC)O,tR(CCU)J,0.0271050768011516,7
tV(AAC)O_snR65,tV(AAC)O,snR65,0.0139761867750664,7
tV(AAC)O_YNL144W-A,tV(AAC)O,YNL144W-A,0.0204759484347616,7
tV(AAC)O_YOL038C-A,tV(AAC)O,YOL038C-A,0.0109119219525191,7
tV(AAC)O_snR39,tV(AAC)O,snR39,0.0655436484128725,7
tV(AAC)O_YLR299C-A,tV(AAC)O,YLR299C-A,0.0251112155542151,7
tV(AAC)O_snR78,tV(AAC)O,snR78,0.0208506471413846,7
tE(UUC)Q_tP(UGG)Q,tE(UUC)Q,tP(UGG)Q,0.0521857982148603,7
tE(UUC)Q_snR18,tE(UUC)Q,snR18,-0.0979011106174896,7
tE(UUC)Q_YLR149C-A,tE(UUC)Q,YLR149C-A,-0.0185595539230634,7
tE(UUC)Q_snR69,tE(UUC)Q,snR69,-0.0348189008265418,7
tE(UUC)Q_YPR169W-A,tE(UUC)Q,YPR169W-A,-0.0131961348552246,7
tE(UUC)Q_YNL145W,tE(UUC)Q,YNL145W,-0.0205979831679073,7
tE(UUC)Q_tV(AAC)O,tE(UUC)Q,tV(AAC)O,-0.0328196432743874,7
tE(UUC)Q_YPL152W-A,tE(UUC)Q,YPL152W-A,0.0430105921540052,7
tE(UUC)Q_YHR073W-A,tE(UUC)Q,YHR073W-A,-0.0252595627733955,7
tE(UUC)Q_tM(CAU)Q2,tE(UUC)Q,tM(CAU)Q2,0.0375462198198433,7
tE(UUC)Q_snR24,tE(UUC)Q,snR24,0.0486785892075039,7
tE(UUC)Q_tV(UAC)Q,tE(UUC)Q,tV(UAC)Q,0.0417253550900454,7
tE(UUC)Q_YBR221W-A,tE(UUC)Q,YBR221W-A,-0.012866915613519,7
tE(UUC)Q_YPR133W-A,tE(UUC)Q,YPR133W-A,-0.0168130874899847,7
tE(UUC)Q_snR59,tE(UUC)Q,snR59,-0.0458960230654361,7
tE(UUC)Q_snR39,tE(UUC)Q,snR39,-0.0719644221635525,7
tE(UUC)Q_YGL007C-A,tE(UUC)Q,YGL007C-A,0.0368711900481952,7
tE(UUC)Q_snR78,tE(UUC)Q,snR78,-0.0251377141981802,7
YDL184C_YJR151W-A,YDL184C,YJR151W-A,0.233792515986915,7
YHR072W-A_YKL100W-A,YHR072W-A,YKL100W-A,0.0170569874049884,7
snR58_YDR034C-A,snR58,YDR034C-A,0.0184399218394327,7
snR58_YER053C-A,snR58,YER053C-A,0.0475968398694427,7
snR58_YKL100W-A,snR58,YKL100W-A,0.0378998993948994,7
snR40_YJL205C,snR40,YJL205C,0.0139819458693279,7
snR40_YGR068W-A,snR40,YGR068W-A,0.0191899250630328,7
snR40_YCR038W-A,snR40,YCR038W-A,0.0234491760335544,7
snR40_YBL006W-A,snR40,YBL006W-A,0.0155694349171999,7
snR40_YML129C,snR40,YML129C,0.0173951559502421,7
snR40_snR64,snR40,snR64,0.0201795696173277,7
snR40_YKL156C-A,snR40,YKL156C-A,0.0264570318579583,7
snR40_YLR264W,snR40,YLR264W,0.0114956156595855,7
snR40_snR81,snR40,snR81,0.0131015627418112,7
snR40_YKR057W,snR40,YKR057W,0.0131801860407976,7
snR40_YLL018C-A,snR40,YLL018C-A,0.0179606048007241,7
snR40_YBR126W-B,snR40,YBR126W-B,0.0140236636762323,7
snR40_snR85,snR40,snR85,0.0147325814404286,7
snR40_YCR047W-A,snR40,YCR047W-A,0.0186651514704527,7
snR40_YER138W-A,snR40,YER138W-A,0.0137804408849447,7
YMR272W-A_YMR315W-A,YMR272W-A,YMR315W-A,0.0162652367320874,7
YMR272W-A_YEL032C-A,YMR272W-A,YEL032C-A,0.078478090355195,7
YMR272W-A_YBL071C-B,YMR272W-A,YBL071C-B,0.0371142311097905,7
YMR272W-A_YDR034C-A,YMR272W-A,YDR034C-A,0.0226259145562242,7
YMR272W-A_YKL156C-A,YMR272W-A,YKL156C-A,0.0448666363499073,7
YMR272W-A_YHR072W-A,YMR272W-A,YHR072W-A,0.0193276379760565,7
YMR272W-A_snR58,YMR272W-A,snR58,0.0430029231292811,7
YMR272W-A_YER053C-A,YMR272W-A,YER053C-A,0.0724092190765684,7
YMR272W-A_YDR118W-A,YMR272W-A,YDR118W-A,0.0162759190200909,7
YMR272W-A_YKL100W-A,YMR272W-A,YKL100W-A,0.0559589181536503,7
YMR272W-A_snR53,YMR272W-A,snR53,0.0115485657475457,7
YMR272W-A_YHL015W-A,YMR272W-A,YHL015W-A,0.0529772053835836,7
YPL152W-A_YPR182W,YPL152W-A,YPR182W,0.0306991470268181,7
YPL152W-A_YML058W,YPL152W-A,YML058W,0.0137782622910843,7
YPL152W-A_snR77,YPL152W-A,snR77,0.0321320439677871,7
YPL152W-A_YGL006W-A,YPL152W-A,YGL006W-A,0.02114871084851,7
YPL152W-A_YLR402W,YPL152W-A,YLR402W,0.0475569662019155,7
YPL152W-A_YLR110C,YPL152W-A,YLR110C,0.0129836838783556,7
YPL152W-A_snR76,YPL152W-A,snR76,0.0240972852439721,7
YPL152W-A_YCL048W-A,YPL152W-A,YCL048W-A,0.0124938023934265,7
YPL152W-A_YDR276C,YPL152W-A,YDR276C,0.0337181709651855,7
YPL152W-A_YOR314W-A,YPL152W-A,YOR314W-A,0.0200510937564949,7
YPL152W-A_snR71,YPL152W-A,snR71,0.0285261852795987,7
YPL152W-A_YNR003W-A,YPL152W-A,YNR003W-A,0.0130523861474729,7
YPL152W-A_snR128,YPL152W-A,snR128,0.0402965348817415,7
YPL152W-A_YNL103W-A,YPL152W-A,YNL103W-A,0.0148998115603112,7
YPL152W-A_YPL037C,YPL152W-A,YPL037C,0.0124087849126121,7
YPL152W-A_YHR073C-B,YPL152W-A,YHR073C-B,0.0294063594017724,7
YPL152W-A_YBR230W-A,YPL152W-A,YBR230W-A,0.01441751732678,7
YPL152W-A_YGR236C,YPL152W-A,YGR236C,0.016600680564754,7
YPL152W-A_YKL096W-A,YPL152W-A,YKL096W-A,0.0186722874240732,7
YPL152W-A_YBR131C-A,YPL152W-A,YBR131C-A,0.0150133092688993,7
YPL152W-A_tM(CAU)Q2,YPL152W-A,tM(CAU)Q2,0.0315243037568778,7
YPL152W-A_snR67,YPL152W-A,snR67,0.0371713228283548,7
YPL152W-A_YPL189C-A,YPL152W-A,YPL189C-A,0.040182749499022,7
YPL152W-A_snR24,YPL152W-A,snR24,0.0530673822799249,7
YPL152W-A_YDR210W,YPL152W-A,YDR210W,0.0209117749091676,7
YPL152W-A_YFR049W,YPL152W-A,YFR049W,0.0116156301586267,7
YPL152W-A_tV(UAC)Q,YPL152W-A,tV(UAC)Q,0.0350331611153825,7
YPL152W-A_YDL181W,YPL152W-A,YDL181W,0.014187990883016,7
YPL152W-A_YBR016W,YPL152W-A,YBR016W,0.0142072792830792,7
YPL152W-A_snR13,YPL152W-A,snR13,0.0117039819312294,7
YPL152W-A_YEL059C-A,YPL152W-A,YEL059C-A,0.0136942602515026,7
YPL152W-A_YDR524C-B,YPL152W-A,YDR524C-B,0.0293086839415003,7
YPL152W-A_YMR174C,YPL152W-A,YMR174C,0.0115225509688107,7
YPL152W-A_snR8,YPL152W-A,snR8,0.0197236235230274,7
YPL152W-A_YJR114W,YPL152W-A,YJR114W,0.0158430052097878,7
YPL152W-A_YDR377W,YPL152W-A,YDR377W,0.0118717914424334,7
YPL152W-A_YPL096C-A,YPL152W-A,YPL096C-A,0.0147727736234595,7
YPL152W-A_YDR371C-A,YPL152W-A,YDR371C-A,0.0166614148446993,7
YPL152W-A_YNR042W,YPL152W-A,YNR042W,0.0103945077346843,7
YPL152W-A_YIL134C-A,YPL152W-A,YIL134C-A,0.0104444421992025,7
YPL152W-A_YLR099W-A,YPL152W-A,YLR099W-A,0.0269803828849164,7
YPL152W-A_YMR251W-A,YPL152W-A,YMR251W-A,0.0314853211171049,7
YPL152W-A_YJR085C,YPL152W-A,YJR085C,0.0178586042055509,7
YPL152W-A_YGL007C-A,YPL152W-A,YGL007C-A,0.033303790775017,7
YPL152W-A_YLL019W-A,YPL152W-A,YLL019W-A,0.0209351660661415,7
YPL152W-A_YLR204W,YPL152W-A,YLR204W,0.012721206829094,7
YPL152W-A_YPL271W,YPL152W-A,YPL271W,0.0145487790297644,7
YPL152W-A_YLR120W-A,YPL152W-A,YLR120W-A,0.0111479904740847,7
YPL152W-A_YDL114W-A,YPL152W-A,YDL114W-A,0.0268452225002449,7
YPL152W-A_YLR399W-A,YPL152W-A,YLR399W-A,0.0277724333097838,7
YEL017C-A_YDR354C-A,YEL017C-A,YDR354C-A,0.0101824730623714,7
YEL017C-A_snR8,YEL017C-A,snR8,0.0109642088519872,7
YEL017C-A_YLR399W-A,YEL017C-A,YLR399W-A,0.0164827672683291,7
snR75_YJR151W-A,snR75,YJR151W-A,0.190055061430724,7
tM(CAU)Q2_YPR133W-A,tM(CAU)Q2,YPR133W-A,-0.0120965454269791,7
snR67_YJR151W-A,snR67,YJR151W-A,0.422524863086001,7
YPL189C-A_YPR182W,YPL189C-A,YPR182W,0.0344722566393914,7
YPL189C-A_YML058W,YPL189C-A,YML058W,0.01333039566795,7
YPL189C-A_YOR161W-A,YPL189C-A,YOR161W-A,0.0330063867912906,7
YPL189C-A_YGR063C,YPL189C-A,YGR063C,0.0125874477614083,7
YPL189C-A_snR77,YPL189C-A,snR77,0.0278451157526748,7
YPL189C-A_YGL006W-A,YPL189C-A,YGL006W-A,0.0194924512132108,7
YPL189C-A_YLR402W,YPL189C-A,YLR402W,0.0494359532060336,7
YPL189C-A_YLR110C,YPL189C-A,YLR110C,0.0129192476926884,7
YPL189C-A_YIL156W-B,YPL189C-A,YIL156W-B,0.0166023672520482,7
YPL189C-A_YLR327C,YPL189C-A,YLR327C,0.0129126471111025,7
YPL189C-A_YCL048W-A,YPL189C-A,YCL048W-A,0.0122166738242331,7
YPL189C-A_YGR169C-A,YPL189C-A,YGR169C-A,0.0136430283307276,7
YPL189C-A_YDR276C,YPL189C-A,YDR276C,0.032928500494767,7
YPL189C-A_YNR003W-A,YPL189C-A,YNR003W-A,0.0124422551333685,7
YPL189C-A_YMR122W-A,YPL189C-A,YMR122W-A,0.0172437479224683,7
YPL189C-A_YMR002W,YPL189C-A,YMR002W,0.0186830943280855,7
YPL189C-A_snR128,YPL189C-A,snR128,0.0418470596894295,7
YPL189C-A_YNL103W-A,YPL189C-A,YNL103W-A,0.0148233673018853,7
YPL189C-A_YDL012C,YPL189C-A,YDL012C,0.0104454270277504,7
YPL189C-A_YPL037C,YPL189C-A,YPL037C,0.0124493304898759,7
YPL189C-A_YCL057C-A,YPL189C-A,YCL057C-A,0.0157175618700065,7
YPL189C-A_YKL156W,YPL189C-A,YKL156W,0.0118178072182904,7
YPL189C-A_YBR230W-A,YPL189C-A,YBR230W-A,0.0143665522052595,7
YPL189C-A_YGR236C,YPL189C-A,YGR236C,0.0163113299608571,7
YPL189C-A_YEL017C-A,YPL189C-A,YEL017C-A,0.0236159706408017,7
YPL189C-A_YBR131C-A,YPL189C-A,YBR131C-A,0.0132434992815391,7
YPL189C-A_YBR162W-A,YPL189C-A,YBR162W-A,0.0112817835774309,7
YPL189C-A_tM(CAU)Q2,YPL189C-A,tM(CAU)Q2,0.0262720450952401,7
YPL189C-A_YKL138C-A,YPL189C-A,YKL138C-A,0.0109395031761554,7
YPL189C-A_YDR210W,YPL189C-A,YDR210W,0.02102370594212,7
YPL189C-A_YOL097W-A,YPL189C-A,YOL097W-A,0.0162625946777037,7
YPL189C-A_YFR049W,YPL189C-A,YFR049W,0.0122543367292532,7
YPL189C-A_YJR034W,YPL189C-A,YJR034W,0.0105938930818792,7
YPL189C-A_YDL181W,YPL189C-A,YDL181W,0.0142028572485702,7
YPL189C-A_YBR016W,YPL189C-A,YBR016W,0.0153082724828437,7
YPL189C-A_snR13,YPL189C-A,snR13,0.0114323837295596,7
YPL189C-A_YEL059C-A,YPL189C-A,YEL059C-A,0.0142647476998259,7
YPL189C-A_YDR524C-B,YPL189C-A,YDR524C-B,0.0300722215238111,7
YPL189C-A_YLR437C,YPL189C-A,YLR437C,0.010789834036808,7
YPL189C-A_YDR482C,YPL189C-A,YDR482C,0.0131479655907313,7
YPL189C-A_YMR174C,YPL189C-A,YMR174C,0.0110876742065415,7
YPL189C-A_snR8,YPL189C-A,snR8,0.0198334292473481,7
YPL189C-A_YJR114W,YPL189C-A,YJR114W,0.0167708273576425,7
YPL189C-A_YDR377W,YPL189C-A,YDR377W,0.0121644429591904,7
YPL189C-A_YPL096C-A,YPL189C-A,YPL096C-A,0.014580688963571,7
YPL189C-A_YDR371C-A,YPL189C-A,YDR371C-A,0.0154357236936835,7
YPL189C-A_YNR042W,YPL189C-A,YNR042W,0.0110680452002633,7
YPL189C-A_YLR099W-A,YPL189C-A,YLR099W-A,0.0271320938231001,7
YPL189C-A_YMR251W-A,YPL189C-A,YMR251W-A,0.0291391651987949,7
YPL189C-A_YJR085C,YPL189C-A,YJR085C,0.0176763962016341,7
YPL189C-A_YGR161W-C,YPL189C-A,YGR161W-C,0.0170213639903859,7
YPL189C-A_YJL064W,YPL189C-A,YJL064W,0.0133201206290543,7
YPL189C-A_YLL019W-A,YPL189C-A,YLL019W-A,0.0182743544003263,7
YPL189C-A_YCR024C-A,YPL189C-A,YCR024C-A,0.0319057313428904,7
YPL189C-A_YLR204W,YPL189C-A,YLR204W,0.0137401138367114,7
YPL189C-A_YPL271W,YPL189C-A,YPL271W,0.0155461643155248,7
YPL189C-A_YLR287C-A,YPL189C-A,YLR287C-A,0.0101019605082763,7
YPL189C-A_YLR399W-A,YPL189C-A,YLR399W-A,0.0292224176148592,7
YPL189C-A_YPL135C-A,YPL189C-A,YPL135C-A,0.0378669173958613,7
YOR302W_tP(UGG)Q,YOR302W,tP(UGG)Q,0.0664028329283096,7
YOR302W_YOR161W-A,YOR302W,YOR161W-A,0.0705908611854374,7
YOR302W_YML007C-A,YOR302W,YML007C-A,0.0471285658966763,7
YOR302W_snR18,YOR302W,snR18,-0.0848759732831223,7
YOR302W_YLR402W,YOR302W,YLR402W,0.0896657244288589,7
YOR302W_YDR034C-A,YOR302W,YDR034C-A,-0.0257864181629286,7
YOR302W_YGR169C-A,YOR302W,YGR169C-A,0.0256387331057166,7
YOR302W_YJL127W-A,YOR302W,YJL127W-A,0.0208453847605561,7
YOR302W_snR66,YOR302W,snR66,-0.0431066741875336,7
YOR302W_YAR035C-A,YOR302W,YAR035C-A,0.0230296191814896,7
YOR302W_YDR461W,YOR302W,YDR461W,0.0423904520821296,7
YOR302W_snR128,YOR302W,snR128,0.0708803014863173,7
YOR302W_YIR021W-A,YOR302W,YIR021W-A,0.0114191055958339,7
YOR302W_tE(UUC)Q,YOR302W,tE(UUC)Q,0.0664028329283098,7
YOR302W_tS(UGA)Q2,YOR302W,tS(UGA)Q2,0.0108561015700063,7
YOR302W_YGL063C-A,YOR302W,YGL063C-A,0.0231954444651232,7
YOR302W_YKL096W-A,YOR302W,YKL096W-A,0.0335174442642655,7
YOR302W_YPL152W-A,YOR302W,YPL152W-A,0.0605952605085762,7
YOR302W_YBR162W-A,YOR302W,YBR162W-A,0.0204130814782253,7
YOR302W_YPL189C-A,YOR302W,YPL189C-A,0.0635800280899861,7
YOR302W_tV(UAC)Q,YOR302W,tV(UAC)Q,0.0530926397160993,7
YOR302W_YLR162W-A,YOR302W,YLR162W-A,-0.0347485354486843,7
YOR302W_YHR022C-A,YOR302W,YHR022C-A,0.0152459091754452,7
YOR302W_YMR256C,YOR302W,YMR256C,0.0367902466146137,7
YOR302W_tX(XXX)D,YOR302W,tX(XXX)D,0.0222501902522949,7
YOR302W_YDR118W-A,YOR302W,YDR118W-A,-0.0163987139973984,7
YOR302W_YJL077W-A,YOR302W,YJL077W-A,0.0409661149907091,7
YOR302W_snR79,YOR302W,snR79,0.10420324616748,7
YER090C-A_YKL106C-A,YER090C-A,YKL106C-A,0.0479297218795609,7
YER090C-A_YJL136W-A,YER090C-A,YJL136W-A,0.0160014412023919,7
YER090C-A_snR87,YER090C-A,snR87,0.0228156912099177,7
YER090C-A_YKL162C-A,YER090C-A,YKL162C-A,0.0154909565054748,7
YER090C-A_YGR174W-A,YER090C-A,YGR174W-A,0.0124261013312176,7
YER090C-A_snR50,YER090C-A,snR50,0.0239914664387795,7
YER090C-A_tR(CCG)L,YER090C-A,tR(CCG)L,0.0172178419745063,7
YER090C-A_YMR182W-A,YER090C-A,YMR182W-A,0.0245058772689578,7
YER090C-A_snR72,YER090C-A,snR72,0.0112184606834571,7
YER090C-A_YGL188C-A,YER090C-A,YGL188C-A,0.0135542592714228,7
YER090C-A_tN(GUU)Q,YER090C-A,tN(GUU)Q,0.0113843190016397,7
YER090C-A_tR(CCU)J,YER090C-A,tR(CCU)J,0.0237020156693893,7
YER090C-A_snR65,YER090C-A,snR65,0.0128220506902781,7
YER090C-A_YNL144W-A,YER090C-A,YNL144W-A,0.0179447339821115,7
YER090C-A_YLR299C-A,YER090C-A,YLR299C-A,0.0228077287895569,7
snR24_snR71,snR24,snR71,0.0466404028330644,7
snR24_YPL152W-A,snR24,YPL152W-A,0.0512599682741582,7
snR24_YGL007C-A,snR24,YGL007C-A,0.0447155060977476,7
snR24_YDL114W-A,snR24,YDL114W-A,0.0438410957390176,7
YOL097W-A_YLR154W-F,YOL097W-A,YLR154W-F,0.0218747143200024,7
YMR182W-A_YJL136W-A,YMR182W-A,YJL136W-A,0.0136342367795717,7
YMR182W-A_YKL162C-A,YMR182W-A,YKL162C-A,0.0127084427499233,7
YMR182W-A_tR(CCG)L,YMR182W-A,tR(CCG)L,0.0157536713435099,7
YMR182W-A_YGL188C-A,YMR182W-A,YGL188C-A,0.012110168328302,7
YMR182W-A_tN(GUU)Q,YMR182W-A,tN(GUU)Q,0.0103902297514424,7
YMR182W-A_snR65,YMR182W-A,snR65,0.0112741512453121,7
YDL067C_YBL071C-B,YDL067C,YBL071C-B,0.0120319526549886,7
YDL067C_snR58,YDL067C,snR58,0.0142977708463027,7
YDL067C_YKL100W-A,YDL067C,YKL100W-A,0.0184228863688323,7
YDL067C_YHL015W-A,YDL067C,YHL015W-A,0.0172094922740972,7
tV(UAC)Q_snR69,tV(UAC)Q,snR69,-0.0278395856828881,7
tV(UAC)Q_tM(CAU)Q2,tV(UAC)Q,tM(CAU)Q2,0.03002022404298,7
tV(UAC)Q_YBR221W-A,tV(UAC)Q,YBR221W-A,-0.0102877917221331,7
tV(UAC)Q_YPR133W-A,tV(UAC)Q,YPR133W-A,-0.013442968579138,7
tV(UAC)Q_snR59,tV(UAC)Q,snR59,-0.0366963412486594,7
tV(UAC)Q_YGL007C-A,tV(UAC)Q,YGL007C-A,0.0294805014003859,7
YJR151W-A_YMR315W-A,YJR151W-A,YMR315W-A,0.0504451545360695,7
YJR151W-A_snR61,YJR151W-A,snR61,0.0623173589950233,7
YJR151W-A_snR57,YJR151W-A,snR57,0.0631609719804419,7
YJR151W-A_snR54,YJR151W-A,snR54,0.0491844697218979,7
YJR151W-A_YEL020C-B,YJR151W-A,YEL020C-B,0.0162018901307301,7
YJR151W-A_YJR140W-A,YJR151W-A,YJR140W-A,0.0220194585605733,7
YJR151W-A_YLR364C-A,YJR151W-A,YLR364C-A,0.0188761087458166,7
YJR151W-A_snR76,YJR151W-A,snR76,0.144501132711522,7
YJR151W-A_YDR034C-A,YJR151W-A,YDR034C-A,0.0788872114361077,7
YJR151W-A_YPR160W-A,YJR151W-A,YPR160W-A,0.101547827936972,7
YJR151W-A_YBL039C-A,YJR151W-A,YBL039C-A,0.0343529362350654,7
YJR151W-A_snR71,YJR151W-A,snR71,0.103777440463189,7
YJR151W-A_snR66,YJR151W-A,snR66,0.153976605403993,7
YJR151W-A_YOR335W-A,YJR151W-A,YOR335W-A,0.0941328833319152,7
YJR151W-A_YDL184C,YJR151W-A,YDL184C,0.240886787599226,7
YJR151W-A_snR58,YJR151W-A,snR58,0.116083818290993,7
YJR151W-A_YMR272W-B,YJR151W-A,YMR272W-B,0.0338780459312526,7
YJR151W-A_snR75,YJR151W-A,snR75,0.196202898942353,7
YJR151W-A_snR67,YJR151W-A,snR67,0.418602966627581,7
YJR151W-A_YOR302W,YJR151W-A,YOR302W,-0.151917771541196,7
YJR151W-A_snR24,YJR151W-A,snR24,0.159716924033828,7
YJR151W-A_YBR141W-A,YJR151W-A,YBR141W-A,-0.141033126435771,7
YJR151W-A_snR51,YJR151W-A,snR51,0.0692583777650837,7
YJR151W-A_YLR162W-A,YJR151W-A,YLR162W-A,0.119062051949316,7
YJR151W-A_YER053C-A,YJR151W-A,YER053C-A,0.194191767586444,7
YJR151W-A_YLR163W-A,YJR151W-A,YLR163W-A,0.14796567242431,7
YJR151W-A_YBR296C-A,YJR151W-A,YBR296C-A,0.0251099737469547,7
YJR151W-A_YLR264C-A,YJR151W-A,YLR264C-A,0.0172056682737892,7
YJR151W-A_YDR118W-A,YJR151W-A,YDR118W-A,0.0498097411864856,7
YJR151W-A_YDR003W-A,YJR151W-A,YDR003W-A,0.0195538830332566,7
YJR151W-A_YAL037C-A,YJR151W-A,YAL037C-A,0.046650715695542,7
YJR151W-A_YKL100W-A,YJR151W-A,YKL100W-A,0.155061898832563,7
YJR151W-A_snR53,YJR151W-A,snR53,0.0428305330353203,7
YJR151W-A_YDR524C-A,YJR151W-A,YDR524C-A,0.0193164848924377,7
YJR151W-A_YHL015W-A,YJR151W-A,YHL015W-A,0.153323396250493,7
YJR151W-A_YBL100W-C,YJR151W-A,YBL100W-C,0.0158657825995961,7
YJR151W-A_YLR154W-F,YJR151W-A,YLR154W-F,0.331075861264739,7
YJR151W-A_YDL114W-A,YJR151W-A,YDL114W-A,0.0983587927600083,7
YBR141W-A_YKL106C-A,YBR141W-A,YKL106C-A,0.0790783423981958,7
YBR141W-A_RNA170,YBR141W-A,RNA170,0.0172332316743025,7
YBR141W-A_YJL205C,YBR141W-A,YJL205C,0.0331871938706439,7
YBR141W-A_YCR038W-A,YBR141W-A,YCR038W-A,0.0560757268202657,7
YBR141W-A_YJL136W-A,YBR141W-A,YJL136W-A,0.0273905905277277,7
YBR141W-A_YBL006W-A,YBR141W-A,YBL006W-A,0.0365200065920398,7
YBR141W-A_YEL008C-A,YBR141W-A,YEL008C-A,0.0667158150619699,7
YBR141W-A_YNL097W-A,YBR141W-A,YNL097W-A,0.0627185325878272,7
YBR141W-A_YER090C-A,YBR141W-A,YER090C-A,0.0457336308130935,7
YBR141W-A_snR50,YBR141W-A,snR50,0.0398321811397243,7
YBR141W-A_YBR196C-B,YBR141W-A,YBR196C-B,0.0147743634610767,7
YBR141W-A_snR65,YBR141W-A,snR65,0.0193842714397551,7
YBR141W-A_YDL025W-A,YBR141W-A,YDL025W-A,0.016397380394909,7
YBR141W-A_snR39B,YBR141W-A,snR39B,0.0631562639182871,7
YBR141W-A_snR79,YBR141W-A,snR79,0.0719617855058171,7
YLL018C-A_YBR126W-B,YLL018C-A,YBR126W-B,0.0100690253925519,7
YER053C-A_YMR272W-A,YER053C-A,YMR272W-A,0.0730417687888338,7
YER053C-A_YJR151W-A,YER053C-A,YJR151W-A,0.183752475185588,7
YDR524C-B_YMR251W-A,YDR524C-B,YMR251W-A,0.0219051912617476,7
tR(CCU)J_YJL136W-A,tR(CCU)J,YJL136W-A,0.0132403231693726,7
tR(CCU)J_YGR174W-A,tR(CCU)J,YGR174W-A,0.0114399744207548,7
tR(CCU)J_tR(CCG)L,tR(CCU)J,tR(CCG)L,0.0158800979683276,7
tR(CCU)J_snR72,tR(CCU)J,snR72,0.0103786618791879,7
tR(CCU)J_tN(GUU)Q,tR(CCU)J,tN(GUU)Q,0.0104442608675198,7
tR(CCU)J_snR65,tR(CCU)J,snR65,0.0111350392992977,7
tR(CCU)J_YNL144W-A,tR(CCU)J,YNL144W-A,0.0165561420857002,7
YPL096C-A_YLR154W-F,YPL096C-A,YLR154W-F,0.0197505700095371,7
YKL100W-A_YMR272W-A,YKL100W-A,YMR272W-A,0.056211975506541,7
YKL100W-A_YER053C-A,YKL100W-A,YER053C-A,0.0614338392827672,7
snR59_YEL032C-A,snR59,YEL032C-A,0.0667320522085092,7
snR59_YDL232W,snR59,YDL232W,0.130458793281969,7
snR59_snR69,snR59,snR69,0.0423101389506785,7
snR59_YLR154W-E,snR59,YLR154W-E,0.0161266075767028,7
snR59_snR38,snR59,snR38,0.0191384787263156,7
snR59_YDR118W-A,snR59,YDR118W-A,0.0153188576701028,7
YCR047W-A_YJL205C,YCR047W-A,YJL205C,0.0144785789461151,7
YCR047W-A_YCR038W-A,YCR047W-A,YCR038W-A,0.0237432310377054,7
YCR047W-A_YBL006W-A,YCR047W-A,YBL006W-A,0.0155002734114447,7
YCR047W-A_YBR126W-A,YCR047W-A,YBR126W-A,0.0140583882861041,7
YLR099W-A_snR77,YLR099W-A,snR77,0.0189348145063264,7
YLR099W-A_YOR314W-A,YLR099W-A,YOR314W-A,0.0115866008357935,7
YMR251W-A_snR77,YMR251W-A,snR77,0.0234230412002214,7
YMR251W-A_YGL006W-A,YMR251W-A,YGL006W-A,0.0153238845142012,7
YMR251W-A_YOR314W-A,YMR251W-A,YOR314W-A,0.0149212689658188,7
YMR251W-A_YHR073C-B,YMR251W-A,YHR073C-B,0.0207040258278537,7
YMR251W-A_YDR371C-A,YMR251W-A,YDR371C-A,0.0122507367109479,7
snR39_tP(UGG)Q,snR39,tP(UGG)Q,-0.0736016714588972,7
snR39_YDL232W,snR39,YDL232W,0.217614469654282,7
snR39_snR18,snR39,snR18,0.185452329073319,7
snR39_YLR149C-A,snR39,YLR149C-A,0.0380029450989381,7
snR39_YDL159W-A,snR39,YDL159W-A,0.0208776362938035,7
snR39_tV(AAC)O,snR39,tV(AAC)O,0.0645582170326228,7
snR39_tE(UUC)Q,snR39,tE(UUC)Q,-0.0736016714588967,7
snR39_YDL133C-A,snR39,YDL133C-A,0.0353669765760269,7
snR39_YHR073W-A,snR39,YHR073W-A,0.0519877593481844,7
snR39_YER090C-A,snR39,YER090C-A,0.0648513138603977,7
snR39_YMR182W-A,snR39,YMR182W-A,0.0550108281267841,7
snR39_YJL047C-A,snR39,YJL047C-A,0.0125795666594103,7
snR39_snR78,snR39,snR78,0.0455609363238263,7
YHL015W-A_YMR272W-A,YHL015W-A,YMR272W-A,0.0547836052981166,7
YGL007C-A_snR76,YGL007C-A,snR76,0.0219612517103645,7
YGL007C-A_snR71,YGL007C-A,snR71,0.0270944251654991,7
YGL007C-A_YGR174W-A,YGL007C-A,YGR174W-A,-0.0120545961163047,7
YGL007C-A_tR(CCG)L,YGL007C-A,tR(CCG)L,-0.0167716010319503,7
YGL007C-A_snR72,YGL007C-A,snR72,-0.0109853437250207,7
YGL007C-A_YGL188C-A,YGL007C-A,YGL188C-A,-0.0122876732395794,7
YGL007C-A_tN(GUU)Q,YGL007C-A,tN(GUU)Q,-0.0109880059662645,7
YGL007C-A_tR(CCU)J,YGL007C-A,tR(CCU)J,-0.023183195691161,7
YGL007C-A_YNL144W-A,YGL007C-A,YNL144W-A,-0.0174642761709477,7
snR39B_YJL205C,snR39B,YJL205C,0.0177809043585974,7
snR39B_YGR068W-A,snR39B,YGR068W-A,0.0231933075529611,7
snR39B_YCR038W-A,snR39B,YCR038W-A,0.0299582770854193,7
snR39B_YBL006W-A,snR39B,YBL006W-A,0.0197950036672339,7
snR39B_YML129C,snR39B,YML129C,0.0211300517775765,7
snR39B_YEL008C-A,snR39B,YEL008C-A,0.0407059623475442,7
snR39B_snR64,snR39B,snR64,0.024457464652927,7
snR39B_YNL097W-A,snR39B,YNL097W-A,0.0417426464564148,7
snR39B_YKL156C-A,snR39B,YKL156C-A,0.0322514273254255,7
snR39B_snR40,snR39B,snR40,0.0325562851702529,7
snR39B_YML009C,snR39B,YML009C,0.0106194225004973,7
snR39B_snR81,snR39B,snR81,0.0160504424304088,7
snR39B_YKR057W,snR39B,YKR057W,0.0163633934847785,7
snR39B_YLL018C-A,snR39B,YLL018C-A,0.0217128585212382,7
snR39B_YBR126W-B,snR39B,YBR126W-B,0.0172088339600377,7
snR39B_YHR131W-A,snR39B,YHR131W-A,0.010366794182769,7
snR39B_YOL155W-A,snR39B,YOL155W-A,0.0102202617918481,7
snR39B_YCR047W-A,snR39B,YCR047W-A,0.0235065339113297,7
snR39B_YGR161W-C,snR39B,YGR161W-C,0.0161131468345771,7
snR39B_YCR024C-A,snR39B,YCR024C-A,0.0352930775641001,7
snR39B_YJR020W,snR39B,YJR020W,0.0106480203979807,7
snR39B_YER138W-A,snR39B,YER138W-A,0.0164951613964378,7
snR39B_YMR242W-A,snR39B,YMR242W-A,0.0124782400069117,7
YCR024C-A_YLR262C-A,YCR024C-A,YLR262C-A,0.0103675766958925,7
YCR024C-A_YJL205C,YCR024C-A,YJL205C,0.0133353375417183,7
YCR024C-A_YGR068W-A,YCR024C-A,YGR068W-A,0.0210297300156681,7
YCR024C-A_YCR038W-A,YCR024C-A,YCR038W-A,0.0225271573423579,7
YCR024C-A_YBL006W-A,YCR024C-A,YBL006W-A,0.0150950512897635,7
YCR024C-A_YML129C,YCR024C-A,YML129C,0.0193139929257248,7
YCR024C-A_YEL008C-A,YCR024C-A,YEL008C-A,0.0348251957579148,7
YCR024C-A_YIL156W-B,YCR024C-A,YIL156W-B,0.0142171600523762,7
YCR024C-A_YLR327C,YCR024C-A,YLR327C,0.0106690926347589,7
YCR024C-A_snR64,YCR024C-A,snR64,0.0219944175169859,7
YCR024C-A_YNL097W-A,YCR024C-A,YNL097W-A,0.0383681570633314,7
YCR024C-A_YKL156C-A,YCR024C-A,YKL156C-A,0.0280408034785527,7
YCR024C-A_YDR476C,YCR024C-A,YDR476C,0.0102257935670418,7
YCR024C-A_YKL156W,YCR024C-A,YKL156W,0.0101953154973013,7
YCR024C-A_snR40,YCR024C-A,snR40,0.0295259913624023,7
YCR024C-A_YEL017C-A,YCR024C-A,YEL017C-A,0.0196077172720923,7
YCR024C-A_YOL097W-A,YCR024C-A,YOL097W-A,0.0135093725323335,7
YCR024C-A_snR81,YCR024C-A,snR81,0.0145439964488462,7
YCR024C-A_YLL018C-A,YCR024C-A,YLL018C-A,0.0206818586581241,7
YCR024C-A_YBR056C-B,YCR024C-A,YBR056C-B,0.0149391775798371,7
YCR024C-A_YBR126W-B,YCR024C-A,YBR126W-B,0.0156002275810504,7
YCR024C-A_YLR437C,YCR024C-A,YLR437C,0.0101109079994244,7
YCR024C-A_YDR482C,YCR024C-A,YDR482C,0.011501480779973,7
YCR024C-A_YCR047W-A,YCR024C-A,YCR047W-A,0.0182540640109523,7
YCR024C-A_YGR161W-C,YCR024C-A,YGR161W-C,0.0159004412303555,7
YCR024C-A_snR39B,YCR024C-A,snR39B,0.0349083334716378,7
YCR024C-A_YJL064W,YCR024C-A,YJL064W,0.011420205450571,7
YCR024C-A_YJR020W,YCR024C-A,YJR020W,0.0101002423148774,7
YCR024C-A_YER138W-A,YCR024C-A,YER138W-A,0.0159477816622394,7
YCR024C-A_YLR204W,YCR024C-A,YLR204W,0.0109842689403897,7
YCR024C-A_YMR242W-A,YCR024C-A,YMR242W-A,0.0104359371609872,7
snR79_YPR182W,snR79,YPR182W,0.0490173262674626,7
snR79_YOR161W-A,snR79,YOR161W-A,0.0539556928187308,7
snR79_YGR063C,snR79,YGR063C,0.018923556023802,7
snR79_YML007C-A,snR79,YML007C-A,0.0379541471554851,7
snR79_YLR402W,snR79,YLR402W,0.0743982868758003,7
snR79_YEL008C-A,snR79,YEL008C-A,0.0505939986759686,7
snR79_YGR169C-A,snR79,YGR169C-A,0.0206037974608597,7
snR79_YJL127W-A,snR79,YJL127W-A,0.0174043905809857,7
snR79_YMR122W-A,snR79,YMR122W-A,0.0254622293612385,7
snR79_YAR035C-A,snR79,YAR035C-A,0.0180598677499043,7
snR79_YNL097W-A,snR79,YNL097W-A,0.0615973419057024,7
snR79_YMR002W,snR79,YMR002W,0.029537005079046,7
snR79_YDR461W,snR79,YDR461W,0.0332694908272418,7
snR79_snR128,snR79,snR128,0.0604585928816687,7
snR79_YCL057C-A,snR79,YCL057C-A,0.0238641409655297,7
snR79_YGL063C-A,snR79,YGL063C-A,0.0175334912016315,7
snR79_YKL096W-A,snR79,YKL096W-A,0.0268097916654137,7
snR79_YML101C-A,snR79,YML101C-A,0.0101298974361552,7
snR79_YER153C,snR79,YER153C,0.0146298872087267,7
snR79_YBR162W-A,snR79,YBR162W-A,0.016755497154971,7
snR79_YPL189C-A,snR79,YPL189C-A,0.057246025689213,7
snR79_YOR302W,snR79,YOR302W,0.108379812529243,7
snR79_YDR408C,snR79,YDR408C,0.01253594389437,7
snR79_YOR146W,snR79,YOR146W,0.0137481194051311,7
snR79_YBR141W-A,snR79,YBR141W-A,0.0697785392821018,7
snR79_YNL097C-B,snR79,YNL097C-B,0.0144004377975589,7
snR79_YHR022C-A,snR79,YHR022C-A,0.0119558684159512,7
snR79_YER058W,snR79,YER058W,0.0125495830931518,7
snR79_YIR016W,snR79,YIR016W,0.0123976339383022,7
snR79_YBR016W,snR79,YBR016W,0.0225386937319096,7
snR79_YDR524C-B,snR79,YDR524C-B,0.0428760423196214,7
snR79_YMR256C,snR79,YMR256C,0.0297531495554287,7
snR79_tX(XXX)D,snR79,tX(XXX)D,0.0184147084185857,7
snR79_YJR114W,snR79,YJR114W,0.0244552106216551,7
snR79_YDR377W,snR79,YDR377W,0.0174382115639313,7
snR79_YJL077W-A,snR79,YJL077W-A,0.0338238544858434,7
snR79_snR62,snR79,snR62,0.0105066254079832,7
snR79_snR39B,snR79,snR39B,0.0501795785695324,7
snR79_YCR024C-A,snR79,YCR024C-A,0.0528270330062632,7
snR79_YLR287C-A,snR79,YLR287C-A,0.0164010742186097,7
snR79_YIL087C,snR79,YIL087C,0.0143366648374144,7
snR79_YPL135C-A,snR79,YPL135C-A,0.058792895422493,7
YLR154W-F_YJR151W-A,YLR154W-F,YJR151W-A,0.330502855358153,7
YLR399W-A_YDR354C-A,YLR399W-A,YDR354C-A,0.0149136450880965,7
YLR399W-A_YBL071C-B,YLR399W-A,YBL071C-B,0.0140376998100402,7
YLR399W-A_snR76,YLR399W-A,snR76,0.0207187911692407,7
YLR399W-A_YOL097W-A,YLR399W-A,YOL097W-A,0.0129701434737757,7
YLR399W-A_YLR286W-A,YLR399W-A,YLR286W-A,0.0156457797239361,7
YLR399W-A_YLR163W-A,YLR399W-A,YLR163W-A,0.0152542222872329,7
YLR399W-A_snR8,YLR399W-A,snR8,0.0154809198862109,7
YLR399W-A_YPL096C-A,YLR399W-A,YPL096C-A,0.0110669760872911,7
YLR399W-A_YHL015W-A,YLR399W-A,YHL015W-A,0.0175033378833463,7
YLR399W-A_YLR154W-F,YLR399W-A,YLR154W-F,0.0364210302307736,7
YLR399W-A_YDL114W-A,YLR399W-A,YDL114W-A,0.0200946114966202,7
YPL135C-A_YPR182W,YPL135C-A,YPR182W,0.032887431447777,7
YPL135C-A_YGR063C,YPL135C-A,YGR063C,0.0119032033154749,7
YPL135C-A_YLR110C,YPL135C-A,YLR110C,0.0113017076613106,7
YPL135C-A_YIL156W-B,YPL135C-A,YIL156W-B,0.0160324463945162,7
YPL135C-A_YLR327C,YPL135C-A,YLR327C,0.0122505891767496,7
YPL135C-A_YJL127W-A,YPL135C-A,YJL127W-A,0.0102214940073519,7
YPL135C-A_YDR276C,YPL135C-A,YDR276C,0.0281134231597328,7
YPL135C-A_YMR122W-A,YPL135C-A,YMR122W-A,0.0162584186950598,7
YPL135C-A_YNL097W-A,YPL135C-A,YNL097W-A,0.0390663292679836,7
YPL135C-A_YMR002W,YPL135C-A,YMR002W,0.0185817586952361,7
YPL135C-A_YDR476C,YPL135C-A,YDR476C,0.0111093613828079,7
YPL135C-A_YPL037C,YPL135C-A,YPL037C,0.0107950121371772,7
YPL135C-A_YCL057C-A,YPL135C-A,YCL057C-A,0.0151567160933287,7
YPL135C-A_YKL156W,YPL135C-A,YKL156W,0.0115603099872953,7
YPL135C-A_YBR230W-A,YPL135C-A,YBR230W-A,0.0124457466753565,7
YPL135C-A_YGR236C,YPL135C-A,YGR236C,0.0138947447389635,7
YPL135C-A_YEL017C-A,YPL135C-A,YEL017C-A,0.0223269513802771,7
YPL135C-A_YDR210W,YPL135C-A,YDR210W,0.0186550592009412,7
YPL135C-A_YFR049W,YPL135C-A,YFR049W,0.0111708734441874,7
YPL135C-A_YLL018C-A,YPL135C-A,YLL018C-A,0.0218465764605926,7
YPL135C-A_YDL181W,YPL135C-A,YDL181W,0.0122219676427673,7
YPL135C-A_YBR126W-B,YPL135C-A,YBR126W-B,0.0157575078229993,7
YPL135C-A_YBR016W,YPL135C-A,YBR016W,0.0144452435695162,7
YPL135C-A_YEL059C-A,YPL135C-A,YEL059C-A,0.0128432960289085,7
YPL135C-A_YLR437C,YPL135C-A,YLR437C,0.0110603661484627,7
YPL135C-A_YDR482C,YPL135C-A,YDR482C,0.0129585705699466,7
YPL135C-A_YNR042W,YPL135C-A,YNR042W,0.0103490687684096,7
YPL135C-A_YLR099W-A,YPL135C-A,YLR099W-A,0.0238933275176361,7
YPL135C-A_YJR085C,YPL135C-A,YJR085C,0.0154063103874852,7
YPL135C-A_YGR161W-C,YPL135C-A,YGR161W-C,0.0172012506551911,7
YPL135C-A_YJL064W,YPL135C-A,YJL064W,0.0128440054252451,7
YPL135C-A_YCR024C-A,YPL135C-A,YCR024C-A,0.0346394593096805,7
YPL135C-A_YJR020W,YPL135C-A,YJR020W,0.0106009962507379,7
YPL135C-A_snR79,YPL135C-A,snR79,0.058179008507774,7
YPL135C-A_YER138W-A,YPL135C-A,YER138W-A,0.0168665902555043,7
YPL135C-A_YLR204W,YPL135C-A,YLR204W,0.0127108395463935,7
YPL135C-A_YPL271W,YPL135C-A,YPL271W,0.0145510690360545,7
YPL135C-A_YLR287C-A,YPL135C-A,YLR287C-A,0.0100943293473552,7
